customer_id,city,province,region,signup_date
CUST-00001,Quezon City,Metro Manila,NCR,2023-02-18
CUST-00002,Malolos,Bulacan,Central Luzon,2023-12-02
CUST-00003,Manila,Metro Manila,NCR,2023-05-13
CUST-00004,Cagayan de Oro,Misamis Oriental,Northern Mindanao,2023-02-17
CUST-00005,Malolos,Bulacan,Central Luzon,2023-12-21
CUST-00006,Caloocan,Metro Manila,NCR,2023-06-27
CUST-00007,Malolos,Bulacan,Central Luzon,2023-12-04
CUST-00008,Quezon City,Metro Manila,NCR,2023-10-29
CUST-00009,Zamboanga City,Zamboanga del Sur,Zamboanga Peninsula,2023-07-08
CUST-00010,Santa Rosa,Laguna,Calabarzon,2023-09-04
CUST-00011,Iloilo City,Iloilo,Western Visayas,2023-12-01
CUST-00012,Quezon City,Metro Manila,NCR,2023-03-15
CUST-00013,Santa Rosa,Laguna,Calabarzon,2023-10-19
CUST-00014,Lipa,Batangas,Calabarzon,2023-02-18
CUST-00015,Cagayan de Oro,Misamis Oriental,Northern Mindanao,2023-10-29
CUST-00016,Malolos,Bulacan,Central Luzon,2023-06-26
CUST-00017,Santa Rosa,Laguna,Calabarzon,2023-04-11
CUST-00018,Taguig,Metro Manila,NCR,2023-07-10
CUST-00019,Caloocan,Metro Manila,NCR,2023-08-02
CUST-00020,Lipa,Batangas,Calabarzon,2023-04-02
CUST-00021,Bacoor,Cavite,Calabarzon,2023-12-28
CUST-00022,Quezon City,Metro Manila,NCR,2023-03-06
CUST-00023,Tacloban,Leyte,Eastern Visayas,2023-04-25
CUST-00024,Davao City,Davao del Sur,Davao Region,2023-03-28
CUST-00025,Manila,Metro Manila,NCR,2023-08-01
CUST-00026,Angeles,Pampanga,Central Luzon,2023-08-14
CUST-00027,Manila,Metro Manila,NCR,2023-06-07
CUST-00028,Cebu City,Cebu,Central Visayas,2023-05-12
CUST-00029,Pasig,Metro Manila,NCR,2023-01-29
CUST-00030,Cebu City,Cebu,Central Visayas,2023-02-23
CUST-00031,Mandaue,Cebu,Central Visayas,2023-12-13
CUST-00032,Iloilo City,Iloilo,Western Visayas,2023-11-07
CUST-00033,Manila,Metro Manila,NCR,2023-01-21
CUST-00034,Davao City,Davao del Sur,Davao Region,2023-08-13
CUST-00035,Taguig,Metro Manila,NCR,2023-06-04
CUST-00036,Quezon City,Metro Manila,NCR,2023-12-12
CUST-00037,Angeles,Pampanga,Central Luzon,2023-11-24
CUST-00038,Antipolo,Rizal,Calabarzon,2023-08-05
CUST-00039,Tacloban,Leyte,Eastern Visayas,2023-04-15
CUST-00040,Bacolod,Negros Occidental,Western Visayas,2023-03-26
CUST-00041,Pasig,Metro Manila,NCR,2023-02-09
CUST-00042,Zamboanga City,Zamboanga del Sur,Zamboanga Peninsula,2023-10-22
CUST-00043,Pasig,Metro Manila,NCR,2023-10-20
CUST-00044,Lipa,Batangas,Calabarzon,2023-06-18
CUST-00045,Taguig,Metro Manila,NCR,2023-06-16
CUST-00046,Cagayan de Oro,Misamis Oriental,Northern Mindanao,2023-12-19
CUST-00047,Manila,Metro Manila,NCR,2023-07-22
CUST-00048,Quezon City,Metro Manila,NCR,2023-02-08
CUST-00049,Bacoor,Cavite,Calabarzon,2023-11-03
CUST-00050,General Santos,South Cotabato,SOCCSKSARGEN,2023-03-08
CUST-00051,Davao City,Davao del Sur,Davao Region,2023-07-22
CUST-00052,Mandaue,Cebu,Central Visayas,2023-06-24
CUST-00053,Davao City,Davao del Sur,Davao Region,2023-05-12
CUST-00054,Davao City,Davao del Sur,Davao Region,2023-04-19
CUST-00055,Lipa,Batangas,Calabarzon,2023-05-14
CUST-00056,Pasig,Metro Manila,NCR,2023-11-25
CUST-00057,Iloilo City,Iloilo,Western Visayas,2023-09-16
CUST-00058,Cebu City,Cebu,Central Visayas,2023-02-27
CUST-00059,Antipolo,Rizal,Calabarzon,2023-12-18
CUST-00060,Quezon City,Metro Manila,NCR,2023-04-15
CUST-00061,Mandaue,Cebu,Central Visayas,2023-06-26
CUST-00062,Taguig,Metro Manila,NCR,2023-11-19
CUST-00063,Cagayan de Oro,Misamis Oriental,Northern Mindanao,2023-11-18
CUST-00064,Taguig,Metro Manila,NCR,2023-01-09
CUST-00065,Manila,Metro Manila,NCR,2023-12-21
CUST-00066,Tacloban,Leyte,Eastern Visayas,2023-12-24
CUST-00067,Manila,Metro Manila,NCR,2023-12-26
CUST-00068,Makati,Metro Manila,NCR,2023-05-17
CUST-00069,Malolos,Bulacan,Central Luzon,2023-01-28
CUST-00070,Davao City,Davao del Sur,Davao Region,2023-10-31
CUST-00071,Makati,Metro Manila,NCR,2023-03-17
CUST-00072,Pasig,Metro Manila,NCR,2023-04-14
CUST-00073,Iloilo City,Iloilo,Western Visayas,2023-10-10
CUST-00074,Zamboanga City,Zamboanga del Sur,Zamboanga Peninsula,2023-12-07
CUST-00075,Lipa,Batangas,Calabarzon,2023-07-07
CUST-00076,Manila,Metro Manila,NCR,2023-12-03
CUST-00077,Quezon City,Metro Manila,NCR,2023-11-21
CUST-00078,Taguig,Metro Manila,NCR,2023-07-15
CUST-00079,Manila,Metro Manila,NCR,2023-03-10
CUST-00080,Cebu City,Cebu,Central Visayas,2023-01-04
CUST-00081,Manila,Metro Manila,NCR,2023-05-17
CUST-00082,Lipa,Batangas,Calabarzon,2023-09-23
CUST-00083,Cebu City,Cebu,Central Visayas,2023-09-04
CUST-00084,Malolos,Bulacan,Central Luzon,2023-05-23
CUST-00085,Makati,Metro Manila,NCR,2023-10-30
CUST-00086,Bacolod,Negros Occidental,Western Visayas,2023-06-26
CUST-00087,Cebu City,Cebu,Central Visayas,2023-03-27
CUST-00088,Mandaue,Cebu,Central Visayas,2023-02-28
CUST-00089,Manila,Metro Manila,NCR,2023-12-11
CUST-00090,Manila,Metro Manila,NCR,2023-09-18
CUST-00091,Cagayan de Oro,Misamis Oriental,Northern Mindanao,2023-09-30
CUST-00092,Antipolo,Rizal,Calabarzon,2023-06-13
CUST-00093,Pasig,Metro Manila,NCR,2023-10-26
CUST-00094,Lipa,Batangas,Calabarzon,2023-01-20
CUST-00095,Cebu City,Cebu,Central Visayas,2023-02-01
CUST-00096,Zamboanga City,Zamboanga del Sur,Zamboanga Peninsula,2023-09-02
CUST-00097,Pasig,Metro Manila,NCR,2023-08-06
CUST-00098,Cagayan de Oro,Misamis Oriental,Northern Mindanao,2023-07-25
CUST-00099,Quezon City,Metro Manila,NCR,2023-12-17
CUST-00100,Angeles,Pampanga,Central Luzon,2023-02-11
CUST-00101,Legazpi,Albay,Bicol,2023-03-23
CUST-00102,Quezon City,Metro Manila,NCR,2023-09-02
CUST-00103,Manila,Metro Manila,NCR,2023-06-16
CUST-00104,Bacoor,Cavite,Calabarzon,2023-08-16
CUST-00105,Zamboanga City,Zamboanga del Sur,Zamboanga Peninsula,2023-10-10
CUST-00106,Malolos,Bulacan,Central Luzon,2023-09-12
CUST-00107,Cagayan de Oro,Misamis Oriental,Northern Mindanao,2023-11-23
CUST-00108,Bacolod,Negros Occidental,Western Visayas,2023-03-12
CUST-00109,Santa Rosa,Laguna,Calabarzon,2023-05-08
CUST-00110,Iloilo City,Iloilo,Western Visayas,2023-01-27
CUST-00111,Quezon City,Metro Manila,NCR,2023-12-30
CUST-00112,Manila,Metro Manila,NCR,2023-05-16
CUST-00113,Tacloban,Leyte,Eastern Visayas,2023-06-11
CUST-00114,Bacolod,Negros Occidental,Western Visayas,2023-05-19
CUST-00115,Taguig,Metro Manila,NCR,2023-01-05
CUST-00116,Angeles,Pampanga,Central Luzon,2023-08-12
CUST-00117,Malolos,Bulacan,Central Luzon,2023-11-11
CUST-00118,Davao City,Davao del Sur,Davao Region,2023-12-28
CUST-00119,Malolos,Bulacan,Central Luzon,2023-07-06
CUST-00120,Bacoor,Cavite,Calabarzon,2023-10-30
CUST-00121,Antipolo,Rizal,Calabarzon,2023-11-11
CUST-00122,Bacoor,Cavite,Calabarzon,2023-11-09
CUST-00123,Legazpi,Albay,Bicol,2023-09-22
CUST-00124,Davao City,Davao del Sur,Davao Region,2023-11-20
CUST-00125,Santa Rosa,Laguna,Calabarzon,2023-07-08
CUST-00126,Taguig,Metro Manila,NCR,2023-05-08
CUST-00127,Taguig,Metro Manila,NCR,2023-09-18
CUST-00128,Mandaue,Cebu,Central Visayas,2023-11-13
CUST-00129,Bacolod,Negros Occidental,Western Visayas,2023-06-07
CUST-00130,Quezon City,Metro Manila,NCR,2023-12-01
CUST-00131,Quezon City,Metro Manila,NCR,2023-04-07
CUST-00132,Malolos,Bulacan,Central Luzon,2023-08-15
CUST-00133,Manila,Metro Manila,NCR,2023-08-05
CUST-00134,Tacloban,Leyte,Eastern Visayas,2023-10-03
CUST-00135,Pasig,Metro Manila,NCR,2023-09-20
CUST-00136,Manila,Metro Manila,NCR,2023-11-09
CUST-00137,Cagayan de Oro,Misamis Oriental,Northern Mindanao,2023-06-12
CUST-00138,Manila,Metro Manila,NCR,2023-11-09
CUST-00139,Pasig,Metro Manila,NCR,2023-04-28
CUST-00140,Manila,Metro Manila,NCR,2023-09-30
CUST-00141,Manila,Metro Manila,NCR,2023-06-09
CUST-00142,Quezon City,Metro Manila,NCR,2023-06-20
CUST-00143,Quezon City,Metro Manila,NCR,2023-05-15
CUST-00144,Manila,Metro Manila,NCR,2023-03-31
CUST-00145,Quezon City,Metro Manila,NCR,2023-06-11
CUST-00146,Malolos,Bulacan,Central Luzon,2023-02-24
CUST-00147,Cebu City,Cebu,Central Visayas,2023-09-29
CUST-00148,Antipolo,Rizal,Calabarzon,2023-04-02
CUST-00149,Pasig,Metro Manila,NCR,2023-08-29
CUST-00150,Lipa,Batangas,Calabarzon,2023-05-17
CUST-00151,Davao City,Davao del Sur,Davao Region,2023-07-06
CUST-00152,Davao City,Davao del Sur,Davao Region,2023-02-04
CUST-00153,Quezon City,Metro Manila,NCR,2023-09-25
CUST-00154,Makati,Metro Manila,NCR,2023-06-26
CUST-00155,Taguig,Metro Manila,NCR,2023-11-02
CUST-00156,Taguig,Metro Manila,NCR,2023-05-15
CUST-00157,Angeles,Pampanga,Central Luzon,2023-12-19
CUST-00158,Bacoor,Cavite,Calabarzon,2023-08-04
CUST-00159,Quezon City,Metro Manila,NCR,2023-12-29
CUST-00160,Antipolo,Rizal,Calabarzon,2023-09-04
CUST-00161,Lipa,Batangas,Calabarzon,2023-07-09
CUST-00162,Quezon City,Metro Manila,NCR,2023-09-02
CUST-00163,Tacloban,Leyte,Eastern Visayas,2023-08-14
CUST-00164,Quezon City,Metro Manila,NCR,2023-11-08
CUST-00165,Cagayan de Oro,Misamis Oriental,Northern Mindanao,2023-04-16
CUST-00166,Quezon City,Metro Manila,NCR,2023-03-17
CUST-00167,Tacloban,Leyte,Eastern Visayas,2023-07-20
CUST-00168,Davao City,Davao del Sur,Davao Region,2023-12-12
CUST-00169,General Santos,South Cotabato,SOCCSKSARGEN,2023-12-10
CUST-00170,Bacolod,Negros Occidental,Western Visayas,2023-04-30
CUST-00171,Iloilo City,Iloilo,Western Visayas,2023-01-27
CUST-00172,Legazpi,Albay,Bicol,2023-02-20
CUST-00173,Iloilo City,Iloilo,Western Visayas,2023-08-06
CUST-00174,Manila,Metro Manila,NCR,2023-07-04
CUST-00175,Angeles,Pampanga,Central Luzon,2023-11-03
CUST-00176,Lipa,Batangas,Calabarzon,2023-12-07
CUST-00177,Davao City,Davao del Sur,Davao Region,2023-03-28
CUST-00178,Santa Rosa,Laguna,Calabarzon,2023-07-29
CUST-00179,Antipolo,Rizal,Calabarzon,2023-07-04
CUST-00180,Legazpi,Albay,Bicol,2023-08-29
CUST-00181,Taguig,Metro Manila,NCR,2023-09-09
CUST-00182,Manila,Metro Manila,NCR,2023-01-07
CUST-00183,Santa Rosa,Laguna,Calabarzon,2023-03-10
CUST-00184,Bacoor,Cavite,Calabarzon,2023-04-24
CUST-00185,Taguig,Metro Manila,NCR,2023-08-12
CUST-00186,Antipolo,Rizal,Calabarzon,2023-04-13
CUST-00187,Antipolo,Rizal,Calabarzon,2023-08-31
CUST-00188,Caloocan,Metro Manila,NCR,2023-06-27
CUST-00189,Antipolo,Rizal,Calabarzon,2023-11-10
CUST-00190,Cebu City,Cebu,Central Visayas,2023-04-18
CUST-00191,Pasig,Metro Manila,NCR,2023-12-10
CUST-00192,Cagayan de Oro,Misamis Oriental,Northern Mindanao,2023-04-13
CUST-00193,Davao City,Davao del Sur,Davao Region,2023-05-26
CUST-00194,Santa Rosa,Laguna,Calabarzon,2023-12-08
CUST-00195,Caloocan,Metro Manila,NCR,2023-07-01
CUST-00196,Angeles,Pampanga,Central Luzon,2023-10-12
CUST-00197,Davao City,Davao del Sur,Davao Region,2023-07-12
CUST-00198,Legazpi,Albay,Bicol,2023-12-28
CUST-00199,Bacolod,Negros Occidental,Western Visayas,2023-04-13
CUST-00200,Angeles,Pampanga,Central Luzon,2023-06-29
CUST-00201,Legazpi,Albay,Bicol,2023-08-22
CUST-00202,Pasig,Metro Manila,NCR,2023-02-16
CUST-00203,Mandaue,Cebu,Central Visayas,2023-05-11
CUST-00204,Makati,Metro Manila,NCR,2023-05-24
CUST-00205,Cebu City,Cebu,Central Visayas,2023-11-09
CUST-00206,Davao City,Davao del Sur,Davao Region,2023-07-03
CUST-00207,Manila,Metro Manila,NCR,2023-04-21
CUST-00208,Baguio,Benguet,CAR,2023-01-29
CUST-00209,Quezon City,Metro Manila,NCR,2023-05-26
CUST-00210,Cebu City,Cebu,Central Visayas,2023-10-31
CUST-00211,Quezon City,Metro Manila,NCR,2023-04-29
CUST-00212,Cagayan de Oro,Misamis Oriental,Northern Mindanao,2023-12-05
CUST-00213,Manila,Metro Manila,NCR,2023-09-09
CUST-00214,Zamboanga City,Zamboanga del Sur,Zamboanga Peninsula,2023-02-01
CUST-00215,Bacolod,Negros Occidental,Western Visayas,2023-03-15
CUST-00216,Malolos,Bulacan,Central Luzon,2023-02-06
CUST-00217,Iloilo City,Iloilo,Western Visayas,2023-08-26
CUST-00218,Bacolod,Negros Occidental,Western Visayas,2023-04-27
CUST-00219,Cagayan de Oro,Misamis Oriental,Northern Mindanao,2023-04-21
CUST-00220,Taguig,Metro Manila,NCR,2023-10-04
CUST-00221,Malolos,Bulacan,Central Luzon,2023-01-22
CUST-00222,Quezon City,Metro Manila,NCR,2023-01-13
CUST-00223,Baguio,Benguet,CAR,2023-11-22
CUST-00224,Manila,Metro Manila,NCR,2023-03-28
CUST-00225,Angeles,Pampanga,Central Luzon,2023-07-22
CUST-00226,Malolos,Bulacan,Central Luzon,2023-05-01
CUST-00227,Santa Rosa,Laguna,Calabarzon,2023-06-13
CUST-00228,Lipa,Batangas,Calabarzon,2023-10-12
CUST-00229,Iloilo City,Iloilo,Western Visayas,2023-11-27
CUST-00230,Bacolod,Negros Occidental,Western Visayas,2023-06-28
CUST-00231,Lipa,Batangas,Calabarzon,2023-03-02
CUST-00232,Malolos,Bulacan,Central Luzon,2023-03-07
CUST-00233,Cagayan de Oro,Misamis Oriental,Northern Mindanao,2023-09-23
CUST-00234,Manila,Metro Manila,NCR,2023-02-22
CUST-00235,Manila,Metro Manila,NCR,2023-08-25
CUST-00236,Quezon City,Metro Manila,NCR,2023-06-11
CUST-00237,Cebu City,Cebu,Central Visayas,2023-09-05
CUST-00238,Bacoor,Cavite,Calabarzon,2023-06-25
CUST-00239,Iloilo City,Iloilo,Western Visayas,2023-06-22
CUST-00240,Cebu City,Cebu,Central Visayas,2023-04-22
CUST-00241,Caloocan,Metro Manila,NCR,2023-07-13
CUST-00242,Davao City,Davao del Sur,Davao Region,2023-06-23
CUST-00243,Iloilo City,Iloilo,Western Visayas,2023-05-09
CUST-00244,Taguig,Metro Manila,NCR,2023-08-02
CUST-00245,Antipolo,Rizal,Calabarzon,2023-06-24
CUST-00246,Pasig,Metro Manila,NCR,2023-12-01
CUST-00247,Manila,Metro Manila,NCR,2023-02-18
CUST-00248,Manila,Metro Manila,NCR,2023-11-16
CUST-00249,Cagayan de Oro,Misamis Oriental,Northern Mindanao,2023-02-17
CUST-00250,Bacoor,Cavite,Calabarzon,2023-03-30
CUST-00251,Antipolo,Rizal,Calabarzon,2023-01-21
CUST-00252,Mandaue,Cebu,Central Visayas,2023-12-23
CUST-00253,Angeles,Pampanga,Central Luzon,2023-10-14
CUST-00254,Cagayan de Oro,Misamis Oriental,Northern Mindanao,2023-12-13
CUST-00255,Iloilo City,Iloilo,Western Visayas,2023-08-02
CUST-00256,Santa Rosa,Laguna,Calabarzon,2023-02-05
CUST-00257,Antipolo,Rizal,Calabarzon,2023-03-28
CUST-00258,General Santos,South Cotabato,SOCCSKSARGEN,2023-04-20
CUST-00259,Cebu City,Cebu,Central Visayas,2023-02-26
CUST-00260,Cagayan de Oro,Misamis Oriental,Northern Mindanao,2023-12-31
CUST-00261,Manila,Metro Manila,NCR,2023-03-20
CUST-00262,Davao City,Davao del Sur,Davao Region,2023-09-10
CUST-00263,Legazpi,Albay,Bicol,2023-04-24
CUST-00264,Manila,Metro Manila,NCR,2023-03-29
CUST-00265,Malolos,Bulacan,Central Luzon,2023-04-26
CUST-00266,Cebu City,Cebu,Central Visayas,2023-08-02
CUST-00267,Quezon City,Metro Manila,NCR,2023-05-23
CUST-00268,Santa Rosa,Laguna,Calabarzon,2023-07-14
CUST-00269,Tacloban,Leyte,Eastern Visayas,2023-05-17
CUST-00270,Pasig,Metro Manila,NCR,2023-07-18
CUST-00271,Santa Rosa,Laguna,Calabarzon,2023-08-11
CUST-00272,Bacoor,Cavite,Calabarzon,2023-10-20
CUST-00273,Pasig,Metro Manila,NCR,2023-08-13
CUST-00274,Cagayan de Oro,Misamis Oriental,Northern Mindanao,2023-04-13
CUST-00275,Iloilo City,Iloilo,Western Visayas,2023-02-18
CUST-00276,Manila,Metro Manila,NCR,2023-11-25
CUST-00277,General Santos,South Cotabato,SOCCSKSARGEN,2023-10-27
CUST-00278,Davao City,Davao del Sur,Davao Region,2023-06-30
CUST-00279,Pasig,Metro Manila,NCR,2023-04-20
CUST-00280,Tacloban,Leyte,Eastern Visayas,2023-10-31
CUST-00281,Quezon City,Metro Manila,NCR,2023-09-05
CUST-00282,General Santos,South Cotabato,SOCCSKSARGEN,2023-12-16
CUST-00283,Cebu City,Cebu,Central Visayas,2023-12-13
CUST-00284,Legazpi,Albay,Bicol,2023-11-10
CUST-00285,Quezon City,Metro Manila,NCR,2023-04-10
CUST-00286,Davao City,Davao del Sur,Davao Region,2023-02-18
CUST-00287,Quezon City,Metro Manila,NCR,2023-07-03
CUST-00288,Taguig,Metro Manila,NCR,2023-10-29
CUST-00289,Manila,Metro Manila,NCR,2023-01-30
CUST-00290,Iloilo City,Iloilo,Western Visayas,2023-09-22
CUST-00291,Makati,Metro Manila,NCR,2023-11-06
CUST-00292,Davao City,Davao del Sur,Davao Region,2023-11-12
CUST-00293,Cebu City,Cebu,Central Visayas,2023-08-26
CUST-00294,Quezon City,Metro Manila,NCR,2023-04-08
CUST-00295,Quezon City,Metro Manila,NCR,2023-08-10
CUST-00296,Quezon City,Metro Manila,NCR,2023-07-23
CUST-00297,Malolos,Bulacan,Central Luzon,2023-08-30
CUST-00298,Bacolod,Negros Occidental,Western Visayas,2023-01-22
CUST-00299,Taguig,Metro Manila,NCR,2023-04-27
CUST-00300,Davao City,Davao del Sur,Davao Region,2023-05-04
CUST-00301,Quezon City,Metro Manila,NCR,2023-07-26
CUST-00302,Bacolod,Negros Occidental,Western Visayas,2023-06-22
CUST-00303,Cagayan de Oro,Misamis Oriental,Northern Mindanao,2023-02-12
CUST-00304,Iloilo City,Iloilo,Western Visayas,2023-05-07
CUST-00305,Cebu City,Cebu,Central Visayas,2023-03-10
CUST-00306,Tacloban,Leyte,Eastern Visayas,2023-12-18
CUST-00307,Quezon City,Metro Manila,NCR,2023-02-22
CUST-00308,Makati,Metro Manila,NCR,2023-01-20
CUST-00309,Manila,Metro Manila,NCR,2023-05-03
CUST-00310,Lipa,Batangas,Calabarzon,2023-01-17
CUST-00311,Mandaue,Cebu,Central Visayas,2023-06-08
CUST-00312,Baguio,Benguet,CAR,2023-09-23
CUST-00313,Davao City,Davao del Sur,Davao Region,2023-05-25
CUST-00314,Manila,Metro Manila,NCR,2023-05-17
CUST-00315,Mandaue,Cebu,Central Visayas,2023-11-10
CUST-00316,Makati,Metro Manila,NCR,2023-10-20
CUST-00317,Taguig,Metro Manila,NCR,2023-09-17
CUST-00318,Cebu City,Cebu,Central Visayas,2023-06-16
CUST-00319,General Santos,South Cotabato,SOCCSKSARGEN,2023-11-08
CUST-00320,Baguio,Benguet,CAR,2023-03-26
CUST-00321,Quezon City,Metro Manila,NCR,2023-11-23
CUST-00322,Baguio,Benguet,CAR,2023-01-23
CUST-00323,Quezon City,Metro Manila,NCR,2023-04-30
CUST-00324,Davao City,Davao del Sur,Davao Region,2023-08-31
CUST-00325,Cebu City,Cebu,Central Visayas,2023-08-19
CUST-00326,Manila,Metro Manila,NCR,2023-04-23
CUST-00327,Quezon City,Metro Manila,NCR,2023-11-30
CUST-00328,Makati,Metro Manila,NCR,2023-04-15
CUST-00329,General Santos,South Cotabato,SOCCSKSARGEN,2023-06-14
CUST-00330,Santa Rosa,Laguna,Calabarzon,2023-10-13
CUST-00331,Iloilo City,Iloilo,Western Visayas,2023-02-08
CUST-00332,Legazpi,Albay,Bicol,2023-05-17
CUST-00333,Malolos,Bulacan,Central Luzon,2023-11-03
CUST-00334,Manila,Metro Manila,NCR,2023-05-07
CUST-00335,Cagayan de Oro,Misamis Oriental,Northern Mindanao,2023-08-04
CUST-00336,Pasig,Metro Manila,NCR,2023-03-29
CUST-00337,Malolos,Bulacan,Central Luzon,2023-07-06
CUST-00338,Cebu City,Cebu,Central Visayas,2023-01-02
CUST-00339,Legazpi,Albay,Bicol,2023-01-28
CUST-00340,Cagayan de Oro,Misamis Oriental,Northern Mindanao,2023-12-18
CUST-00341,Manila,Metro Manila,NCR,2023-08-04
CUST-00342,Lipa,Batangas,Calabarzon,2023-10-20
CUST-00343,Antipolo,Rizal,Calabarzon,2023-07-21
CUST-00344,Santa Rosa,Laguna,Calabarzon,2023-11-10
CUST-00345,Manila,Metro Manila,NCR,2023-06-20
CUST-00346,Manila,Metro Manila,NCR,2023-11-06
CUST-00347,Pasig,Metro Manila,NCR,2023-05-19
CUST-00348,Pasig,Metro Manila,NCR,2023-07-20
CUST-00349,Bacoor,Cavite,Calabarzon,2023-01-04
CUST-00350,Baguio,Benguet,CAR,2023-02-15
CUST-00351,Legazpi,Albay,Bicol,2023-05-27
CUST-00352,Bacoor,Cavite,Calabarzon,2023-07-22
CUST-00353,Bacoor,Cavite,Calabarzon,2023-04-15
CUST-00354,Makati,Metro Manila,NCR,2023-05-03
CUST-00355,Malolos,Bulacan,Central Luzon,2023-11-12
CUST-00356,Pasig,Metro Manila,NCR,2023-08-17
CUST-00357,Quezon City,Metro Manila,NCR,2023-01-04
CUST-00358,Bacoor,Cavite,Calabarzon,2023-09-07
CUST-00359,Santa Rosa,Laguna,Calabarzon,2023-12-28
CUST-00360,Makati,Metro Manila,NCR,2023-03-03
CUST-00361,Malolos,Bulacan,Central Luzon,2023-01-26
CUST-00362,Angeles,Pampanga,Central Luzon,2023-05-07
CUST-00363,Cebu City,Cebu,Central Visayas,2023-05-15
CUST-00364,Legazpi,Albay,Bicol,2023-08-26
CUST-00365,Legazpi,Albay,Bicol,2023-08-23
CUST-00366,Pasig,Metro Manila,NCR,2023-02-02
CUST-00367,Bacolod,Negros Occidental,Western Visayas,2023-02-22
CUST-00368,Angeles,Pampanga,Central Luzon,2023-07-04
CUST-00369,Bacoor,Cavite,Calabarzon,2023-09-09
CUST-00370,Baguio,Benguet,CAR,2023-10-25
CUST-00371,Antipolo,Rizal,Calabarzon,2023-12-29
CUST-00372,Lipa,Batangas,Calabarzon,2023-07-09
CUST-00373,Mandaue,Cebu,Central Visayas,2023-06-13
CUST-00374,Davao City,Davao del Sur,Davao Region,2023-04-30
CUST-00375,Cagayan de Oro,Misamis Oriental,Northern Mindanao,2023-03-14
CUST-00376,Lipa,Batangas,Calabarzon,2023-08-21
CUST-00377,Lipa,Batangas,Calabarzon,2023-11-02
CUST-00378,Bacolod,Negros Occidental,Western Visayas,2023-02-28
CUST-00379,Pasig,Metro Manila,NCR,2023-03-29
CUST-00380,Tacloban,Leyte,Eastern Visayas,2023-06-21
CUST-00381,Lipa,Batangas,Calabarzon,2023-12-18
CUST-00382,Manila,Metro Manila,NCR,2023-07-15
CUST-00383,Quezon City,Metro Manila,NCR,2023-05-20
CUST-00384,Tacloban,Leyte,Eastern Visayas,2023-02-22
CUST-00385,Quezon City,Metro Manila,NCR,2023-06-30
CUST-00386,Pasig,Metro Manila,NCR,2023-07-17
CUST-00387,Caloocan,Metro Manila,NCR,2023-08-16
CUST-00388,Manila,Metro Manila,NCR,2023-08-03
CUST-00389,Pasig,Metro Manila,NCR,2023-12-27
CUST-00390,Mandaue,Cebu,Central Visayas,2023-11-25
CUST-00391,Quezon City,Metro Manila,NCR,2023-03-31
CUST-00392,Tacloban,Leyte,Eastern Visayas,2023-08-22
CUST-00393,Davao City,Davao del Sur,Davao Region,2023-02-25
CUST-00394,Antipolo,Rizal,Calabarzon,2023-08-10
CUST-00395,Manila,Metro Manila,NCR,2023-01-03
CUST-00396,Malolos,Bulacan,Central Luzon,2023-10-28
CUST-00397,Manila,Metro Manila,NCR,2023-10-25
CUST-00398,Antipolo,Rizal,Calabarzon,2023-06-01
CUST-00399,Zamboanga City,Zamboanga del Sur,Zamboanga Peninsula,2023-03-15
CUST-00400,General Santos,South Cotabato,SOCCSKSARGEN,2023-11-10
CUST-00401,Iloilo City,Iloilo,Western Visayas,2023-07-02
CUST-00402,Pasig,Metro Manila,NCR,2023-10-12
CUST-00403,Cebu City,Cebu,Central Visayas,2023-04-07
CUST-00404,Cebu City,Cebu,Central Visayas,2023-06-11
CUST-00405,Antipolo,Rizal,Calabarzon,2023-05-08
CUST-00406,Legazpi,Albay,Bicol,2023-09-25
CUST-00407,Quezon City,Metro Manila,NCR,2023-09-18
CUST-00408,Makati,Metro Manila,NCR,2023-05-13
CUST-00409,Angeles,Pampanga,Central Luzon,2023-08-26
CUST-00410,Manila,Metro Manila,NCR,2023-04-24
CUST-00411,Manila,Metro Manila,NCR,2023-11-06
CUST-00412,Tacloban,Leyte,Eastern Visayas,2023-09-14
CUST-00413,General Santos,South Cotabato,SOCCSKSARGEN,2023-11-25
CUST-00414,Angeles,Pampanga,Central Luzon,2023-12-01
CUST-00415,Tacloban,Leyte,Eastern Visayas,2023-09-28
CUST-00416,General Santos,South Cotabato,SOCCSKSARGEN,2023-07-07
CUST-00417,Manila,Metro Manila,NCR,2023-11-10
CUST-00418,Bacoor,Cavite,Calabarzon,2023-11-29
CUST-00419,Antipolo,Rizal,Calabarzon,2023-02-15
CUST-00420,Quezon City,Metro Manila,NCR,2023-06-27
CUST-00421,Iloilo City,Iloilo,Western Visayas,2023-04-15
CUST-00422,Bacoor,Cavite,Calabarzon,2023-04-11
CUST-00423,Santa Rosa,Laguna,Calabarzon,2023-11-25
CUST-00424,Manila,Metro Manila,NCR,2023-05-20
CUST-00425,Makati,Metro Manila,NCR,2023-02-21
CUST-00426,Davao City,Davao del Sur,Davao Region,2023-07-22
CUST-00427,Quezon City,Metro Manila,NCR,2023-02-21
CUST-00428,Taguig,Metro Manila,NCR,2023-01-21
CUST-00429,Pasig,Metro Manila,NCR,2023-06-16
CUST-00430,Lipa,Batangas,Calabarzon,2023-11-25
CUST-00431,Malolos,Bulacan,Central Luzon,2023-05-21
CUST-00432,Lipa,Batangas,Calabarzon,2023-02-14
CUST-00433,Quezon City,Metro Manila,NCR,2023-06-04
CUST-00434,Taguig,Metro Manila,NCR,2023-03-15
CUST-00435,Tacloban,Leyte,Eastern Visayas,2023-06-20
CUST-00436,Legazpi,Albay,Bicol,2023-08-01
CUST-00437,Legazpi,Albay,Bicol,2023-01-21
CUST-00438,Cebu City,Cebu,Central Visayas,2023-11-07
CUST-00439,Iloilo City,Iloilo,Western Visayas,2023-07-22
CUST-00440,Quezon City,Metro Manila,NCR,2023-11-06
CUST-00441,Antipolo,Rizal,Calabarzon,2023-05-08
CUST-00442,Angeles,Pampanga,Central Luzon,2023-01-30
CUST-00443,Caloocan,Metro Manila,NCR,2023-01-02
CUST-00444,Tacloban,Leyte,Eastern Visayas,2023-10-08
CUST-00445,Santa Rosa,Laguna,Calabarzon,2023-04-11
CUST-00446,Iloilo City,Iloilo,Western Visayas,2023-02-16
CUST-00447,Davao City,Davao del Sur,Davao Region,2023-03-03
CUST-00448,Lipa,Batangas,Calabarzon,2023-07-02
CUST-00449,Davao City,Davao del Sur,Davao Region,2023-10-30
CUST-00450,Malolos,Bulacan,Central Luzon,2023-07-17
CUST-00451,Davao City,Davao del Sur,Davao Region,2023-03-24
CUST-00452,Caloocan,Metro Manila,NCR,2023-05-20
CUST-00453,Lipa,Batangas,Calabarzon,2023-08-13
CUST-00454,Angeles,Pampanga,Central Luzon,2023-10-15
CUST-00455,Quezon City,Metro Manila,NCR,2023-05-09
CUST-00456,Antipolo,Rizal,Calabarzon,2023-07-29
CUST-00457,Cagayan de Oro,Misamis Oriental,Northern Mindanao,2023-07-13
CUST-00458,Baguio,Benguet,CAR,2023-01-24
CUST-00459,Manila,Metro Manila,NCR,2023-12-29
CUST-00460,Caloocan,Metro Manila,NCR,2023-10-07
CUST-00461,Makati,Metro Manila,NCR,2023-01-31
CUST-00462,Quezon City,Metro Manila,NCR,2023-01-30
CUST-00463,Cagayan de Oro,Misamis Oriental,Northern Mindanao,2023-09-13
CUST-00464,Bacoor,Cavite,Calabarzon,2023-01-04
CUST-00465,Pasig,Metro Manila,NCR,2023-10-16
CUST-00466,Malolos,Bulacan,Central Luzon,2023-12-14
CUST-00467,Quezon City,Metro Manila,NCR,2023-09-11
CUST-00468,Pasig,Metro Manila,NCR,2023-06-22
CUST-00469,Cebu City,Cebu,Central Visayas,2023-12-30
CUST-00470,Legazpi,Albay,Bicol,2023-10-31
CUST-00471,General Santos,South Cotabato,SOCCSKSARGEN,2023-03-19
CUST-00472,Baguio,Benguet,CAR,2023-05-20
CUST-00473,Santa Rosa,Laguna,Calabarzon,2023-05-26
CUST-00474,Iloilo City,Iloilo,Western Visayas,2023-01-05
CUST-00475,Davao City,Davao del Sur,Davao Region,2023-10-10
CUST-00476,Cebu City,Cebu,Central Visayas,2023-02-08
CUST-00477,Zamboanga City,Zamboanga del Sur,Zamboanga Peninsula,2023-08-25
CUST-00478,Iloilo City,Iloilo,Western Visayas,2023-01-29
CUST-00479,Davao City,Davao del Sur,Davao Region,2023-03-22
CUST-00480,Manila,Metro Manila,NCR,2023-10-16
CUST-00481,Mandaue,Cebu,Central Visayas,2023-10-17
CUST-00482,Bacoor,Cavite,Calabarzon,2023-06-18
CUST-00483,Angeles,Pampanga,Central Luzon,2023-07-02
CUST-00484,Legazpi,Albay,Bicol,2023-10-08
CUST-00485,Zamboanga City,Zamboanga del Sur,Zamboanga Peninsula,2023-09-28
CUST-00486,General Santos,South Cotabato,SOCCSKSARGEN,2023-02-07
CUST-00487,Pasig,Metro Manila,NCR,2023-04-01
CUST-00488,Mandaue,Cebu,Central Visayas,2023-10-24
CUST-00489,Mandaue,Cebu,Central Visayas,2023-04-12
CUST-00490,Caloocan,Metro Manila,NCR,2023-11-06
CUST-00491,Manila,Metro Manila,NCR,2023-07-23
CUST-00492,Quezon City,Metro Manila,NCR,2023-12-28
CUST-00493,Iloilo City,Iloilo,Western Visayas,2023-05-10
CUST-00494,Lipa,Batangas,Calabarzon,2023-10-27
CUST-00495,General Santos,South Cotabato,SOCCSKSARGEN,2023-10-07
CUST-00496,Santa Rosa,Laguna,Calabarzon,2023-10-24
CUST-00497,General Santos,South Cotabato,SOCCSKSARGEN,2023-10-27
CUST-00498,Bacoor,Cavite,Calabarzon,2023-12-04
CUST-00499,Bacolod,Negros Occidental,Western Visayas,2023-06-13
CUST-00500,Quezon City,Metro Manila,NCR,2023-02-19
CUST-00501,Angeles,Pampanga,Central Luzon,2023-09-13
CUST-00502,Bacolod,Negros Occidental,Western Visayas,2023-03-23
CUST-00503,Cagayan de Oro,Misamis Oriental,Northern Mindanao,2023-06-17
CUST-00504,Tacloban,Leyte,Eastern Visayas,2023-10-01
CUST-00505,Quezon City,Metro Manila,NCR,2023-12-10
CUST-00506,Antipolo,Rizal,Calabarzon,2023-03-22
CUST-00507,Quezon City,Metro Manila,NCR,2023-12-24
CUST-00508,Manila,Metro Manila,NCR,2023-07-31
CUST-00509,Cebu City,Cebu,Central Visayas,2023-12-20
CUST-00510,Cebu City,Cebu,Central Visayas,2023-03-24
CUST-00511,Iloilo City,Iloilo,Western Visayas,2023-01-05
CUST-00512,Davao City,Davao del Sur,Davao Region,2023-09-06
CUST-00513,Mandaue,Cebu,Central Visayas,2023-09-09
CUST-00514,Bacolod,Negros Occidental,Western Visayas,2023-06-09
CUST-00515,Quezon City,Metro Manila,NCR,2023-07-02
CUST-00516,Taguig,Metro Manila,NCR,2023-08-15
CUST-00517,Baguio,Benguet,CAR,2023-08-21
CUST-00518,Davao City,Davao del Sur,Davao Region,2023-10-25
CUST-00519,Quezon City,Metro Manila,NCR,2023-10-02
CUST-00520,Lipa,Batangas,Calabarzon,2023-06-02
CUST-00521,Cebu City,Cebu,Central Visayas,2023-04-08
CUST-00522,Quezon City,Metro Manila,NCR,2023-04-02
CUST-00523,Antipolo,Rizal,Calabarzon,2023-06-27
CUST-00524,Davao City,Davao del Sur,Davao Region,2023-04-02
CUST-00525,Cebu City,Cebu,Central Visayas,2023-05-30
CUST-00526,Taguig,Metro Manila,NCR,2023-08-24
CUST-00527,Davao City,Davao del Sur,Davao Region,2023-08-26
CUST-00528,Caloocan,Metro Manila,NCR,2023-06-26
CUST-00529,Davao City,Davao del Sur,Davao Region,2023-09-11
CUST-00530,Pasig,Metro Manila,NCR,2023-03-29
CUST-00531,Malolos,Bulacan,Central Luzon,2023-10-26
CUST-00532,Antipolo,Rizal,Calabarzon,2023-12-13
CUST-00533,Pasig,Metro Manila,NCR,2023-07-06
CUST-00534,Davao City,Davao del Sur,Davao Region,2023-12-06
CUST-00535,Makati,Metro Manila,NCR,2023-10-24
CUST-00536,Quezon City,Metro Manila,NCR,2023-08-17
CUST-00537,Caloocan,Metro Manila,NCR,2023-12-31
CUST-00538,Cebu City,Cebu,Central Visayas,2023-10-12
CUST-00539,Bacolod,Negros Occidental,Western Visayas,2023-06-17
CUST-00540,General Santos,South Cotabato,SOCCSKSARGEN,2023-08-18
CUST-00541,Pasig,Metro Manila,NCR,2023-02-08
CUST-00542,Bacoor,Cavite,Calabarzon,2023-11-28
CUST-00543,Manila,Metro Manila,NCR,2023-04-14
CUST-00544,Malolos,Bulacan,Central Luzon,2023-05-30
CUST-00545,General Santos,South Cotabato,SOCCSKSARGEN,2023-05-11
CUST-00546,Cebu City,Cebu,Central Visayas,2023-05-01
CUST-00547,Malolos,Bulacan,Central Luzon,2023-12-13
CUST-00548,Antipolo,Rizal,Calabarzon,2023-03-18
CUST-00549,Davao City,Davao del Sur,Davao Region,2023-09-03
CUST-00550,Lipa,Batangas,Calabarzon,2023-05-09
CUST-00551,Manila,Metro Manila,NCR,2023-09-16
CUST-00552,Antipolo,Rizal,Calabarzon,2023-08-10
CUST-00553,Quezon City,Metro Manila,NCR,2023-04-21
CUST-00554,Makati,Metro Manila,NCR,2023-01-25
CUST-00555,Quezon City,Metro Manila,NCR,2023-02-15
CUST-00556,Santa Rosa,Laguna,Calabarzon,2023-04-11
CUST-00557,Legazpi,Albay,Bicol,2023-06-19
CUST-00558,Caloocan,Metro Manila,NCR,2023-06-23
CUST-00559,Bacoor,Cavite,Calabarzon,2023-01-14
CUST-00560,Zamboanga City,Zamboanga del Sur,Zamboanga Peninsula,2023-10-18
CUST-00561,Iloilo City,Iloilo,Western Visayas,2023-01-18
CUST-00562,Angeles,Pampanga,Central Luzon,2023-05-10
CUST-00563,Pasig,Metro Manila,NCR,2023-05-22
CUST-00564,Davao City,Davao del Sur,Davao Region,2023-05-31
CUST-00565,Taguig,Metro Manila,NCR,2023-03-11
CUST-00566,Caloocan,Metro Manila,NCR,2023-04-27
CUST-00567,Davao City,Davao del Sur,Davao Region,2023-11-28
CUST-00568,Angeles,Pampanga,Central Luzon,2023-03-22
CUST-00569,Mandaue,Cebu,Central Visayas,2023-04-11
CUST-00570,Malolos,Bulacan,Central Luzon,2023-02-02
CUST-00571,Legazpi,Albay,Bicol,2023-01-25
CUST-00572,Pasig,Metro Manila,NCR,2023-01-20
CUST-00573,Taguig,Metro Manila,NCR,2023-12-17
CUST-00574,Caloocan,Metro Manila,NCR,2023-05-16
CUST-00575,Manila,Metro Manila,NCR,2023-01-25
CUST-00576,Davao City,Davao del Sur,Davao Region,2023-01-14
CUST-00577,Pasig,Metro Manila,NCR,2023-06-15
CUST-00578,Angeles,Pampanga,Central Luzon,2023-02-03
CUST-00579,Bacolod,Negros Occidental,Western Visayas,2023-02-14
CUST-00580,Iloilo City,Iloilo,Western Visayas,2024-01-01
CUST-00581,Bacoor,Cavite,Calabarzon,2023-02-12
CUST-00582,Santa Rosa,Laguna,Calabarzon,2023-05-14
CUST-00583,General Santos,South Cotabato,SOCCSKSARGEN,2023-06-06
CUST-00584,Cebu City,Cebu,Central Visayas,2023-10-28
CUST-00585,Bacolod,Negros Occidental,Western Visayas,2023-01-31
CUST-00586,Davao City,Davao del Sur,Davao Region,2023-09-16
CUST-00587,Bacolod,Negros Occidental,Western Visayas,2023-08-02
CUST-00588,Makati,Metro Manila,NCR,2023-09-15
CUST-00589,Angeles,Pampanga,Central Luzon,2023-01-13
CUST-00590,Quezon City,Metro Manila,NCR,2023-07-09
CUST-00591,Legazpi,Albay,Bicol,2023-11-21
CUST-00592,Zamboanga City,Zamboanga del Sur,Zamboanga Peninsula,2023-12-29
CUST-00593,Lipa,Batangas,Calabarzon,2023-01-09
CUST-00594,Bacoor,Cavite,Calabarzon,2023-10-07
CUST-00595,Quezon City,Metro Manila,NCR,2023-03-26
CUST-00596,Zamboanga City,Zamboanga del Sur,Zamboanga Peninsula,2023-12-22
CUST-00597,Quezon City,Metro Manila,NCR,2023-02-08
CUST-00598,Quezon City,Metro Manila,NCR,2023-05-09
CUST-00599,Taguig,Metro Manila,NCR,2023-10-11
CUST-00600,Quezon City,Metro Manila,NCR,2023-02-11
CUST-00601,Santa Rosa,Laguna,Calabarzon,2023-09-15
CUST-00602,Lipa,Batangas,Calabarzon,2023-01-02
CUST-00603,Pasig,Metro Manila,NCR,2023-05-28
CUST-00604,Quezon City,Metro Manila,NCR,2023-07-22
CUST-00605,Manila,Metro Manila,NCR,2023-12-11
CUST-00606,Antipolo,Rizal,Calabarzon,2023-09-29
CUST-00607,Quezon City,Metro Manila,NCR,2023-12-11
CUST-00608,Cebu City,Cebu,Central Visayas,2023-02-24
CUST-00609,Makati,Metro Manila,NCR,2023-11-26
CUST-00610,Pasig,Metro Manila,NCR,2023-11-21
CUST-00611,Antipolo,Rizal,Calabarzon,2023-11-17
CUST-00612,Bacoor,Cavite,Calabarzon,2023-01-11
CUST-00613,Quezon City,Metro Manila,NCR,2023-01-12
CUST-00614,Manila,Metro Manila,NCR,2023-04-16
CUST-00615,Davao City,Davao del Sur,Davao Region,2023-12-06
CUST-00616,Quezon City,Metro Manila,NCR,2023-07-02
CUST-00617,Lipa,Batangas,Calabarzon,2023-01-20
CUST-00618,Lipa,Batangas,Calabarzon,2023-11-27
CUST-00619,Caloocan,Metro Manila,NCR,2023-03-18
CUST-00620,Bacoor,Cavite,Calabarzon,2023-12-26
CUST-00621,Iloilo City,Iloilo,Western Visayas,2023-03-14
CUST-00622,Tacloban,Leyte,Eastern Visayas,2023-06-17
CUST-00623,Taguig,Metro Manila,NCR,2023-02-11
CUST-00624,Caloocan,Metro Manila,NCR,2023-08-03
CUST-00625,Taguig,Metro Manila,NCR,2023-03-21
CUST-00626,Santa Rosa,Laguna,Calabarzon,2023-02-28
CUST-00627,Cebu City,Cebu,Central Visayas,2023-09-05
CUST-00628,Taguig,Metro Manila,NCR,2023-05-12
CUST-00629,Caloocan,Metro Manila,NCR,2023-07-17
CUST-00630,Cagayan de Oro,Misamis Oriental,Northern Mindanao,2023-07-28
CUST-00631,Quezon City,Metro Manila,NCR,2023-03-16
CUST-00632,Santa Rosa,Laguna,Calabarzon,2023-10-11
CUST-00633,Cebu City,Cebu,Central Visayas,2023-11-19
CUST-00634,Manila,Metro Manila,NCR,2023-07-10
CUST-00635,Quezon City,Metro Manila,NCR,2023-03-08
CUST-00636,Manila,Metro Manila,NCR,2023-11-03
CUST-00637,Cagayan de Oro,Misamis Oriental,Northern Mindanao,2023-08-30
CUST-00638,Quezon City,Metro Manila,NCR,2023-05-03
CUST-00639,Makati,Metro Manila,NCR,2023-07-11
CUST-00640,Quezon City,Metro Manila,NCR,2023-05-25
CUST-00641,Manila,Metro Manila,NCR,2023-06-23
CUST-00642,Baguio,Benguet,CAR,2023-03-12
CUST-00643,Taguig,Metro Manila,NCR,2023-02-16
CUST-00644,Angeles,Pampanga,Central Luzon,2023-07-21
CUST-00645,Malolos,Bulacan,Central Luzon,2023-07-28
CUST-00646,Davao City,Davao del Sur,Davao Region,2023-09-22
CUST-00647,Quezon City,Metro Manila,NCR,2023-07-24
CUST-00648,Davao City,Davao del Sur,Davao Region,2023-03-02
CUST-00649,Baguio,Benguet,CAR,2023-07-02
CUST-00650,Manila,Metro Manila,NCR,2023-04-24
CUST-00651,Iloilo City,Iloilo,Western Visayas,2023-08-02
CUST-00652,Davao City,Davao del Sur,Davao Region,2023-04-19
CUST-00653,Taguig,Metro Manila,NCR,2023-04-16
CUST-00654,Cagayan de Oro,Misamis Oriental,Northern Mindanao,2023-06-23
CUST-00655,Santa Rosa,Laguna,Calabarzon,2023-01-25
CUST-00656,Malolos,Bulacan,Central Luzon,2023-02-16
CUST-00657,General Santos,South Cotabato,SOCCSKSARGEN,2023-11-05
CUST-00658,Antipolo,Rizal,Calabarzon,2023-10-10
CUST-00659,Bacolod,Negros Occidental,Western Visayas,2023-01-18
CUST-00660,Pasig,Metro Manila,NCR,2023-08-08
CUST-00661,Bacolod,Negros Occidental,Western Visayas,2023-09-10
CUST-00662,Malolos,Bulacan,Central Luzon,2023-03-17
CUST-00663,Makati,Metro Manila,NCR,2023-05-27
CUST-00664,Bacoor,Cavite,Calabarzon,2023-11-14
CUST-00665,Pasig,Metro Manila,NCR,2023-11-29
CUST-00666,Quezon City,Metro Manila,NCR,2023-03-13
CUST-00667,Quezon City,Metro Manila,NCR,2023-03-28
CUST-00668,Caloocan,Metro Manila,NCR,2023-08-26
CUST-00669,Quezon City,Metro Manila,NCR,2023-02-21
CUST-00670,Manila,Metro Manila,NCR,2023-11-17
CUST-00671,Cebu City,Cebu,Central Visayas,2023-02-18
CUST-00672,Cebu City,Cebu,Central Visayas,2023-12-04
CUST-00673,Mandaue,Cebu,Central Visayas,2023-05-14
CUST-00674,Pasig,Metro Manila,NCR,2023-02-28
CUST-00675,Davao City,Davao del Sur,Davao Region,2023-05-20
CUST-00676,Malolos,Bulacan,Central Luzon,2023-03-23
CUST-00677,Manila,Metro Manila,NCR,2023-08-29
CUST-00678,Manila,Metro Manila,NCR,2023-09-18
CUST-00679,Cebu City,Cebu,Central Visayas,2023-09-26
CUST-00680,Manila,Metro Manila,NCR,2023-11-20
CUST-00681,Lipa,Batangas,Calabarzon,2023-09-22
CUST-00682,General Santos,South Cotabato,SOCCSKSARGEN,2023-10-03
CUST-00683,Quezon City,Metro Manila,NCR,2023-03-31
CUST-00684,Quezon City,Metro Manila,NCR,2023-10-16
CUST-00685,General Santos,South Cotabato,SOCCSKSARGEN,2023-11-02
CUST-00686,Malolos,Bulacan,Central Luzon,2023-04-09
CUST-00687,Manila,Metro Manila,NCR,2023-06-19
CUST-00688,Davao City,Davao del Sur,Davao Region,2023-10-15
CUST-00689,Davao City,Davao del Sur,Davao Region,2023-04-19
CUST-00690,Angeles,Pampanga,Central Luzon,2023-10-15
CUST-00691,Baguio,Benguet,CAR,2023-03-21
CUST-00692,Taguig,Metro Manila,NCR,2023-12-21
CUST-00693,Quezon City,Metro Manila,NCR,2023-05-31
CUST-00694,Malolos,Bulacan,Central Luzon,2023-05-29
CUST-00695,Pasig,Metro Manila,NCR,2023-08-18
CUST-00696,Cebu City,Cebu,Central Visayas,2023-04-25
CUST-00697,Tacloban,Leyte,Eastern Visayas,2023-08-16
CUST-00698,Quezon City,Metro Manila,NCR,2023-05-08
CUST-00699,Malolos,Bulacan,Central Luzon,2023-10-12
CUST-00700,Taguig,Metro Manila,NCR,2023-06-08
CUST-00701,Davao City,Davao del Sur,Davao Region,2023-03-31
CUST-00702,Taguig,Metro Manila,NCR,2023-01-14
CUST-00703,Baguio,Benguet,CAR,2023-08-23
CUST-00704,Angeles,Pampanga,Central Luzon,2023-07-13
CUST-00705,Antipolo,Rizal,Calabarzon,2023-07-12
CUST-00706,Cebu City,Cebu,Central Visayas,2023-02-22
CUST-00707,Cebu City,Cebu,Central Visayas,2023-01-15
CUST-00708,Angeles,Pampanga,Central Luzon,2023-05-11
CUST-00709,Iloilo City,Iloilo,Western Visayas,2023-03-07
CUST-00710,General Santos,South Cotabato,SOCCSKSARGEN,2023-12-02
CUST-00711,Bacoor,Cavite,Calabarzon,2023-03-30
CUST-00712,Lipa,Batangas,Calabarzon,2023-03-12
CUST-00713,Quezon City,Metro Manila,NCR,2023-04-16
CUST-00714,Bacolod,Negros Occidental,Western Visayas,2023-06-02
CUST-00715,Lipa,Batangas,Calabarzon,2023-02-07
CUST-00716,Bacoor,Cavite,Calabarzon,2023-05-08
CUST-00717,Quezon City,Metro Manila,NCR,2023-02-27
CUST-00718,Davao City,Davao del Sur,Davao Region,2023-10-28
CUST-00719,Antipolo,Rizal,Calabarzon,2023-05-04
CUST-00720,Cebu City,Cebu,Central Visayas,2023-07-26
CUST-00721,Manila,Metro Manila,NCR,2023-02-19
CUST-00722,Zamboanga City,Zamboanga del Sur,Zamboanga Peninsula,2023-02-14
CUST-00723,Manila,Metro Manila,NCR,2023-02-27
CUST-00724,Makati,Metro Manila,NCR,2023-10-15
CUST-00725,Davao City,Davao del Sur,Davao Region,2023-07-06
CUST-00726,Davao City,Davao del Sur,Davao Region,2024-01-01
CUST-00727,Makati,Metro Manila,NCR,2023-01-09
CUST-00728,Santa Rosa,Laguna,Calabarzon,2023-09-30
CUST-00729,Mandaue,Cebu,Central Visayas,2023-05-19
CUST-00730,Davao City,Davao del Sur,Davao Region,2023-07-08
CUST-00731,Antipolo,Rizal,Calabarzon,2023-02-05
CUST-00732,Lipa,Batangas,Calabarzon,2023-03-08
CUST-00733,Mandaue,Cebu,Central Visayas,2023-03-24
CUST-00734,Mandaue,Cebu,Central Visayas,2023-05-12
CUST-00735,Iloilo City,Iloilo,Western Visayas,2023-11-19
CUST-00736,Angeles,Pampanga,Central Luzon,2023-01-31
CUST-00737,Quezon City,Metro Manila,NCR,2023-12-10
CUST-00738,Davao City,Davao del Sur,Davao Region,2023-07-19
CUST-00739,Davao City,Davao del Sur,Davao Region,2023-08-16
CUST-00740,Bacolod,Negros Occidental,Western Visayas,2023-08-12
CUST-00741,Quezon City,Metro Manila,NCR,2023-01-10
CUST-00742,Makati,Metro Manila,NCR,2023-10-09
CUST-00743,Mandaue,Cebu,Central Visayas,2023-06-04
CUST-00744,Quezon City,Metro Manila,NCR,2023-10-14
CUST-00745,General Santos,South Cotabato,SOCCSKSARGEN,2023-02-03
CUST-00746,Antipolo,Rizal,Calabarzon,2023-04-08
CUST-00747,Cebu City,Cebu,Central Visayas,2023-08-03
CUST-00748,Davao City,Davao del Sur,Davao Region,2023-12-03
CUST-00749,Antipolo,Rizal,Calabarzon,2023-11-07
CUST-00750,Pasig,Metro Manila,NCR,2023-10-05
CUST-00751,Baguio,Benguet,CAR,2023-08-06
CUST-00752,Malolos,Bulacan,Central Luzon,2023-02-12
CUST-00753,Bacoor,Cavite,Calabarzon,2023-11-19
CUST-00754,Malolos,Bulacan,Central Luzon,2023-06-05
CUST-00755,Cagayan de Oro,Misamis Oriental,Northern Mindanao,2023-08-28
CUST-00756,Santa Rosa,Laguna,Calabarzon,2023-12-15
CUST-00757,Makati,Metro Manila,NCR,2023-05-20
CUST-00758,Antipolo,Rizal,Calabarzon,2023-04-19
CUST-00759,Antipolo,Rizal,Calabarzon,2023-01-16
CUST-00760,Manila,Metro Manila,NCR,2023-07-01
CUST-00761,Manila,Metro Manila,NCR,2023-09-05
CUST-00762,Cebu City,Cebu,Central Visayas,2023-02-24
CUST-00763,Caloocan,Metro Manila,NCR,2023-10-03
CUST-00764,Zamboanga City,Zamboanga del Sur,Zamboanga Peninsula,2023-04-27
CUST-00765,Taguig,Metro Manila,NCR,2023-01-22
CUST-00766,Quezon City,Metro Manila,NCR,2023-12-31
CUST-00767,Iloilo City,Iloilo,Western Visayas,2023-01-29
CUST-00768,Davao City,Davao del Sur,Davao Region,2023-10-18
CUST-00769,Pasig,Metro Manila,NCR,2023-07-10
CUST-00770,Makati,Metro Manila,NCR,2023-09-29
CUST-00771,Makati,Metro Manila,NCR,2023-11-10
CUST-00772,Lipa,Batangas,Calabarzon,2023-04-20
CUST-00773,Santa Rosa,Laguna,Calabarzon,2023-07-10
CUST-00774,Taguig,Metro Manila,NCR,2023-06-30
CUST-00775,Quezon City,Metro Manila,NCR,2023-07-09
CUST-00776,Santa Rosa,Laguna,Calabarzon,2023-04-04
CUST-00777,Zamboanga City,Zamboanga del Sur,Zamboanga Peninsula,2023-01-14
CUST-00778,Legazpi,Albay,Bicol,2023-06-28
CUST-00779,Lipa,Batangas,Calabarzon,2023-11-06
CUST-00780,Manila,Metro Manila,NCR,2023-09-04
CUST-00781,Taguig,Metro Manila,NCR,2023-07-04
CUST-00782,Pasig,Metro Manila,NCR,2023-11-25
CUST-00783,Iloilo City,Iloilo,Western Visayas,2023-10-10
CUST-00784,Davao City,Davao del Sur,Davao Region,2023-10-20
CUST-00785,Davao City,Davao del Sur,Davao Region,2023-01-11
CUST-00786,General Santos,South Cotabato,SOCCSKSARGEN,2023-08-08
CUST-00787,General Santos,South Cotabato,SOCCSKSARGEN,2023-02-15
CUST-00788,Zamboanga City,Zamboanga del Sur,Zamboanga Peninsula,2023-06-14
CUST-00789,Quezon City,Metro Manila,NCR,2023-07-01
CUST-00790,Manila,Metro Manila,NCR,2023-01-24
CUST-00791,Pasig,Metro Manila,NCR,2023-04-24
CUST-00792,Angeles,Pampanga,Central Luzon,2023-10-06
CUST-00793,Quezon City,Metro Manila,NCR,2023-09-21
CUST-00794,Davao City,Davao del Sur,Davao Region,2023-05-03
CUST-00795,Baguio,Benguet,CAR,2024-01-01
CUST-00796,Angeles,Pampanga,Central Luzon,2023-11-07
CUST-00797,Manila,Metro Manila,NCR,2023-12-05
CUST-00798,Taguig,Metro Manila,NCR,2023-04-16
CUST-00799,Manila,Metro Manila,NCR,2023-07-24
CUST-00800,Davao City,Davao del Sur,Davao Region,2023-12-28
CUST-00801,Malolos,Bulacan,Central Luzon,2023-04-06
CUST-00802,Mandaue,Cebu,Central Visayas,2023-05-07
CUST-00803,Pasig,Metro Manila,NCR,2023-04-14
CUST-00804,Antipolo,Rizal,Calabarzon,2023-11-03
CUST-00805,Bacoor,Cavite,Calabarzon,2023-02-16
CUST-00806,Iloilo City,Iloilo,Western Visayas,2023-10-28
CUST-00807,Iloilo City,Iloilo,Western Visayas,2023-06-07
CUST-00808,Makati,Metro Manila,NCR,2023-06-11
CUST-00809,Cagayan de Oro,Misamis Oriental,Northern Mindanao,2023-10-14
CUST-00810,Manila,Metro Manila,NCR,2023-08-17
CUST-00811,Davao City,Davao del Sur,Davao Region,2023-12-13
CUST-00812,Quezon City,Metro Manila,NCR,2023-07-13
CUST-00813,Taguig,Metro Manila,NCR,2023-04-29
CUST-00814,Davao City,Davao del Sur,Davao Region,2023-09-11
CUST-00815,Makati,Metro Manila,NCR,2023-06-19
CUST-00816,Bacoor,Cavite,Calabarzon,2023-01-18
CUST-00817,Bacoor,Cavite,Calabarzon,2023-10-08
CUST-00818,Taguig,Metro Manila,NCR,2023-09-17
CUST-00819,Cebu City,Cebu,Central Visayas,2023-11-19
CUST-00820,Davao City,Davao del Sur,Davao Region,2023-06-18
CUST-00821,Davao City,Davao del Sur,Davao Region,2023-10-19
CUST-00822,Caloocan,Metro Manila,NCR,2023-02-24
CUST-00823,Angeles,Pampanga,Central Luzon,2023-09-17
CUST-00824,Taguig,Metro Manila,NCR,2023-05-04
CUST-00825,Taguig,Metro Manila,NCR,2023-10-24
CUST-00826,Manila,Metro Manila,NCR,2023-09-06
CUST-00827,Cagayan de Oro,Misamis Oriental,Northern Mindanao,2023-10-31
CUST-00828,Davao City,Davao del Sur,Davao Region,2023-06-14
CUST-00829,Iloilo City,Iloilo,Western Visayas,2023-12-22
CUST-00830,Lipa,Batangas,Calabarzon,2023-12-02
CUST-00831,Lipa,Batangas,Calabarzon,2023-07-02
CUST-00832,Angeles,Pampanga,Central Luzon,2023-06-16
CUST-00833,Angeles,Pampanga,Central Luzon,2023-09-03
CUST-00834,Bacoor,Cavite,Calabarzon,2023-07-28
CUST-00835,Manila,Metro Manila,NCR,2023-08-02
CUST-00836,Manila,Metro Manila,NCR,2023-03-31
CUST-00837,Cagayan de Oro,Misamis Oriental,Northern Mindanao,2023-07-23
CUST-00838,Santa Rosa,Laguna,Calabarzon,2023-02-26
CUST-00839,Zamboanga City,Zamboanga del Sur,Zamboanga Peninsula,2023-10-14
CUST-00840,Manila,Metro Manila,NCR,2023-10-21
CUST-00841,Angeles,Pampanga,Central Luzon,2023-08-07
CUST-00842,Makati,Metro Manila,NCR,2023-12-03
CUST-00843,Taguig,Metro Manila,NCR,2023-05-02
CUST-00844,Quezon City,Metro Manila,NCR,2023-08-12
CUST-00845,Manila,Metro Manila,NCR,2023-08-21
CUST-00846,Cagayan de Oro,Misamis Oriental,Northern Mindanao,2023-06-21
CUST-00847,Caloocan,Metro Manila,NCR,2023-12-03
CUST-00848,Baguio,Benguet,CAR,2023-08-17
CUST-00849,Santa Rosa,Laguna,Calabarzon,2023-01-12
CUST-00850,Antipolo,Rizal,Calabarzon,2023-05-17
CUST-00851,Angeles,Pampanga,Central Luzon,2023-06-06
CUST-00852,Makati,Metro Manila,NCR,2023-07-01
CUST-00853,General Santos,South Cotabato,SOCCSKSARGEN,2023-07-14
CUST-00854,Bacolod,Negros Occidental,Western Visayas,2023-01-25
CUST-00855,Mandaue,Cebu,Central Visayas,2023-01-27
CUST-00856,Santa Rosa,Laguna,Calabarzon,2023-08-05
CUST-00857,Manila,Metro Manila,NCR,2023-01-29
CUST-00858,Cagayan de Oro,Misamis Oriental,Northern Mindanao,2023-12-02
CUST-00859,Caloocan,Metro Manila,NCR,2023-09-07
CUST-00860,Quezon City,Metro Manila,NCR,2023-09-13
CUST-00861,Caloocan,Metro Manila,NCR,2023-04-22
CUST-00862,Bacolod,Negros Occidental,Western Visayas,2023-05-25
CUST-00863,Baguio,Benguet,CAR,2023-07-13
CUST-00864,Iloilo City,Iloilo,Western Visayas,2023-09-30
CUST-00865,Bacolod,Negros Occidental,Western Visayas,2023-06-30
CUST-00866,Makati,Metro Manila,NCR,2023-09-25
CUST-00867,Cagayan de Oro,Misamis Oriental,Northern Mindanao,2023-07-04
CUST-00868,Bacoor,Cavite,Calabarzon,2023-08-31
CUST-00869,Legazpi,Albay,Bicol,2023-02-11
CUST-00870,Quezon City,Metro Manila,NCR,2023-04-04
CUST-00871,General Santos,South Cotabato,SOCCSKSARGEN,2023-10-30
CUST-00872,Pasig,Metro Manila,NCR,2023-01-23
CUST-00873,Quezon City,Metro Manila,NCR,2023-05-06
CUST-00874,Santa Rosa,Laguna,Calabarzon,2023-08-27
CUST-00875,Manila,Metro Manila,NCR,2023-06-22
CUST-00876,Manila,Metro Manila,NCR,2023-10-22
CUST-00877,Legazpi,Albay,Bicol,2023-12-15
CUST-00878,Antipolo,Rizal,Calabarzon,2023-08-01
CUST-00879,Cagayan de Oro,Misamis Oriental,Northern Mindanao,2023-03-22
CUST-00880,Pasig,Metro Manila,NCR,2023-08-26
CUST-00881,Cebu City,Cebu,Central Visayas,2023-08-14
CUST-00882,Santa Rosa,Laguna,Calabarzon,2023-01-05
CUST-00883,Cebu City,Cebu,Central Visayas,2023-01-06
CUST-00884,Malolos,Bulacan,Central Luzon,2023-07-16
CUST-00885,Santa Rosa,Laguna,Calabarzon,2023-12-16
CUST-00886,Cagayan de Oro,Misamis Oriental,Northern Mindanao,2023-04-29
CUST-00887,Caloocan,Metro Manila,NCR,2023-04-16
CUST-00888,Manila,Metro Manila,NCR,2023-02-02
CUST-00889,Cebu City,Cebu,Central Visayas,2023-01-20
CUST-00890,Davao City,Davao del Sur,Davao Region,2023-05-17
CUST-00891,Quezon City,Metro Manila,NCR,2023-11-23
CUST-00892,Bacoor,Cavite,Calabarzon,2023-10-02
CUST-00893,Davao City,Davao del Sur,Davao Region,2023-04-15
CUST-00894,Mandaue,Cebu,Central Visayas,2023-05-25
CUST-00895,General Santos,South Cotabato,SOCCSKSARGEN,2023-07-26
CUST-00896,Angeles,Pampanga,Central Luzon,2023-08-08
CUST-00897,Cebu City,Cebu,Central Visayas,2023-04-18
CUST-00898,Pasig,Metro Manila,NCR,2023-07-31
CUST-00899,Cagayan de Oro,Misamis Oriental,Northern Mindanao,2023-11-06
CUST-00900,Antipolo,Rizal,Calabarzon,2023-01-09
CUST-00901,Mandaue,Cebu,Central Visayas,2023-08-27
CUST-00902,Antipolo,Rizal,Calabarzon,2023-09-22
CUST-00903,Angeles,Pampanga,Central Luzon,2023-12-07
CUST-00904,Cebu City,Cebu,Central Visayas,2023-07-14
CUST-00905,Lipa,Batangas,Calabarzon,2023-01-07
CUST-00906,Davao City,Davao del Sur,Davao Region,2023-11-04
CUST-00907,Bacoor,Cavite,Calabarzon,2023-10-04
CUST-00908,Legazpi,Albay,Bicol,2023-10-28
CUST-00909,Caloocan,Metro Manila,NCR,2023-11-28
CUST-00910,Bacoor,Cavite,Calabarzon,2023-05-26
CUST-00911,Bacoor,Cavite,Calabarzon,2023-09-15
CUST-00912,Manila,Metro Manila,NCR,2023-04-02
CUST-00913,Quezon City,Metro Manila,NCR,2023-08-08
CUST-00914,Cebu City,Cebu,Central Visayas,2023-05-14
CUST-00915,Cebu City,Cebu,Central Visayas,2023-11-30
CUST-00916,Cebu City,Cebu,Central Visayas,2023-09-03
CUST-00917,Quezon City,Metro Manila,NCR,2023-08-03
CUST-00918,Caloocan,Metro Manila,NCR,2023-12-11
CUST-00919,Makati,Metro Manila,NCR,2023-08-01
CUST-00920,Iloilo City,Iloilo,Western Visayas,2023-07-14
CUST-00921,Davao City,Davao del Sur,Davao Region,2023-08-07
CUST-00922,Taguig,Metro Manila,NCR,2023-07-01
CUST-00923,Cebu City,Cebu,Central Visayas,2023-03-17
CUST-00924,Manila,Metro Manila,NCR,2023-03-26
CUST-00925,Pasig,Metro Manila,NCR,2023-12-27
CUST-00926,Manila,Metro Manila,NCR,2023-05-13
CUST-00927,Pasig,Metro Manila,NCR,2023-02-06
CUST-00928,Cebu City,Cebu,Central Visayas,2023-02-17
CUST-00929,Davao City,Davao del Sur,Davao Region,2023-09-05
CUST-00930,Makati,Metro Manila,NCR,2023-03-22
CUST-00931,Angeles,Pampanga,Central Luzon,2023-03-15
CUST-00932,Cebu City,Cebu,Central Visayas,2023-08-21
CUST-00933,Zamboanga City,Zamboanga del Sur,Zamboanga Peninsula,2023-02-18
CUST-00934,Baguio,Benguet,CAR,2023-05-16
CUST-00935,Taguig,Metro Manila,NCR,2023-04-02
CUST-00936,Baguio,Benguet,CAR,2023-04-04
CUST-00937,Pasig,Metro Manila,NCR,2023-03-22
CUST-00938,Zamboanga City,Zamboanga del Sur,Zamboanga Peninsula,2023-01-17
CUST-00939,Antipolo,Rizal,Calabarzon,2023-02-23
CUST-00940,Cebu City,Cebu,Central Visayas,2023-07-31
CUST-00941,Quezon City,Metro Manila,NCR,2023-06-10
CUST-00942,Antipolo,Rizal,Calabarzon,2023-05-10
CUST-00943,Davao City,Davao del Sur,Davao Region,2023-02-23
CUST-00944,Baguio,Benguet,CAR,2023-08-11
CUST-00945,Bacoor,Cavite,Calabarzon,2023-09-09
CUST-00946,Cagayan de Oro,Misamis Oriental,Northern Mindanao,2023-04-07
CUST-00947,Davao City,Davao del Sur,Davao Region,2023-01-18
CUST-00948,Caloocan,Metro Manila,NCR,2023-02-03
CUST-00949,Angeles,Pampanga,Central Luzon,2023-11-08
CUST-00950,Lipa,Batangas,Calabarzon,2023-01-31
CUST-00951,Legazpi,Albay,Bicol,2023-03-19
CUST-00952,Caloocan,Metro Manila,NCR,2023-11-05
CUST-00953,Taguig,Metro Manila,NCR,2023-12-30
CUST-00954,Davao City,Davao del Sur,Davao Region,2023-10-19
CUST-00955,Cagayan de Oro,Misamis Oriental,Northern Mindanao,2023-01-27
CUST-00956,Tacloban,Leyte,Eastern Visayas,2023-04-01
CUST-00957,General Santos,South Cotabato,SOCCSKSARGEN,2023-06-06
CUST-00958,Mandaue,Cebu,Central Visayas,2023-05-16
CUST-00959,Iloilo City,Iloilo,Western Visayas,2023-08-04
CUST-00960,Iloilo City,Iloilo,Western Visayas,2023-02-05
CUST-00961,Santa Rosa,Laguna,Calabarzon,2023-11-05
CUST-00962,Santa Rosa,Laguna,Calabarzon,2023-09-09
CUST-00963,Taguig,Metro Manila,NCR,2023-10-20
CUST-00964,Legazpi,Albay,Bicol,2023-02-26
CUST-00965,Pasig,Metro Manila,NCR,2023-06-18
CUST-00966,Taguig,Metro Manila,NCR,2023-04-27
CUST-00967,Malolos,Bulacan,Central Luzon,2023-01-31
CUST-00968,Bacoor,Cavite,Calabarzon,2023-10-22
CUST-00969,Makati,Metro Manila,NCR,2023-01-14
CUST-00970,Bacolod,Negros Occidental,Western Visayas,2023-11-16
CUST-00971,Davao City,Davao del Sur,Davao Region,2023-04-01
CUST-00972,Manila,Metro Manila,NCR,2023-04-20
CUST-00973,Quezon City,Metro Manila,NCR,2023-03-06
CUST-00974,Caloocan,Metro Manila,NCR,2023-11-05
CUST-00975,Bacolod,Negros Occidental,Western Visayas,2023-01-16
CUST-00976,Tacloban,Leyte,Eastern Visayas,2023-03-18
CUST-00977,Manila,Metro Manila,NCR,2023-11-22
CUST-00978,Iloilo City,Iloilo,Western Visayas,2023-06-12
CUST-00979,Manila,Metro Manila,NCR,2023-03-09
CUST-00980,Antipolo,Rizal,Calabarzon,2023-07-11
CUST-00981,General Santos,South Cotabato,SOCCSKSARGEN,2023-08-15
CUST-00982,Makati,Metro Manila,NCR,2023-09-23
CUST-00983,Manila,Metro Manila,NCR,2023-06-27
CUST-00984,Bacoor,Cavite,Calabarzon,2023-01-07
CUST-00985,Baguio,Benguet,CAR,2023-05-25
CUST-00986,Cagayan de Oro,Misamis Oriental,Northern Mindanao,2023-04-13
CUST-00987,General Santos,South Cotabato,SOCCSKSARGEN,2023-03-23
CUST-00988,Quezon City,Metro Manila,NCR,2023-03-24
CUST-00989,Manila,Metro Manila,NCR,2023-08-08
CUST-00990,Bacolod,Negros Occidental,Western Visayas,2023-03-27
CUST-00991,Taguig,Metro Manila,NCR,2023-09-04
CUST-00992,Davao City,Davao del Sur,Davao Region,2023-06-02
CUST-00993,Cebu City,Cebu,Central Visayas,2023-09-13
CUST-00994,Manila,Metro Manila,NCR,2023-01-24
CUST-00995,Tacloban,Leyte,Eastern Visayas,2023-04-10
CUST-00996,Manila,Metro Manila,NCR,2023-06-02
CUST-00997,Bacoor,Cavite,Calabarzon,2023-07-21
CUST-00998,Angeles,Pampanga,Central Luzon,2023-06-26
CUST-00999,Lipa,Batangas,Calabarzon,2023-03-23
CUST-01000,Cebu City,Cebu,Central Visayas,2023-09-24
CUST-01001,Legazpi,Albay,Bicol,2023-03-05
CUST-01002,General Santos,South Cotabato,SOCCSKSARGEN,2023-09-21
CUST-01003,General Santos,South Cotabato,SOCCSKSARGEN,2023-11-11
CUST-01004,Lipa,Batangas,Calabarzon,2023-04-08
CUST-01005,Quezon City,Metro Manila,NCR,2023-04-18
CUST-01006,Mandaue,Cebu,Central Visayas,2023-09-01
CUST-01007,General Santos,South Cotabato,SOCCSKSARGEN,2023-05-10
CUST-01008,Pasig,Metro Manila,NCR,2023-04-11
CUST-01009,Santa Rosa,Laguna,Calabarzon,2023-03-20
CUST-01010,Bacoor,Cavite,Calabarzon,2023-01-19
CUST-01011,Quezon City,Metro Manila,NCR,2023-02-24
CUST-01012,Cebu City,Cebu,Central Visayas,2023-07-25
CUST-01013,Caloocan,Metro Manila,NCR,2023-10-09
CUST-01014,Bacolod,Negros Occidental,Western Visayas,2023-11-27
CUST-01015,Tacloban,Leyte,Eastern Visayas,2023-06-06
CUST-01016,Bacolod,Negros Occidental,Western Visayas,2023-05-03
CUST-01017,Bacoor,Cavite,Calabarzon,2023-04-24
CUST-01018,Caloocan,Metro Manila,NCR,2023-12-29
CUST-01019,Mandaue,Cebu,Central Visayas,2023-04-21
CUST-01020,Bacolod,Negros Occidental,Western Visayas,2023-03-20
CUST-01021,Lipa,Batangas,Calabarzon,2023-04-13
CUST-01022,Davao City,Davao del Sur,Davao Region,2023-06-24
CUST-01023,Manila,Metro Manila,NCR,2023-12-27
CUST-01024,Davao City,Davao del Sur,Davao Region,2023-07-07
CUST-01025,Quezon City,Metro Manila,NCR,2023-05-11
CUST-01026,Manila,Metro Manila,NCR,2023-06-08
CUST-01027,Angeles,Pampanga,Central Luzon,2023-06-06
CUST-01028,Quezon City,Metro Manila,NCR,2023-06-27
CUST-01029,Quezon City,Metro Manila,NCR,2023-06-14
CUST-01030,Quezon City,Metro Manila,NCR,2023-09-05
CUST-01031,Bacoor,Cavite,Calabarzon,2023-05-26
CUST-01032,Iloilo City,Iloilo,Western Visayas,2023-09-21
CUST-01033,Quezon City,Metro Manila,NCR,2023-07-06
CUST-01034,Legazpi,Albay,Bicol,2023-08-03
CUST-01035,Tacloban,Leyte,Eastern Visayas,2023-04-16
CUST-01036,Manila,Metro Manila,NCR,2023-02-09
CUST-01037,Manila,Metro Manila,NCR,2023-05-15
CUST-01038,Davao City,Davao del Sur,Davao Region,2023-11-13
CUST-01039,Tacloban,Leyte,Eastern Visayas,2023-05-03
CUST-01040,Angeles,Pampanga,Central Luzon,2023-09-05
CUST-01041,Bacolod,Negros Occidental,Western Visayas,2023-12-14
CUST-01042,Quezon City,Metro Manila,NCR,2023-10-23
CUST-01043,Antipolo,Rizal,Calabarzon,2023-01-02
CUST-01044,Mandaue,Cebu,Central Visayas,2023-07-30
CUST-01045,Taguig,Metro Manila,NCR,2023-10-20
CUST-01046,Iloilo City,Iloilo,Western Visayas,2023-11-14
CUST-01047,Lipa,Batangas,Calabarzon,2023-05-09
CUST-01048,Iloilo City,Iloilo,Western Visayas,2023-03-30
CUST-01049,Santa Rosa,Laguna,Calabarzon,2023-08-26
CUST-01050,Antipolo,Rizal,Calabarzon,2023-11-25
CUST-01051,Makati,Metro Manila,NCR,2023-08-25
CUST-01052,Makati,Metro Manila,NCR,2023-05-04
CUST-01053,Iloilo City,Iloilo,Western Visayas,2023-11-21
CUST-01054,Manila,Metro Manila,NCR,2023-09-26
CUST-01055,Quezon City,Metro Manila,NCR,2024-01-01
CUST-01056,Manila,Metro Manila,NCR,2023-07-13
CUST-01057,Manila,Metro Manila,NCR,2023-10-31
CUST-01058,Tacloban,Leyte,Eastern Visayas,2023-10-21
CUST-01059,Antipolo,Rizal,Calabarzon,2023-11-21
CUST-01060,General Santos,South Cotabato,SOCCSKSARGEN,2023-04-10
CUST-01061,Manila,Metro Manila,NCR,2023-07-07
CUST-01062,Legazpi,Albay,Bicol,2023-01-20
CUST-01063,Bacoor,Cavite,Calabarzon,2023-08-10
CUST-01064,Antipolo,Rizal,Calabarzon,2023-10-13
CUST-01065,Davao City,Davao del Sur,Davao Region,2023-10-19
CUST-01066,Zamboanga City,Zamboanga del Sur,Zamboanga Peninsula,2023-01-19
CUST-01067,Davao City,Davao del Sur,Davao Region,2023-05-31
CUST-01068,Makati,Metro Manila,NCR,2023-09-05
CUST-01069,Makati,Metro Manila,NCR,2023-05-08
CUST-01070,Cebu City,Cebu,Central Visayas,2023-06-12
CUST-01071,Pasig,Metro Manila,NCR,2023-11-21
CUST-01072,Mandaue,Cebu,Central Visayas,2023-04-20
CUST-01073,Angeles,Pampanga,Central Luzon,2023-11-19
CUST-01074,Angeles,Pampanga,Central Luzon,2023-10-21
CUST-01075,Tacloban,Leyte,Eastern Visayas,2023-04-16
CUST-01076,Cebu City,Cebu,Central Visayas,2023-07-23
CUST-01077,Quezon City,Metro Manila,NCR,2023-10-12
CUST-01078,Quezon City,Metro Manila,NCR,2023-12-08
CUST-01079,Malolos,Bulacan,Central Luzon,2023-05-30
CUST-01080,Santa Rosa,Laguna,Calabarzon,2023-04-22
CUST-01081,Taguig,Metro Manila,NCR,2023-10-19
CUST-01082,Bacoor,Cavite,Calabarzon,2023-08-02
CUST-01083,Iloilo City,Iloilo,Western Visayas,2023-08-29
CUST-01084,Tacloban,Leyte,Eastern Visayas,2023-02-10
CUST-01085,Angeles,Pampanga,Central Luzon,2023-03-19
CUST-01086,Antipolo,Rizal,Calabarzon,2023-09-23
CUST-01087,Taguig,Metro Manila,NCR,2023-06-28
CUST-01088,Lipa,Batangas,Calabarzon,2023-01-29
CUST-01089,Pasig,Metro Manila,NCR,2023-08-28
CUST-01090,Angeles,Pampanga,Central Luzon,2023-11-11
CUST-01091,Cebu City,Cebu,Central Visayas,2023-09-15
CUST-01092,Quezon City,Metro Manila,NCR,2023-05-25
CUST-01093,Quezon City,Metro Manila,NCR,2023-01-04
CUST-01094,Makati,Metro Manila,NCR,2023-09-11
CUST-01095,Davao City,Davao del Sur,Davao Region,2023-12-11
CUST-01096,Legazpi,Albay,Bicol,2023-10-27
CUST-01097,Manila,Metro Manila,NCR,2023-08-04
CUST-01098,Davao City,Davao del Sur,Davao Region,2023-11-28
CUST-01099,Santa Rosa,Laguna,Calabarzon,2023-12-20
CUST-01100,Santa Rosa,Laguna,Calabarzon,2023-05-07
CUST-01101,Cagayan de Oro,Misamis Oriental,Northern Mindanao,2023-03-07
CUST-01102,Quezon City,Metro Manila,NCR,2023-10-08
CUST-01103,Makati,Metro Manila,NCR,2023-06-25
CUST-01104,Malolos,Bulacan,Central Luzon,2023-06-06
CUST-01105,Makati,Metro Manila,NCR,2023-05-03
CUST-01106,Cebu City,Cebu,Central Visayas,2023-01-09
CUST-01107,Makati,Metro Manila,NCR,2023-02-12
CUST-01108,Quezon City,Metro Manila,NCR,2023-09-08
CUST-01109,Makati,Metro Manila,NCR,2023-01-10
CUST-01110,Bacoor,Cavite,Calabarzon,2023-12-20
CUST-01111,Manila,Metro Manila,NCR,2023-01-15
CUST-01112,Manila,Metro Manila,NCR,2023-11-10
CUST-01113,Davao City,Davao del Sur,Davao Region,2023-11-21
CUST-01114,Pasig,Metro Manila,NCR,2023-11-19
CUST-01115,Antipolo,Rizal,Calabarzon,2023-11-18
CUST-01116,Quezon City,Metro Manila,NCR,2023-07-16
CUST-01117,Antipolo,Rizal,Calabarzon,2023-05-13
CUST-01118,Taguig,Metro Manila,NCR,2023-04-05
CUST-01119,Baguio,Benguet,CAR,2023-12-27
CUST-01120,Makati,Metro Manila,NCR,2023-09-15
CUST-01121,Davao City,Davao del Sur,Davao Region,2023-11-14
CUST-01122,Cagayan de Oro,Misamis Oriental,Northern Mindanao,2023-11-09
CUST-01123,Quezon City,Metro Manila,NCR,2023-04-04
CUST-01124,Manila,Metro Manila,NCR,2023-05-13
CUST-01125,Manila,Metro Manila,NCR,2023-10-17
CUST-01126,Baguio,Benguet,CAR,2023-09-14
CUST-01127,Manila,Metro Manila,NCR,2023-01-29
CUST-01128,Davao City,Davao del Sur,Davao Region,2023-06-06
CUST-01129,Iloilo City,Iloilo,Western Visayas,2023-10-06
CUST-01130,Bacolod,Negros Occidental,Western Visayas,2023-01-26
CUST-01131,Angeles,Pampanga,Central Luzon,2023-10-21
CUST-01132,General Santos,South Cotabato,SOCCSKSARGEN,2023-09-17
CUST-01133,Quezon City,Metro Manila,NCR,2023-04-24
CUST-01134,Antipolo,Rizal,Calabarzon,2023-06-28
CUST-01135,Caloocan,Metro Manila,NCR,2023-12-07
CUST-01136,Cagayan de Oro,Misamis Oriental,Northern Mindanao,2023-03-13
CUST-01137,Malolos,Bulacan,Central Luzon,2023-10-10
CUST-01138,Bacolod,Negros Occidental,Western Visayas,2023-04-24
CUST-01139,Manila,Metro Manila,NCR,2023-09-01
CUST-01140,General Santos,South Cotabato,SOCCSKSARGEN,2023-04-02
CUST-01141,Lipa,Batangas,Calabarzon,2023-02-08
CUST-01142,Lipa,Batangas,Calabarzon,2023-03-26
CUST-01143,Zamboanga City,Zamboanga del Sur,Zamboanga Peninsula,2023-01-30
CUST-01144,Antipolo,Rizal,Calabarzon,2023-06-18
CUST-01145,Antipolo,Rizal,Calabarzon,2023-12-09
CUST-01146,Malolos,Bulacan,Central Luzon,2023-06-20
CUST-01147,Manila,Metro Manila,NCR,2023-07-17
CUST-01148,Pasig,Metro Manila,NCR,2023-04-14
CUST-01149,Makati,Metro Manila,NCR,2023-10-03
CUST-01150,Quezon City,Metro Manila,NCR,2023-04-22
CUST-01151,Davao City,Davao del Sur,Davao Region,2023-07-24
CUST-01152,Malolos,Bulacan,Central Luzon,2023-05-02
CUST-01153,Antipolo,Rizal,Calabarzon,2023-08-01
CUST-01154,Bacoor,Cavite,Calabarzon,2023-08-15
CUST-01155,Bacoor,Cavite,Calabarzon,2023-10-15
CUST-01156,Legazpi,Albay,Bicol,2023-03-05
CUST-01157,Cagayan de Oro,Misamis Oriental,Northern Mindanao,2023-12-07
CUST-01158,Cagayan de Oro,Misamis Oriental,Northern Mindanao,2023-10-07
CUST-01159,Antipolo,Rizal,Calabarzon,2023-07-30
CUST-01160,Caloocan,Metro Manila,NCR,2023-11-06
CUST-01161,Bacoor,Cavite,Calabarzon,2023-02-01
CUST-01162,Angeles,Pampanga,Central Luzon,2023-08-29
CUST-01163,Santa Rosa,Laguna,Calabarzon,2023-10-05
CUST-01164,Cebu City,Cebu,Central Visayas,2023-10-01
CUST-01165,Angeles,Pampanga,Central Luzon,2023-10-24
CUST-01166,Pasig,Metro Manila,NCR,2023-05-04
CUST-01167,Caloocan,Metro Manila,NCR,2023-07-10
CUST-01168,Antipolo,Rizal,Calabarzon,2023-10-09
CUST-01169,Quezon City,Metro Manila,NCR,2023-02-17
CUST-01170,Manila,Metro Manila,NCR,2023-05-07
CUST-01171,Cebu City,Cebu,Central Visayas,2023-08-07
CUST-01172,Antipolo,Rizal,Calabarzon,2023-06-28
CUST-01173,Makati,Metro Manila,NCR,2023-05-07
CUST-01174,Angeles,Pampanga,Central Luzon,2023-11-07
CUST-01175,Iloilo City,Iloilo,Western Visayas,2023-03-12
CUST-01176,Taguig,Metro Manila,NCR,2023-09-29
CUST-01177,Tacloban,Leyte,Eastern Visayas,2023-12-22
CUST-01178,Cagayan de Oro,Misamis Oriental,Northern Mindanao,2023-06-25
CUST-01179,Malolos,Bulacan,Central Luzon,2023-02-16
CUST-01180,Cebu City,Cebu,Central Visayas,2023-04-09
CUST-01181,Quezon City,Metro Manila,NCR,2023-09-11
CUST-01182,Cagayan de Oro,Misamis Oriental,Northern Mindanao,2023-08-09
CUST-01183,Antipolo,Rizal,Calabarzon,2023-05-29
CUST-01184,Cagayan de Oro,Misamis Oriental,Northern Mindanao,2023-10-09
CUST-01185,Malolos,Bulacan,Central Luzon,2023-03-08
CUST-01186,Quezon City,Metro Manila,NCR,2023-09-16
CUST-01187,Quezon City,Metro Manila,NCR,2023-10-14
CUST-01188,Cebu City,Cebu,Central Visayas,2023-11-28
CUST-01189,Angeles,Pampanga,Central Luzon,2023-04-23
CUST-01190,Quezon City,Metro Manila,NCR,2023-12-23
CUST-01191,Mandaue,Cebu,Central Visayas,2023-03-14
CUST-01192,Davao City,Davao del Sur,Davao Region,2023-01-11
CUST-01193,Lipa,Batangas,Calabarzon,2023-11-22
CUST-01194,Santa Rosa,Laguna,Calabarzon,2023-11-27
CUST-01195,Quezon City,Metro Manila,NCR,2023-01-25
CUST-01196,Bacolod,Negros Occidental,Western Visayas,2023-11-17
CUST-01197,Caloocan,Metro Manila,NCR,2023-08-06
CUST-01198,Davao City,Davao del Sur,Davao Region,2023-02-18
CUST-01199,Antipolo,Rizal,Calabarzon,2023-11-12
CUST-01200,Angeles,Pampanga,Central Luzon,2023-05-04
CUST-01201,Taguig,Metro Manila,NCR,2023-08-15
CUST-01202,Manila,Metro Manila,NCR,2023-07-26
CUST-01203,Iloilo City,Iloilo,Western Visayas,2023-01-27
CUST-01204,Lipa,Batangas,Calabarzon,2023-05-10
CUST-01205,Angeles,Pampanga,Central Luzon,2023-09-07
CUST-01206,Zamboanga City,Zamboanga del Sur,Zamboanga Peninsula,2023-01-25
CUST-01207,Zamboanga City,Zamboanga del Sur,Zamboanga Peninsula,2023-06-04
CUST-01208,Davao City,Davao del Sur,Davao Region,2023-11-26
CUST-01209,Makati,Metro Manila,NCR,2023-08-11
CUST-01210,Malolos,Bulacan,Central Luzon,2023-10-05
CUST-01211,Davao City,Davao del Sur,Davao Region,2023-05-12
CUST-01212,Antipolo,Rizal,Calabarzon,2023-02-21
CUST-01213,Quezon City,Metro Manila,NCR,2023-12-18
CUST-01214,Bacolod,Negros Occidental,Western Visayas,2023-03-23
CUST-01215,Santa Rosa,Laguna,Calabarzon,2023-02-01
CUST-01216,Angeles,Pampanga,Central Luzon,2023-01-04
CUST-01217,General Santos,South Cotabato,SOCCSKSARGEN,2023-05-05
CUST-01218,Baguio,Benguet,CAR,2023-09-09
CUST-01219,Bacoor,Cavite,Calabarzon,2023-11-09
CUST-01220,Antipolo,Rizal,Calabarzon,2023-01-22
CUST-01221,Bacoor,Cavite,Calabarzon,2023-08-04
CUST-01222,Manila,Metro Manila,NCR,2023-08-29
CUST-01223,Bacolod,Negros Occidental,Western Visayas,2023-04-09
CUST-01224,Tacloban,Leyte,Eastern Visayas,2023-04-15
CUST-01225,Pasig,Metro Manila,NCR,2023-03-12
CUST-01226,Pasig,Metro Manila,NCR,2023-02-13
CUST-01227,Davao City,Davao del Sur,Davao Region,2023-02-15
CUST-01228,Quezon City,Metro Manila,NCR,2023-10-31
CUST-01229,Lipa,Batangas,Calabarzon,2023-11-01
CUST-01230,Santa Rosa,Laguna,Calabarzon,2023-10-18
CUST-01231,Cebu City,Cebu,Central Visayas,2023-05-18
CUST-01232,Manila,Metro Manila,NCR,2023-06-03
CUST-01233,Cebu City,Cebu,Central Visayas,2023-02-23
CUST-01234,Antipolo,Rizal,Calabarzon,2023-02-28
CUST-01235,Baguio,Benguet,CAR,2023-03-11
CUST-01236,Quezon City,Metro Manila,NCR,2023-12-04
CUST-01237,Santa Rosa,Laguna,Calabarzon,2023-04-23
CUST-01238,Lipa,Batangas,Calabarzon,2023-02-25
CUST-01239,Makati,Metro Manila,NCR,2023-01-08
CUST-01240,Manila,Metro Manila,NCR,2023-08-29
CUST-01241,Makati,Metro Manila,NCR,2023-03-24
CUST-01242,Caloocan,Metro Manila,NCR,2023-08-06
CUST-01243,Quezon City,Metro Manila,NCR,2023-11-04
CUST-01244,Cagayan de Oro,Misamis Oriental,Northern Mindanao,2023-08-30
CUST-01245,Bacoor,Cavite,Calabarzon,2023-10-02
CUST-01246,Bacolod,Negros Occidental,Western Visayas,2023-02-03
CUST-01247,Zamboanga City,Zamboanga del Sur,Zamboanga Peninsula,2023-10-29
CUST-01248,Quezon City,Metro Manila,NCR,2023-11-15
CUST-01249,Legazpi,Albay,Bicol,2023-06-04
CUST-01250,Davao City,Davao del Sur,Davao Region,2023-06-06
CUST-01251,Legazpi,Albay,Bicol,2023-06-11
CUST-01252,Bacoor,Cavite,Calabarzon,2023-11-08
CUST-01253,Bacoor,Cavite,Calabarzon,2023-07-04
CUST-01254,Quezon City,Metro Manila,NCR,2023-01-28
CUST-01255,Angeles,Pampanga,Central Luzon,2023-11-30
CUST-01256,General Santos,South Cotabato,SOCCSKSARGEN,2023-03-16
CUST-01257,Zamboanga City,Zamboanga del Sur,Zamboanga Peninsula,2023-11-17
CUST-01258,Quezon City,Metro Manila,NCR,2023-10-08
CUST-01259,Cebu City,Cebu,Central Visayas,2023-02-08
CUST-01260,Pasig,Metro Manila,NCR,2023-09-15
CUST-01261,Davao City,Davao del Sur,Davao Region,2023-06-25
CUST-01262,Quezon City,Metro Manila,NCR,2023-08-15
CUST-01263,Cagayan de Oro,Misamis Oriental,Northern Mindanao,2023-05-22
CUST-01264,Tacloban,Leyte,Eastern Visayas,2023-08-07
CUST-01265,Manila,Metro Manila,NCR,2023-07-24
CUST-01266,Quezon City,Metro Manila,NCR,2023-03-09
CUST-01267,Tacloban,Leyte,Eastern Visayas,2023-06-13
CUST-01268,Manila,Metro Manila,NCR,2023-06-09
CUST-01269,Angeles,Pampanga,Central Luzon,2023-03-13
CUST-01270,Davao City,Davao del Sur,Davao Region,2023-07-29
CUST-01271,Angeles,Pampanga,Central Luzon,2023-03-07
CUST-01272,Antipolo,Rizal,Calabarzon,2023-04-14
CUST-01273,Bacoor,Cavite,Calabarzon,2023-02-13
CUST-01274,Quezon City,Metro Manila,NCR,2023-07-18
CUST-01275,Zamboanga City,Zamboanga del Sur,Zamboanga Peninsula,2023-06-12
CUST-01276,Pasig,Metro Manila,NCR,2023-11-16
CUST-01277,Makati,Metro Manila,NCR,2023-11-22
CUST-01278,Pasig,Metro Manila,NCR,2023-11-23
CUST-01279,Zamboanga City,Zamboanga del Sur,Zamboanga Peninsula,2023-05-15
CUST-01280,Quezon City,Metro Manila,NCR,2023-09-05
CUST-01281,Davao City,Davao del Sur,Davao Region,2023-09-18
CUST-01282,Cebu City,Cebu,Central Visayas,2023-05-26
CUST-01283,Tacloban,Leyte,Eastern Visayas,2023-08-09
CUST-01284,Zamboanga City,Zamboanga del Sur,Zamboanga Peninsula,2023-11-13
CUST-01285,Tacloban,Leyte,Eastern Visayas,2023-06-12
CUST-01286,Cagayan de Oro,Misamis Oriental,Northern Mindanao,2023-06-15
CUST-01287,Manila,Metro Manila,NCR,2023-11-12
CUST-01288,Bacolod,Negros Occidental,Western Visayas,2023-09-25
CUST-01289,Angeles,Pampanga,Central Luzon,2023-10-07
CUST-01290,Angeles,Pampanga,Central Luzon,2023-04-23
CUST-01291,Davao City,Davao del Sur,Davao Region,2023-10-03
CUST-01292,Zamboanga City,Zamboanga del Sur,Zamboanga Peninsula,2023-12-22
CUST-01293,Cebu City,Cebu,Central Visayas,2023-09-26
CUST-01294,Santa Rosa,Laguna,Calabarzon,2023-07-14
CUST-01295,Santa Rosa,Laguna,Calabarzon,2023-03-27
CUST-01296,Antipolo,Rizal,Calabarzon,2023-12-13
CUST-01297,Antipolo,Rizal,Calabarzon,2023-02-14
CUST-01298,Antipolo,Rizal,Calabarzon,2023-09-03
CUST-01299,Quezon City,Metro Manila,NCR,2023-08-29
CUST-01300,Quezon City,Metro Manila,NCR,2023-12-27
CUST-01301,Iloilo City,Iloilo,Western Visayas,2023-09-23
CUST-01302,Bacoor,Cavite,Calabarzon,2023-07-14
CUST-01303,Cagayan de Oro,Misamis Oriental,Northern Mindanao,2023-05-18
CUST-01304,Baguio,Benguet,CAR,2023-03-28
CUST-01305,Quezon City,Metro Manila,NCR,2023-06-25
CUST-01306,Manila,Metro Manila,NCR,2023-11-26
CUST-01307,Makati,Metro Manila,NCR,2023-08-12
CUST-01308,Zamboanga City,Zamboanga del Sur,Zamboanga Peninsula,2023-04-08
CUST-01309,Makati,Metro Manila,NCR,2023-05-13
CUST-01310,Lipa,Batangas,Calabarzon,2023-06-02
CUST-01311,Cagayan de Oro,Misamis Oriental,Northern Mindanao,2023-06-30
CUST-01312,General Santos,South Cotabato,SOCCSKSARGEN,2023-07-01
CUST-01313,Taguig,Metro Manila,NCR,2023-01-04
CUST-01314,Quezon City,Metro Manila,NCR,2023-05-28
CUST-01315,Manila,Metro Manila,NCR,2023-05-29
CUST-01316,Quezon City,Metro Manila,NCR,2023-09-01
CUST-01317,Makati,Metro Manila,NCR,2023-07-07
CUST-01318,Angeles,Pampanga,Central Luzon,2023-04-17
CUST-01319,Davao City,Davao del Sur,Davao Region,2023-02-22
CUST-01320,Angeles,Pampanga,Central Luzon,2023-03-23
CUST-01321,Baguio,Benguet,CAR,2023-05-05
CUST-01322,Makati,Metro Manila,NCR,2023-03-23
CUST-01323,Bacolod,Negros Occidental,Western Visayas,2023-12-20
CUST-01324,Baguio,Benguet,CAR,2023-09-25
CUST-01325,Davao City,Davao del Sur,Davao Region,2023-10-05
CUST-01326,Cagayan de Oro,Misamis Oriental,Northern Mindanao,2023-05-08
CUST-01327,Caloocan,Metro Manila,NCR,2023-04-02
CUST-01328,Quezon City,Metro Manila,NCR,2023-11-08
CUST-01329,Makati,Metro Manila,NCR,2023-10-23
CUST-01330,Bacoor,Cavite,Calabarzon,2023-07-05
CUST-01331,Cagayan de Oro,Misamis Oriental,Northern Mindanao,2023-01-13
CUST-01332,Antipolo,Rizal,Calabarzon,2024-01-01
CUST-01333,Iloilo City,Iloilo,Western Visayas,2023-02-14
CUST-01334,Angeles,Pampanga,Central Luzon,2023-10-23
CUST-01335,Makati,Metro Manila,NCR,2023-09-25
CUST-01336,Pasig,Metro Manila,NCR,2023-05-16
CUST-01337,Legazpi,Albay,Bicol,2023-04-10
CUST-01338,Cebu City,Cebu,Central Visayas,2023-02-16
CUST-01339,Bacoor,Cavite,Calabarzon,2023-12-30
CUST-01340,Taguig,Metro Manila,NCR,2023-12-15
CUST-01341,Cebu City,Cebu,Central Visayas,2023-07-11
CUST-01342,Manila,Metro Manila,NCR,2023-06-12
CUST-01343,Cagayan de Oro,Misamis Oriental,Northern Mindanao,2023-09-28
CUST-01344,Makati,Metro Manila,NCR,2023-05-14
CUST-01345,Manila,Metro Manila,NCR,2023-09-27
CUST-01346,Lipa,Batangas,Calabarzon,2023-01-26
CUST-01347,Lipa,Batangas,Calabarzon,2023-10-29
CUST-01348,Lipa,Batangas,Calabarzon,2023-05-07
CUST-01349,Bacoor,Cavite,Calabarzon,2023-06-22
CUST-01350,General Santos,South Cotabato,SOCCSKSARGEN,2023-11-25
CUST-01351,Santa Rosa,Laguna,Calabarzon,2023-05-26
CUST-01352,Santa Rosa,Laguna,Calabarzon,2023-11-09
CUST-01353,Bacoor,Cavite,Calabarzon,2023-06-19
CUST-01354,Quezon City,Metro Manila,NCR,2023-05-14
CUST-01355,Malolos,Bulacan,Central Luzon,2023-12-06
CUST-01356,Taguig,Metro Manila,NCR,2023-10-15
CUST-01357,Legazpi,Albay,Bicol,2023-09-16
CUST-01358,Quezon City,Metro Manila,NCR,2023-01-28
CUST-01359,General Santos,South Cotabato,SOCCSKSARGEN,2023-10-13
CUST-01360,Santa Rosa,Laguna,Calabarzon,2023-01-30
CUST-01361,Davao City,Davao del Sur,Davao Region,2023-06-21
CUST-01362,Santa Rosa,Laguna,Calabarzon,2023-01-20
CUST-01363,Quezon City,Metro Manila,NCR,2023-03-04
CUST-01364,Tacloban,Leyte,Eastern Visayas,2023-09-17
CUST-01365,Legazpi,Albay,Bicol,2023-06-11
CUST-01366,Iloilo City,Iloilo,Western Visayas,2023-04-15
CUST-01367,Bacoor,Cavite,Calabarzon,2023-12-04
CUST-01368,Legazpi,Albay,Bicol,2023-05-04
CUST-01369,Davao City,Davao del Sur,Davao Region,2023-07-18
CUST-01370,Legazpi,Albay,Bicol,2023-12-20
CUST-01371,Caloocan,Metro Manila,NCR,2023-02-19
CUST-01372,Cebu City,Cebu,Central Visayas,2023-09-27
CUST-01373,Cebu City,Cebu,Central Visayas,2023-02-16
CUST-01374,Zamboanga City,Zamboanga del Sur,Zamboanga Peninsula,2023-10-18
CUST-01375,Antipolo,Rizal,Calabarzon,2023-06-18
CUST-01376,Bacoor,Cavite,Calabarzon,2023-08-19
CUST-01377,Bacolod,Negros Occidental,Western Visayas,2023-02-10
CUST-01378,Lipa,Batangas,Calabarzon,2023-01-19
CUST-01379,Mandaue,Cebu,Central Visayas,2023-03-26
CUST-01380,Santa Rosa,Laguna,Calabarzon,2023-02-27
CUST-01381,Makati,Metro Manila,NCR,2023-03-27
CUST-01382,Mandaue,Cebu,Central Visayas,2023-09-16
CUST-01383,Manila,Metro Manila,NCR,2023-01-31
CUST-01384,Makati,Metro Manila,NCR,2023-06-22
CUST-01385,Baguio,Benguet,CAR,2023-08-29
CUST-01386,Mandaue,Cebu,Central Visayas,2023-10-23
CUST-01387,Davao City,Davao del Sur,Davao Region,2023-04-17
CUST-01388,Taguig,Metro Manila,NCR,2023-09-22
CUST-01389,Manila,Metro Manila,NCR,2023-05-08
CUST-01390,Zamboanga City,Zamboanga del Sur,Zamboanga Peninsula,2023-12-09
CUST-01391,Manila,Metro Manila,NCR,2023-05-15
CUST-01392,Makati,Metro Manila,NCR,2023-05-12
CUST-01393,Pasig,Metro Manila,NCR,2023-06-24
CUST-01394,Angeles,Pampanga,Central Luzon,2023-05-07
CUST-01395,Davao City,Davao del Sur,Davao Region,2023-01-04
CUST-01396,Iloilo City,Iloilo,Western Visayas,2023-03-01
CUST-01397,Cebu City,Cebu,Central Visayas,2023-07-25
CUST-01398,Manila,Metro Manila,NCR,2023-02-17
CUST-01399,Antipolo,Rizal,Calabarzon,2023-01-18
CUST-01400,Santa Rosa,Laguna,Calabarzon,2023-11-04
CUST-01401,Manila,Metro Manila,NCR,2023-08-23
CUST-01402,Taguig,Metro Manila,NCR,2023-04-05
CUST-01403,Pasig,Metro Manila,NCR,2023-06-28
CUST-01404,Manila,Metro Manila,NCR,2023-11-13
CUST-01405,Angeles,Pampanga,Central Luzon,2023-07-13
CUST-01406,Cebu City,Cebu,Central Visayas,2023-08-18
CUST-01407,Quezon City,Metro Manila,NCR,2023-04-07
CUST-01408,Santa Rosa,Laguna,Calabarzon,2023-06-27
CUST-01409,Iloilo City,Iloilo,Western Visayas,2023-11-11
CUST-01410,Mandaue,Cebu,Central Visayas,2023-12-14
CUST-01411,Bacolod,Negros Occidental,Western Visayas,2023-09-19
CUST-01412,Bacoor,Cavite,Calabarzon,2023-11-05
CUST-01413,Bacolod,Negros Occidental,Western Visayas,2023-02-16
CUST-01414,Taguig,Metro Manila,NCR,2023-09-25
CUST-01415,Antipolo,Rizal,Calabarzon,2023-05-15
CUST-01416,Manila,Metro Manila,NCR,2023-11-16
CUST-01417,Santa Rosa,Laguna,Calabarzon,2023-07-24
CUST-01418,Antipolo,Rizal,Calabarzon,2023-01-26
CUST-01419,Taguig,Metro Manila,NCR,2023-05-12
CUST-01420,Iloilo City,Iloilo,Western Visayas,2023-09-18
CUST-01421,Pasig,Metro Manila,NCR,2023-04-04
CUST-01422,Taguig,Metro Manila,NCR,2023-07-03
CUST-01423,Manila,Metro Manila,NCR,2023-10-08
CUST-01424,Bacoor,Cavite,Calabarzon,2023-01-03
CUST-01425,Pasig,Metro Manila,NCR,2023-01-24
CUST-01426,Antipolo,Rizal,Calabarzon,2023-06-09
CUST-01427,Taguig,Metro Manila,NCR,2023-12-20
CUST-01428,Iloilo City,Iloilo,Western Visayas,2023-08-04
CUST-01429,Cagayan de Oro,Misamis Oriental,Northern Mindanao,2023-06-28
CUST-01430,Lipa,Batangas,Calabarzon,2023-01-27
CUST-01431,Legazpi,Albay,Bicol,2023-04-09
CUST-01432,Davao City,Davao del Sur,Davao Region,2023-10-12
CUST-01433,General Santos,South Cotabato,SOCCSKSARGEN,2023-06-29
CUST-01434,Baguio,Benguet,CAR,2023-10-28
CUST-01435,Davao City,Davao del Sur,Davao Region,2023-07-13
CUST-01436,Davao City,Davao del Sur,Davao Region,2023-06-20
CUST-01437,Bacolod,Negros Occidental,Western Visayas,2023-06-29
CUST-01438,Santa Rosa,Laguna,Calabarzon,2023-07-30
CUST-01439,Quezon City,Metro Manila,NCR,2023-07-26
CUST-01440,Quezon City,Metro Manila,NCR,2023-03-17
CUST-01441,Santa Rosa,Laguna,Calabarzon,2023-07-01
CUST-01442,Lipa,Batangas,Calabarzon,2023-12-17
CUST-01443,Bacoor,Cavite,Calabarzon,2023-04-06
CUST-01444,Angeles,Pampanga,Central Luzon,2023-05-21
CUST-01445,Angeles,Pampanga,Central Luzon,2023-04-23
CUST-01446,Tacloban,Leyte,Eastern Visayas,2023-04-17
CUST-01447,Manila,Metro Manila,NCR,2023-10-30
CUST-01448,Makati,Metro Manila,NCR,2023-01-12
CUST-01449,Bacolod,Negros Occidental,Western Visayas,2023-01-05
CUST-01450,Davao City,Davao del Sur,Davao Region,2023-11-09
CUST-01451,General Santos,South Cotabato,SOCCSKSARGEN,2023-10-14
CUST-01452,Davao City,Davao del Sur,Davao Region,2023-10-04
CUST-01453,Davao City,Davao del Sur,Davao Region,2023-01-14
CUST-01454,Pasig,Metro Manila,NCR,2023-01-26
CUST-01455,Antipolo,Rizal,Calabarzon,2023-09-27
CUST-01456,Taguig,Metro Manila,NCR,2023-05-16
CUST-01457,Malolos,Bulacan,Central Luzon,2023-10-05
CUST-01458,Cagayan de Oro,Misamis Oriental,Northern Mindanao,2023-12-19
CUST-01459,Caloocan,Metro Manila,NCR,2023-10-09
CUST-01460,Angeles,Pampanga,Central Luzon,2023-12-04
CUST-01461,Pasig,Metro Manila,NCR,2023-02-26
CUST-01462,Manila,Metro Manila,NCR,2023-03-21
CUST-01463,Makati,Metro Manila,NCR,2023-10-26
CUST-01464,Quezon City,Metro Manila,NCR,2023-06-08
CUST-01465,Cagayan de Oro,Misamis Oriental,Northern Mindanao,2023-10-19
CUST-01466,Antipolo,Rizal,Calabarzon,2023-06-09
CUST-01467,Tacloban,Leyte,Eastern Visayas,2023-02-08
CUST-01468,Cebu City,Cebu,Central Visayas,2023-02-14
CUST-01469,Makati,Metro Manila,NCR,2023-03-03
CUST-01470,Manila,Metro Manila,NCR,2023-10-05
CUST-01471,Bacolod,Negros Occidental,Western Visayas,2023-10-24
CUST-01472,Taguig,Metro Manila,NCR,2023-11-04
CUST-01473,Davao City,Davao del Sur,Davao Region,2023-11-16
CUST-01474,Manila,Metro Manila,NCR,2023-05-22
CUST-01475,Cebu City,Cebu,Central Visayas,2023-05-06
CUST-01476,Bacolod,Negros Occidental,Western Visayas,2023-02-13
CUST-01477,Taguig,Metro Manila,NCR,2023-11-30
CUST-01478,Pasig,Metro Manila,NCR,2023-09-27
CUST-01479,Zamboanga City,Zamboanga del Sur,Zamboanga Peninsula,2023-04-11
CUST-01480,Taguig,Metro Manila,NCR,2023-04-28
CUST-01481,Bacoor,Cavite,Calabarzon,2023-07-29
CUST-01482,Bacoor,Cavite,Calabarzon,2023-11-07
CUST-01483,Taguig,Metro Manila,NCR,2023-07-09
CUST-01484,Iloilo City,Iloilo,Western Visayas,2023-10-31
CUST-01485,Iloilo City,Iloilo,Western Visayas,2023-06-20
CUST-01486,Antipolo,Rizal,Calabarzon,2023-02-06
CUST-01487,Tacloban,Leyte,Eastern Visayas,2023-10-22
CUST-01488,Makati,Metro Manila,NCR,2023-11-19
CUST-01489,Quezon City,Metro Manila,NCR,2023-04-07
CUST-01490,Angeles,Pampanga,Central Luzon,2023-12-24
CUST-01491,General Santos,South Cotabato,SOCCSKSARGEN,2023-01-08
CUST-01492,Quezon City,Metro Manila,NCR,2023-03-25
CUST-01493,Makati,Metro Manila,NCR,2023-08-07
CUST-01494,Lipa,Batangas,Calabarzon,2023-08-22
CUST-01495,Bacolod,Negros Occidental,Western Visayas,2023-08-13
CUST-01496,Quezon City,Metro Manila,NCR,2023-08-10
CUST-01497,Antipolo,Rizal,Calabarzon,2023-03-01
CUST-01498,Mandaue,Cebu,Central Visayas,2023-03-16
CUST-01499,Antipolo,Rizal,Calabarzon,2023-10-19
CUST-01500,Makati,Metro Manila,NCR,2023-10-28
CUST-01501,Makati,Metro Manila,NCR,2023-06-18
CUST-01502,Bacoor,Cavite,Calabarzon,2023-05-09
CUST-01503,Santa Rosa,Laguna,Calabarzon,2023-04-11
CUST-01504,Davao City,Davao del Sur,Davao Region,2023-09-09
CUST-01505,Legazpi,Albay,Bicol,2023-07-09
CUST-01506,Cebu City,Cebu,Central Visayas,2023-11-24
CUST-01507,General Santos,South Cotabato,SOCCSKSARGEN,2023-07-19
CUST-01508,Bacoor,Cavite,Calabarzon,2023-04-26
CUST-01509,Antipolo,Rizal,Calabarzon,2023-09-12
CUST-01510,Cagayan de Oro,Misamis Oriental,Northern Mindanao,2023-09-07
CUST-01511,Taguig,Metro Manila,NCR,2023-07-17
CUST-01512,Mandaue,Cebu,Central Visayas,2023-02-19
CUST-01513,Iloilo City,Iloilo,Western Visayas,2023-05-26
CUST-01514,Quezon City,Metro Manila,NCR,2023-01-31
CUST-01515,Santa Rosa,Laguna,Calabarzon,2023-12-10
CUST-01516,Makati,Metro Manila,NCR,2023-02-26
CUST-01517,Makati,Metro Manila,NCR,2023-12-17
CUST-01518,Santa Rosa,Laguna,Calabarzon,2023-09-06
CUST-01519,Pasig,Metro Manila,NCR,2023-07-30
CUST-01520,Bacolod,Negros Occidental,Western Visayas,2023-10-07
CUST-01521,Davao City,Davao del Sur,Davao Region,2023-01-05
CUST-01522,Bacolod,Negros Occidental,Western Visayas,2023-02-10
CUST-01523,Taguig,Metro Manila,NCR,2023-06-07
CUST-01524,Pasig,Metro Manila,NCR,2023-07-20
CUST-01525,Taguig,Metro Manila,NCR,2023-03-29
CUST-01526,Manila,Metro Manila,NCR,2023-04-18
CUST-01527,Cagayan de Oro,Misamis Oriental,Northern Mindanao,2023-07-10
CUST-01528,Antipolo,Rizal,Calabarzon,2023-03-06
CUST-01529,Makati,Metro Manila,NCR,2023-10-23
CUST-01530,Davao City,Davao del Sur,Davao Region,2023-09-22
CUST-01531,Antipolo,Rizal,Calabarzon,2023-12-26
CUST-01532,Quezon City,Metro Manila,NCR,2023-11-19
CUST-01533,Manila,Metro Manila,NCR,2023-10-21
CUST-01534,Legazpi,Albay,Bicol,2023-05-18
CUST-01535,Iloilo City,Iloilo,Western Visayas,2023-02-23
CUST-01536,Makati,Metro Manila,NCR,2023-05-31
CUST-01537,Cagayan de Oro,Misamis Oriental,Northern Mindanao,2023-07-23
CUST-01538,Davao City,Davao del Sur,Davao Region,2023-09-25
CUST-01539,Davao City,Davao del Sur,Davao Region,2023-11-25
CUST-01540,Taguig,Metro Manila,NCR,2023-06-02
CUST-01541,Quezon City,Metro Manila,NCR,2023-11-11
CUST-01542,Davao City,Davao del Sur,Davao Region,2023-03-19
CUST-01543,Pasig,Metro Manila,NCR,2023-08-05
CUST-01544,Baguio,Benguet,CAR,2023-08-27
CUST-01545,Iloilo City,Iloilo,Western Visayas,2023-12-23
CUST-01546,Manila,Metro Manila,NCR,2023-10-05
CUST-01547,Iloilo City,Iloilo,Western Visayas,2023-12-28
CUST-01548,Cagayan de Oro,Misamis Oriental,Northern Mindanao,2023-04-12
CUST-01549,Mandaue,Cebu,Central Visayas,2023-07-07
CUST-01550,Bacoor,Cavite,Calabarzon,2023-03-21
CUST-01551,Davao City,Davao del Sur,Davao Region,2023-06-09
CUST-01552,Angeles,Pampanga,Central Luzon,2023-01-18
CUST-01553,Mandaue,Cebu,Central Visayas,2023-03-21
CUST-01554,Bacolod,Negros Occidental,Western Visayas,2023-11-09
CUST-01555,Mandaue,Cebu,Central Visayas,2023-11-20
CUST-01556,Pasig,Metro Manila,NCR,2023-02-11
CUST-01557,Manila,Metro Manila,NCR,2023-09-25
CUST-01558,Taguig,Metro Manila,NCR,2023-03-28
CUST-01559,Lipa,Batangas,Calabarzon,2023-05-17
CUST-01560,Lipa,Batangas,Calabarzon,2023-04-20
CUST-01561,Malolos,Bulacan,Central Luzon,2023-09-26
CUST-01562,Antipolo,Rizal,Calabarzon,2023-09-09
CUST-01563,Bacolod,Negros Occidental,Western Visayas,2023-06-13
CUST-01564,Davao City,Davao del Sur,Davao Region,2023-12-24
CUST-01565,Taguig,Metro Manila,NCR,2023-09-10
CUST-01566,Mandaue,Cebu,Central Visayas,2023-06-30
CUST-01567,Cebu City,Cebu,Central Visayas,2023-10-19
CUST-01568,Lipa,Batangas,Calabarzon,2023-09-19
CUST-01569,Makati,Metro Manila,NCR,2023-01-08
CUST-01570,Bacolod,Negros Occidental,Western Visayas,2023-09-18
CUST-01571,Zamboanga City,Zamboanga del Sur,Zamboanga Peninsula,2023-02-06
CUST-01572,Cebu City,Cebu,Central Visayas,2023-01-28
CUST-01573,Cagayan de Oro,Misamis Oriental,Northern Mindanao,2023-05-01
CUST-01574,General Santos,South Cotabato,SOCCSKSARGEN,2023-11-07
CUST-01575,Caloocan,Metro Manila,NCR,2023-10-18
CUST-01576,Legazpi,Albay,Bicol,2023-01-26
CUST-01577,Santa Rosa,Laguna,Calabarzon,2024-01-01
CUST-01578,General Santos,South Cotabato,SOCCSKSARGEN,2023-07-02
CUST-01579,Quezon City,Metro Manila,NCR,2023-05-29
CUST-01580,Bacoor,Cavite,Calabarzon,2023-03-02
CUST-01581,Davao City,Davao del Sur,Davao Region,2023-02-09
CUST-01582,Pasig,Metro Manila,NCR,2023-09-20
CUST-01583,Bacolod,Negros Occidental,Western Visayas,2023-07-02
CUST-01584,Antipolo,Rizal,Calabarzon,2023-05-15
CUST-01585,General Santos,South Cotabato,SOCCSKSARGEN,2023-01-14
CUST-01586,Davao City,Davao del Sur,Davao Region,2023-06-12
CUST-01587,Pasig,Metro Manila,NCR,2023-11-18
CUST-01588,Iloilo City,Iloilo,Western Visayas,2023-01-29
CUST-01589,Caloocan,Metro Manila,NCR,2023-06-28
CUST-01590,Malolos,Bulacan,Central Luzon,2023-10-28
CUST-01591,Cebu City,Cebu,Central Visayas,2023-10-24
CUST-01592,Tacloban,Leyte,Eastern Visayas,2023-10-19
CUST-01593,Quezon City,Metro Manila,NCR,2023-04-13
CUST-01594,Makati,Metro Manila,NCR,2023-01-20
CUST-01595,Cebu City,Cebu,Central Visayas,2023-07-24
CUST-01596,Angeles,Pampanga,Central Luzon,2023-11-27
CUST-01597,Lipa,Batangas,Calabarzon,2023-02-11
CUST-01598,Quezon City,Metro Manila,NCR,2023-05-15
CUST-01599,Caloocan,Metro Manila,NCR,2023-06-07
CUST-01600,Davao City,Davao del Sur,Davao Region,2023-12-10
CUST-01601,Quezon City,Metro Manila,NCR,2023-01-12
CUST-01602,Antipolo,Rizal,Calabarzon,2023-12-04
CUST-01603,Cagayan de Oro,Misamis Oriental,Northern Mindanao,2023-05-24
CUST-01604,Quezon City,Metro Manila,NCR,2023-05-29
CUST-01605,Mandaue,Cebu,Central Visayas,2023-06-28
CUST-01606,Taguig,Metro Manila,NCR,2023-06-14
CUST-01607,Davao City,Davao del Sur,Davao Region,2023-08-09
CUST-01608,Mandaue,Cebu,Central Visayas,2023-06-06
CUST-01609,Davao City,Davao del Sur,Davao Region,2023-08-22
CUST-01610,Makati,Metro Manila,NCR,2023-07-13
CUST-01611,Angeles,Pampanga,Central Luzon,2023-04-29
CUST-01612,Iloilo City,Iloilo,Western Visayas,2023-04-06
CUST-01613,Taguig,Metro Manila,NCR,2023-11-07
CUST-01614,Taguig,Metro Manila,NCR,2023-01-04
CUST-01615,Quezon City,Metro Manila,NCR,2023-11-27
CUST-01616,Zamboanga City,Zamboanga del Sur,Zamboanga Peninsula,2023-09-23
CUST-01617,Cebu City,Cebu,Central Visayas,2023-08-28
CUST-01618,Legazpi,Albay,Bicol,2023-09-05
CUST-01619,Mandaue,Cebu,Central Visayas,2023-08-26
CUST-01620,Angeles,Pampanga,Central Luzon,2023-09-06
CUST-01621,Santa Rosa,Laguna,Calabarzon,2023-07-26
CUST-01622,Bacoor,Cavite,Calabarzon,2023-03-29
CUST-01623,Legazpi,Albay,Bicol,2023-03-05
CUST-01624,Makati,Metro Manila,NCR,2023-08-27
CUST-01625,Davao City,Davao del Sur,Davao Region,2023-09-29
CUST-01626,Bacolod,Negros Occidental,Western Visayas,2023-04-29
CUST-01627,Caloocan,Metro Manila,NCR,2023-12-11
CUST-01628,Malolos,Bulacan,Central Luzon,2023-07-23
CUST-01629,Manila,Metro Manila,NCR,2023-10-13
CUST-01630,Zamboanga City,Zamboanga del Sur,Zamboanga Peninsula,2023-05-25
CUST-01631,Davao City,Davao del Sur,Davao Region,2023-12-04
CUST-01632,Cagayan de Oro,Misamis Oriental,Northern Mindanao,2023-03-05
CUST-01633,Caloocan,Metro Manila,NCR,2023-09-25
CUST-01634,Manila,Metro Manila,NCR,2023-06-28
CUST-01635,Makati,Metro Manila,NCR,2023-06-07
CUST-01636,Quezon City,Metro Manila,NCR,2023-07-12
CUST-01637,Manila,Metro Manila,NCR,2023-07-22
CUST-01638,Quezon City,Metro Manila,NCR,2023-09-26
CUST-01639,General Santos,South Cotabato,SOCCSKSARGEN,2023-03-26
CUST-01640,Quezon City,Metro Manila,NCR,2023-06-27
CUST-01641,Manila,Metro Manila,NCR,2023-10-15
CUST-01642,Tacloban,Leyte,Eastern Visayas,2023-09-28
CUST-01643,Malolos,Bulacan,Central Luzon,2023-07-25
CUST-01644,Iloilo City,Iloilo,Western Visayas,2023-02-28
CUST-01645,Baguio,Benguet,CAR,2023-01-16
CUST-01646,Davao City,Davao del Sur,Davao Region,2023-08-13
CUST-01647,Legazpi,Albay,Bicol,2023-08-10
CUST-01648,Lipa,Batangas,Calabarzon,2023-11-15
CUST-01649,Cebu City,Cebu,Central Visayas,2023-06-16
CUST-01650,Bacoor,Cavite,Calabarzon,2023-10-06
CUST-01651,Caloocan,Metro Manila,NCR,2023-03-08
CUST-01652,Santa Rosa,Laguna,Calabarzon,2023-06-20
CUST-01653,Manila,Metro Manila,NCR,2023-10-13
CUST-01654,Bacolod,Negros Occidental,Western Visayas,2023-02-01
CUST-01655,Taguig,Metro Manila,NCR,2023-03-10
CUST-01656,Manila,Metro Manila,NCR,2023-09-14
CUST-01657,Taguig,Metro Manila,NCR,2023-11-19
CUST-01658,Tacloban,Leyte,Eastern Visayas,2023-09-27
CUST-01659,Caloocan,Metro Manila,NCR,2023-08-17
CUST-01660,Cebu City,Cebu,Central Visayas,2023-08-06
CUST-01661,Davao City,Davao del Sur,Davao Region,2023-03-07
CUST-01662,Quezon City,Metro Manila,NCR,2023-01-13
CUST-01663,Iloilo City,Iloilo,Western Visayas,2023-04-04
CUST-01664,Pasig,Metro Manila,NCR,2023-02-27
CUST-01665,Makati,Metro Manila,NCR,2023-11-17
CUST-01666,Cebu City,Cebu,Central Visayas,2023-11-08
CUST-01667,Davao City,Davao del Sur,Davao Region,2023-02-04
CUST-01668,Pasig,Metro Manila,NCR,2023-05-22
CUST-01669,Angeles,Pampanga,Central Luzon,2023-10-07
CUST-01670,Pasig,Metro Manila,NCR,2023-03-18
CUST-01671,Angeles,Pampanga,Central Luzon,2023-10-30
CUST-01672,Baguio,Benguet,CAR,2023-03-27
CUST-01673,Baguio,Benguet,CAR,2023-02-13
CUST-01674,Baguio,Benguet,CAR,2023-07-07
CUST-01675,Manila,Metro Manila,NCR,2023-05-07
CUST-01676,Cebu City,Cebu,Central Visayas,2023-04-09
CUST-01677,Cebu City,Cebu,Central Visayas,2023-02-14
CUST-01678,Cebu City,Cebu,Central Visayas,2023-06-02
CUST-01679,Quezon City,Metro Manila,NCR,2023-09-16
CUST-01680,Bacoor,Cavite,Calabarzon,2023-10-20
CUST-01681,Bacoor,Cavite,Calabarzon,2023-08-25
CUST-01682,Quezon City,Metro Manila,NCR,2023-12-12
CUST-01683,Makati,Metro Manila,NCR,2023-04-21
CUST-01684,Bacoor,Cavite,Calabarzon,2023-08-20
CUST-01685,Mandaue,Cebu,Central Visayas,2023-04-17
CUST-01686,Taguig,Metro Manila,NCR,2023-12-10
CUST-01687,Tacloban,Leyte,Eastern Visayas,2023-09-06
CUST-01688,Angeles,Pampanga,Central Luzon,2023-08-10
CUST-01689,Iloilo City,Iloilo,Western Visayas,2023-12-01
CUST-01690,Santa Rosa,Laguna,Calabarzon,2023-03-05
CUST-01691,Lipa,Batangas,Calabarzon,2023-05-28
CUST-01692,Baguio,Benguet,CAR,2023-02-27
CUST-01693,Cagayan de Oro,Misamis Oriental,Northern Mindanao,2023-03-15
CUST-01694,Lipa,Batangas,Calabarzon,2023-12-20
CUST-01695,Angeles,Pampanga,Central Luzon,2023-02-20
CUST-01696,Malolos,Bulacan,Central Luzon,2023-12-07
CUST-01697,Mandaue,Cebu,Central Visayas,2023-02-18
CUST-01698,Quezon City,Metro Manila,NCR,2023-05-02
CUST-01699,Lipa,Batangas,Calabarzon,2023-03-08
CUST-01700,Santa Rosa,Laguna,Calabarzon,2023-07-03
CUST-01701,Cagayan de Oro,Misamis Oriental,Northern Mindanao,2023-11-04
CUST-01702,Lipa,Batangas,Calabarzon,2023-11-08
CUST-01703,Santa Rosa,Laguna,Calabarzon,2023-11-19
CUST-01704,Zamboanga City,Zamboanga del Sur,Zamboanga Peninsula,2023-03-13
CUST-01705,Bacoor,Cavite,Calabarzon,2023-06-21
CUST-01706,Makati,Metro Manila,NCR,2023-10-14
CUST-01707,Makati,Metro Manila,NCR,2023-11-17
CUST-01708,Quezon City,Metro Manila,NCR,2023-12-04
CUST-01709,Quezon City,Metro Manila,NCR,2023-09-29
CUST-01710,Bacoor,Cavite,Calabarzon,2023-04-03
CUST-01711,Iloilo City,Iloilo,Western Visayas,2023-02-10
CUST-01712,Mandaue,Cebu,Central Visayas,2023-05-25
CUST-01713,Quezon City,Metro Manila,NCR,2023-01-03
CUST-01714,Angeles,Pampanga,Central Luzon,2023-08-11
CUST-01715,Manila,Metro Manila,NCR,2023-09-02
CUST-01716,Cagayan de Oro,Misamis Oriental,Northern Mindanao,2023-04-24
CUST-01717,Manila,Metro Manila,NCR,2023-11-13
CUST-01718,Baguio,Benguet,CAR,2023-02-03
CUST-01719,Caloocan,Metro Manila,NCR,2023-03-23
CUST-01720,Legazpi,Albay,Bicol,2023-12-20
CUST-01721,Bacoor,Cavite,Calabarzon,2023-10-25
CUST-01722,Iloilo City,Iloilo,Western Visayas,2023-05-17
CUST-01723,Taguig,Metro Manila,NCR,2023-04-07
CUST-01724,Davao City,Davao del Sur,Davao Region,2023-10-14
CUST-01725,Lipa,Batangas,Calabarzon,2023-04-04
CUST-01726,Iloilo City,Iloilo,Western Visayas,2023-07-12
CUST-01727,Davao City,Davao del Sur,Davao Region,2023-04-30
CUST-01728,General Santos,South Cotabato,SOCCSKSARGEN,2023-07-31
CUST-01729,Makati,Metro Manila,NCR,2023-07-20
CUST-01730,Pasig,Metro Manila,NCR,2023-08-12
CUST-01731,Taguig,Metro Manila,NCR,2023-11-05
CUST-01732,Taguig,Metro Manila,NCR,2023-10-24
CUST-01733,Malolos,Bulacan,Central Luzon,2023-11-01
CUST-01734,General Santos,South Cotabato,SOCCSKSARGEN,2023-03-15
CUST-01735,General Santos,South Cotabato,SOCCSKSARGEN,2023-07-31
CUST-01736,Angeles,Pampanga,Central Luzon,2023-08-16
CUST-01737,Legazpi,Albay,Bicol,2023-02-23
CUST-01738,Davao City,Davao del Sur,Davao Region,2023-02-12
CUST-01739,Cagayan de Oro,Misamis Oriental,Northern Mindanao,2023-10-08
CUST-01740,Makati,Metro Manila,NCR,2023-08-25
CUST-01741,Angeles,Pampanga,Central Luzon,2023-08-04
CUST-01742,Tacloban,Leyte,Eastern Visayas,2023-03-01
CUST-01743,Pasig,Metro Manila,NCR,2023-05-01
CUST-01744,Bacoor,Cavite,Calabarzon,2023-06-17
CUST-01745,General Santos,South Cotabato,SOCCSKSARGEN,2023-10-08
CUST-01746,General Santos,South Cotabato,SOCCSKSARGEN,2023-08-14
CUST-01747,Davao City,Davao del Sur,Davao Region,2023-12-22
CUST-01748,Bacolod,Negros Occidental,Western Visayas,2023-04-20
CUST-01749,Taguig,Metro Manila,NCR,2023-01-31
CUST-01750,Pasig,Metro Manila,NCR,2023-03-20
CUST-01751,Angeles,Pampanga,Central Luzon,2023-09-11
CUST-01752,Angeles,Pampanga,Central Luzon,2023-07-09
CUST-01753,Lipa,Batangas,Calabarzon,2023-01-17
CUST-01754,Legazpi,Albay,Bicol,2023-07-30
CUST-01755,Bacoor,Cavite,Calabarzon,2023-03-01
CUST-01756,Mandaue,Cebu,Central Visayas,2023-06-05
CUST-01757,Caloocan,Metro Manila,NCR,2023-07-03
CUST-01758,Caloocan,Metro Manila,NCR,2023-06-02
CUST-01759,Manila,Metro Manila,NCR,2023-10-12
CUST-01760,Makati,Metro Manila,NCR,2023-07-30
CUST-01761,Davao City,Davao del Sur,Davao Region,2023-09-12
CUST-01762,Bacoor,Cavite,Calabarzon,2023-03-31
CUST-01763,Taguig,Metro Manila,NCR,2023-05-23
CUST-01764,Iloilo City,Iloilo,Western Visayas,2023-08-09
CUST-01765,Angeles,Pampanga,Central Luzon,2023-03-07
CUST-01766,Quezon City,Metro Manila,NCR,2023-07-20
CUST-01767,Pasig,Metro Manila,NCR,2023-01-19
CUST-01768,Manila,Metro Manila,NCR,2023-05-26
CUST-01769,Cebu City,Cebu,Central Visayas,2023-02-12
CUST-01770,Pasig,Metro Manila,NCR,2023-01-06
CUST-01771,Quezon City,Metro Manila,NCR,2023-09-04
CUST-01772,Quezon City,Metro Manila,NCR,2023-09-28
CUST-01773,Malolos,Bulacan,Central Luzon,2023-03-02
CUST-01774,Quezon City,Metro Manila,NCR,2023-10-09
CUST-01775,Davao City,Davao del Sur,Davao Region,2023-04-02
CUST-01776,Manila,Metro Manila,NCR,2023-10-29
CUST-01777,Malolos,Bulacan,Central Luzon,2023-02-18
CUST-01778,Bacoor,Cavite,Calabarzon,2023-04-25
CUST-01779,Bacoor,Cavite,Calabarzon,2023-06-25
CUST-01780,Quezon City,Metro Manila,NCR,2023-07-22
CUST-01781,Bacolod,Negros Occidental,Western Visayas,2023-05-14
CUST-01782,Davao City,Davao del Sur,Davao Region,2023-08-13
CUST-01783,Quezon City,Metro Manila,NCR,2023-08-09
CUST-01784,Makati,Metro Manila,NCR,2023-10-19
CUST-01785,Davao City,Davao del Sur,Davao Region,2023-11-05
CUST-01786,Angeles,Pampanga,Central Luzon,2023-02-10
CUST-01787,Manila,Metro Manila,NCR,2023-04-03
CUST-01788,Makati,Metro Manila,NCR,2023-07-24
CUST-01789,Cebu City,Cebu,Central Visayas,2023-03-04
CUST-01790,Cebu City,Cebu,Central Visayas,2023-05-25
CUST-01791,Malolos,Bulacan,Central Luzon,2023-05-28
CUST-01792,Zamboanga City,Zamboanga del Sur,Zamboanga Peninsula,2023-11-21
CUST-01793,Lipa,Batangas,Calabarzon,2023-06-19
CUST-01794,Pasig,Metro Manila,NCR,2023-11-23
CUST-01795,Santa Rosa,Laguna,Calabarzon,2023-04-27
CUST-01796,Antipolo,Rizal,Calabarzon,2023-12-08
CUST-01797,Makati,Metro Manila,NCR,2023-06-28
CUST-01798,Quezon City,Metro Manila,NCR,2023-08-20
CUST-01799,Caloocan,Metro Manila,NCR,2023-11-15
CUST-01800,Cebu City,Cebu,Central Visayas,2023-07-13
CUST-01801,Quezon City,Metro Manila,NCR,2023-10-20
CUST-01802,Bacoor,Cavite,Calabarzon,2023-10-04
CUST-01803,Legazpi,Albay,Bicol,2023-02-11
CUST-01804,Baguio,Benguet,CAR,2023-08-27
CUST-01805,Iloilo City,Iloilo,Western Visayas,2023-08-07
CUST-01806,Bacolod,Negros Occidental,Western Visayas,2023-12-30
CUST-01807,Cebu City,Cebu,Central Visayas,2023-09-14
CUST-01808,Quezon City,Metro Manila,NCR,2023-08-26
CUST-01809,Santa Rosa,Laguna,Calabarzon,2023-04-14
CUST-01810,Malolos,Bulacan,Central Luzon,2023-11-19
CUST-01811,Taguig,Metro Manila,NCR,2023-01-27
CUST-01812,Quezon City,Metro Manila,NCR,2023-11-16
CUST-01813,Makati,Metro Manila,NCR,2023-05-08
CUST-01814,Santa Rosa,Laguna,Calabarzon,2023-12-31
CUST-01815,Bacoor,Cavite,Calabarzon,2023-03-08
CUST-01816,Manila,Metro Manila,NCR,2023-04-22
CUST-01817,Tacloban,Leyte,Eastern Visayas,2023-03-02
CUST-01818,Cagayan de Oro,Misamis Oriental,Northern Mindanao,2023-01-27
CUST-01819,Makati,Metro Manila,NCR,2023-03-03
CUST-01820,Cagayan de Oro,Misamis Oriental,Northern Mindanao,2023-05-20
CUST-01821,Quezon City,Metro Manila,NCR,2023-03-01
CUST-01822,Cagayan de Oro,Misamis Oriental,Northern Mindanao,2023-11-27
CUST-01823,Cagayan de Oro,Misamis Oriental,Northern Mindanao,2023-05-11
CUST-01824,Quezon City,Metro Manila,NCR,2023-01-05
CUST-01825,Iloilo City,Iloilo,Western Visayas,2023-08-17
CUST-01826,Zamboanga City,Zamboanga del Sur,Zamboanga Peninsula,2023-01-10
CUST-01827,Davao City,Davao del Sur,Davao Region,2023-07-01
CUST-01828,Zamboanga City,Zamboanga del Sur,Zamboanga Peninsula,2023-07-15
CUST-01829,Angeles,Pampanga,Central Luzon,2023-09-14
CUST-01830,Quezon City,Metro Manila,NCR,2023-11-23
CUST-01831,Davao City,Davao del Sur,Davao Region,2023-02-16
CUST-01832,Baguio,Benguet,CAR,2023-04-13
CUST-01833,Baguio,Benguet,CAR,2023-08-08
CUST-01834,Bacoor,Cavite,Calabarzon,2023-01-16
CUST-01835,Malolos,Bulacan,Central Luzon,2023-10-26
CUST-01836,Manila,Metro Manila,NCR,2023-03-23
CUST-01837,Mandaue,Cebu,Central Visayas,2023-07-20
CUST-01838,Quezon City,Metro Manila,NCR,2023-05-19
CUST-01839,Mandaue,Cebu,Central Visayas,2023-12-19
CUST-01840,Davao City,Davao del Sur,Davao Region,2023-05-24
CUST-01841,Santa Rosa,Laguna,Calabarzon,2023-04-29
CUST-01842,Lipa,Batangas,Calabarzon,2023-01-10
CUST-01843,Pasig,Metro Manila,NCR,2023-08-28
CUST-01844,Zamboanga City,Zamboanga del Sur,Zamboanga Peninsula,2023-12-06
CUST-01845,Mandaue,Cebu,Central Visayas,2023-12-10
CUST-01846,Antipolo,Rizal,Calabarzon,2023-11-08
CUST-01847,Manila,Metro Manila,NCR,2023-09-14
CUST-01848,Makati,Metro Manila,NCR,2023-03-04
CUST-01849,Santa Rosa,Laguna,Calabarzon,2023-10-22
CUST-01850,Cagayan de Oro,Misamis Oriental,Northern Mindanao,2023-11-10
CUST-01851,Mandaue,Cebu,Central Visayas,2023-12-21
CUST-01852,Makati,Metro Manila,NCR,2023-08-15
CUST-01853,Davao City,Davao del Sur,Davao Region,2023-05-26
CUST-01854,Antipolo,Rizal,Calabarzon,2023-09-21
CUST-01855,Davao City,Davao del Sur,Davao Region,2023-07-05
CUST-01856,Taguig,Metro Manila,NCR,2023-10-05
CUST-01857,Baguio,Benguet,CAR,2023-03-15
CUST-01858,Cagayan de Oro,Misamis Oriental,Northern Mindanao,2023-12-23
CUST-01859,Taguig,Metro Manila,NCR,2023-10-20
CUST-01860,Cebu City,Cebu,Central Visayas,2023-06-09
CUST-01861,General Santos,South Cotabato,SOCCSKSARGEN,2023-02-28
CUST-01862,Manila,Metro Manila,NCR,2023-08-08
CUST-01863,Quezon City,Metro Manila,NCR,2023-12-07
CUST-01864,Cebu City,Cebu,Central Visayas,2023-06-14
CUST-01865,Caloocan,Metro Manila,NCR,2023-09-25
CUST-01866,Quezon City,Metro Manila,NCR,2023-09-12
CUST-01867,Santa Rosa,Laguna,Calabarzon,2023-01-30
CUST-01868,Iloilo City,Iloilo,Western Visayas,2023-01-23
CUST-01869,Pasig,Metro Manila,NCR,2023-09-29
CUST-01870,Caloocan,Metro Manila,NCR,2023-05-31
CUST-01871,Davao City,Davao del Sur,Davao Region,2023-06-18
CUST-01872,Lipa,Batangas,Calabarzon,2023-01-16
CUST-01873,Tacloban,Leyte,Eastern Visayas,2023-01-21
CUST-01874,Bacoor,Cavite,Calabarzon,2023-08-27
CUST-01875,Zamboanga City,Zamboanga del Sur,Zamboanga Peninsula,2023-12-23
CUST-01876,Legazpi,Albay,Bicol,2024-01-01
CUST-01877,Manila,Metro Manila,NCR,2023-12-31
CUST-01878,Davao City,Davao del Sur,Davao Region,2023-03-22
CUST-01879,Lipa,Batangas,Calabarzon,2023-04-06
CUST-01880,Manila,Metro Manila,NCR,2023-03-06
CUST-01881,Manila,Metro Manila,NCR,2023-11-12
CUST-01882,Cebu City,Cebu,Central Visayas,2023-12-11
CUST-01883,Quezon City,Metro Manila,NCR,2023-10-31
CUST-01884,Pasig,Metro Manila,NCR,2023-05-18
CUST-01885,Manila,Metro Manila,NCR,2023-12-29
CUST-01886,Bacoor,Cavite,Calabarzon,2023-05-05
CUST-01887,Bacoor,Cavite,Calabarzon,2023-02-11
CUST-01888,Lipa,Batangas,Calabarzon,2023-11-09
CUST-01889,Pasig,Metro Manila,NCR,2023-04-07
CUST-01890,Quezon City,Metro Manila,NCR,2023-06-14
CUST-01891,Baguio,Benguet,CAR,2023-01-22
CUST-01892,Antipolo,Rizal,Calabarzon,2023-10-05
CUST-01893,Legazpi,Albay,Bicol,2023-10-11
CUST-01894,Manila,Metro Manila,NCR,2023-12-26
CUST-01895,Quezon City,Metro Manila,NCR,2023-04-19
CUST-01896,Taguig,Metro Manila,NCR,2023-02-19
CUST-01897,Santa Rosa,Laguna,Calabarzon,2023-12-26
CUST-01898,Antipolo,Rizal,Calabarzon,2023-07-06
CUST-01899,Bacolod,Negros Occidental,Western Visayas,2023-04-12
CUST-01900,Antipolo,Rizal,Calabarzon,2023-03-22
CUST-01901,Angeles,Pampanga,Central Luzon,2023-01-27
CUST-01902,Malolos,Bulacan,Central Luzon,2023-04-13
CUST-01903,Quezon City,Metro Manila,NCR,2023-01-31
CUST-01904,Lipa,Batangas,Calabarzon,2023-01-04
CUST-01905,Caloocan,Metro Manila,NCR,2023-01-28
CUST-01906,Bacoor,Cavite,Calabarzon,2023-07-26
CUST-01907,Quezon City,Metro Manila,NCR,2023-08-06
CUST-01908,Iloilo City,Iloilo,Western Visayas,2023-07-29
CUST-01909,Cagayan de Oro,Misamis Oriental,Northern Mindanao,2023-01-19
CUST-01910,Quezon City,Metro Manila,NCR,2023-09-21
CUST-01911,Malolos,Bulacan,Central Luzon,2023-04-02
CUST-01912,Iloilo City,Iloilo,Western Visayas,2023-05-18
CUST-01913,Pasig,Metro Manila,NCR,2023-12-10
CUST-01914,Bacolod,Negros Occidental,Western Visayas,2023-07-08
CUST-01915,Legazpi,Albay,Bicol,2023-10-22
CUST-01916,Cagayan de Oro,Misamis Oriental,Northern Mindanao,2023-04-11
CUST-01917,General Santos,South Cotabato,SOCCSKSARGEN,2023-07-22
CUST-01918,Quezon City,Metro Manila,NCR,2023-08-24
CUST-01919,Bacoor,Cavite,Calabarzon,2023-12-09
CUST-01920,Angeles,Pampanga,Central Luzon,2023-11-15
CUST-01921,Manila,Metro Manila,NCR,2023-03-29
CUST-01922,Caloocan,Metro Manila,NCR,2023-02-21
CUST-01923,General Santos,South Cotabato,SOCCSKSARGEN,2023-09-17
CUST-01924,Quezon City,Metro Manila,NCR,2023-03-05
CUST-01925,Santa Rosa,Laguna,Calabarzon,2023-06-14
CUST-01926,Tacloban,Leyte,Eastern Visayas,2023-08-26
CUST-01927,Caloocan,Metro Manila,NCR,2023-07-21
CUST-01928,Santa Rosa,Laguna,Calabarzon,2023-04-25
CUST-01929,General Santos,South Cotabato,SOCCSKSARGEN,2023-02-04
CUST-01930,Santa Rosa,Laguna,Calabarzon,2023-07-06
CUST-01931,Manila,Metro Manila,NCR,2023-08-28
CUST-01932,Quezon City,Metro Manila,NCR,2023-03-30
CUST-01933,Cagayan de Oro,Misamis Oriental,Northern Mindanao,2023-06-24
CUST-01934,Taguig,Metro Manila,NCR,2023-08-12
CUST-01935,Lipa,Batangas,Calabarzon,2023-07-18
CUST-01936,Quezon City,Metro Manila,NCR,2023-06-20
CUST-01937,Bacoor,Cavite,Calabarzon,2023-11-11
CUST-01938,Cagayan de Oro,Misamis Oriental,Northern Mindanao,2023-12-11
CUST-01939,Lipa,Batangas,Calabarzon,2023-05-04
CUST-01940,Zamboanga City,Zamboanga del Sur,Zamboanga Peninsula,2023-10-30
CUST-01941,Taguig,Metro Manila,NCR,2023-06-21
CUST-01942,Lipa,Batangas,Calabarzon,2023-03-22
CUST-01943,Davao City,Davao del Sur,Davao Region,2023-10-15
CUST-01944,Bacoor,Cavite,Calabarzon,2023-08-15
CUST-01945,Pasig,Metro Manila,NCR,2023-01-09
CUST-01946,Davao City,Davao del Sur,Davao Region,2023-12-20
CUST-01947,Antipolo,Rizal,Calabarzon,2023-04-01
CUST-01948,Angeles,Pampanga,Central Luzon,2023-11-01
CUST-01949,General Santos,South Cotabato,SOCCSKSARGEN,2023-02-05
CUST-01950,Makati,Metro Manila,NCR,2023-08-04
CUST-01951,Pasig,Metro Manila,NCR,2023-12-30
CUST-01952,Quezon City,Metro Manila,NCR,2023-04-14
CUST-01953,Antipolo,Rizal,Calabarzon,2023-11-09
CUST-01954,Makati,Metro Manila,NCR,2023-08-22
CUST-01955,Cebu City,Cebu,Central Visayas,2023-07-02
CUST-01956,Makati,Metro Manila,NCR,2023-04-05
CUST-01957,Cebu City,Cebu,Central Visayas,2023-08-02
CUST-01958,Taguig,Metro Manila,NCR,2023-02-22
CUST-01959,Caloocan,Metro Manila,NCR,2023-07-10
CUST-01960,Caloocan,Metro Manila,NCR,2023-08-30
CUST-01961,Cebu City,Cebu,Central Visayas,2023-08-31
CUST-01962,Santa Rosa,Laguna,Calabarzon,2023-03-15
CUST-01963,Antipolo,Rizal,Calabarzon,2023-05-04
CUST-01964,Davao City,Davao del Sur,Davao Region,2023-11-16
CUST-01965,Malolos,Bulacan,Central Luzon,2023-04-03
CUST-01966,Makati,Metro Manila,NCR,2023-08-03
CUST-01967,Davao City,Davao del Sur,Davao Region,2023-08-27
CUST-01968,Caloocan,Metro Manila,NCR,2023-11-27
CUST-01969,Quezon City,Metro Manila,NCR,2023-01-02
CUST-01970,Lipa,Batangas,Calabarzon,2023-12-13
CUST-01971,Manila,Metro Manila,NCR,2023-01-03
CUST-01972,Taguig,Metro Manila,NCR,2023-12-09
CUST-01973,Mandaue,Cebu,Central Visayas,2023-07-01
CUST-01974,Manila,Metro Manila,NCR,2023-11-24
CUST-01975,Bacolod,Negros Occidental,Western Visayas,2023-07-06
CUST-01976,Cagayan de Oro,Misamis Oriental,Northern Mindanao,2023-03-02
CUST-01977,Malolos,Bulacan,Central Luzon,2023-05-31
CUST-01978,Cebu City,Cebu,Central Visayas,2023-06-17
CUST-01979,Cebu City,Cebu,Central Visayas,2023-11-19
CUST-01980,General Santos,South Cotabato,SOCCSKSARGEN,2023-01-21
CUST-01981,Caloocan,Metro Manila,NCR,2023-08-17
CUST-01982,Manila,Metro Manila,NCR,2023-06-19
CUST-01983,Lipa,Batangas,Calabarzon,2023-02-08
CUST-01984,Angeles,Pampanga,Central Luzon,2023-05-17
CUST-01985,Manila,Metro Manila,NCR,2023-04-08
CUST-01986,Baguio,Benguet,CAR,2023-10-26
CUST-01987,Quezon City,Metro Manila,NCR,2023-07-18
CUST-01988,Cagayan de Oro,Misamis Oriental,Northern Mindanao,2023-06-18
CUST-01989,Taguig,Metro Manila,NCR,2023-10-29
CUST-01990,Quezon City,Metro Manila,NCR,2023-08-14
CUST-01991,Manila,Metro Manila,NCR,2023-03-04
CUST-01992,Taguig,Metro Manila,NCR,2023-01-27
CUST-01993,Pasig,Metro Manila,NCR,2023-03-07
CUST-01994,Quezon City,Metro Manila,NCR,2023-01-26
CUST-01995,Pasig,Metro Manila,NCR,2023-01-02
CUST-01996,Makati,Metro Manila,NCR,2023-10-21
CUST-01997,Antipolo,Rizal,Calabarzon,2023-02-23
CUST-01998,Antipolo,Rizal,Calabarzon,2023-05-20
CUST-01999,Caloocan,Metro Manila,NCR,2023-02-22
CUST-02000,Caloocan,Metro Manila,NCR,2023-05-14
CUST-02001,Quezon City,Metro Manila,NCR,2023-11-17
CUST-02002,Quezon City,Metro Manila,NCR,2023-06-10
CUST-02003,Makati,Metro Manila,NCR,2023-03-30
CUST-02004,Iloilo City,Iloilo,Western Visayas,2023-11-17
CUST-02005,General Santos,South Cotabato,SOCCSKSARGEN,2023-07-01
CUST-02006,Cagayan de Oro,Misamis Oriental,Northern Mindanao,2023-05-08
CUST-02007,Lipa,Batangas,Calabarzon,2023-07-16
CUST-02008,Angeles,Pampanga,Central Luzon,2023-03-16
CUST-02009,Pasig,Metro Manila,NCR,2023-11-16
CUST-02010,Iloilo City,Iloilo,Western Visayas,2023-08-28
CUST-02011,Iloilo City,Iloilo,Western Visayas,2023-01-19
CUST-02012,Tacloban,Leyte,Eastern Visayas,2023-06-28
CUST-02013,Davao City,Davao del Sur,Davao Region,2023-10-27
CUST-02014,Bacoor,Cavite,Calabarzon,2023-11-20
CUST-02015,Iloilo City,Iloilo,Western Visayas,2023-05-30
CUST-02016,Bacolod,Negros Occidental,Western Visayas,2023-01-27
CUST-02017,Pasig,Metro Manila,NCR,2023-12-15
CUST-02018,Cagayan de Oro,Misamis Oriental,Northern Mindanao,2023-11-23
CUST-02019,Quezon City,Metro Manila,NCR,2023-08-18
CUST-02020,General Santos,South Cotabato,SOCCSKSARGEN,2023-10-17
CUST-02021,Iloilo City,Iloilo,Western Visayas,2023-11-18
CUST-02022,Quezon City,Metro Manila,NCR,2023-09-15
CUST-02023,Cebu City,Cebu,Central Visayas,2023-05-12
CUST-02024,Quezon City,Metro Manila,NCR,2023-03-06
CUST-02025,Iloilo City,Iloilo,Western Visayas,2023-09-12
CUST-02026,Bacolod,Negros Occidental,Western Visayas,2023-04-21
CUST-02027,Malolos,Bulacan,Central Luzon,2023-03-07
CUST-02028,Davao City,Davao del Sur,Davao Region,2023-12-30
CUST-02029,Quezon City,Metro Manila,NCR,2023-02-24
CUST-02030,Pasig,Metro Manila,NCR,2023-10-27
CUST-02031,Bacoor,Cavite,Calabarzon,2023-04-26
CUST-02032,Quezon City,Metro Manila,NCR,2023-04-03
CUST-02033,Bacoor,Cavite,Calabarzon,2023-02-27
CUST-02034,Taguig,Metro Manila,NCR,2023-08-07
CUST-02035,Antipolo,Rizal,Calabarzon,2023-05-06
CUST-02036,Bacoor,Cavite,Calabarzon,2023-12-23
CUST-02037,Davao City,Davao del Sur,Davao Region,2023-07-22
CUST-02038,Taguig,Metro Manila,NCR,2023-01-15
CUST-02039,Davao City,Davao del Sur,Davao Region,2023-11-05
CUST-02040,Bacoor,Cavite,Calabarzon,2023-11-07
CUST-02041,Caloocan,Metro Manila,NCR,2023-04-21
CUST-02042,Lipa,Batangas,Calabarzon,2023-06-29
CUST-02043,Bacoor,Cavite,Calabarzon,2023-07-19
CUST-02044,Taguig,Metro Manila,NCR,2023-10-03
CUST-02045,Lipa,Batangas,Calabarzon,2023-10-31
CUST-02046,Manila,Metro Manila,NCR,2023-04-07
CUST-02047,Caloocan,Metro Manila,NCR,2023-08-24
CUST-02048,Angeles,Pampanga,Central Luzon,2023-03-24
CUST-02049,Bacoor,Cavite,Calabarzon,2023-07-24
CUST-02050,Tacloban,Leyte,Eastern Visayas,2023-08-10
CUST-02051,Taguig,Metro Manila,NCR,2023-10-10
CUST-02052,Zamboanga City,Zamboanga del Sur,Zamboanga Peninsula,2023-05-06
CUST-02053,Iloilo City,Iloilo,Western Visayas,2023-09-20
CUST-02054,Zamboanga City,Zamboanga del Sur,Zamboanga Peninsula,2023-02-04
CUST-02055,Tacloban,Leyte,Eastern Visayas,2023-08-05
CUST-02056,Manila,Metro Manila,NCR,2023-03-10
CUST-02057,Angeles,Pampanga,Central Luzon,2023-07-14
CUST-02058,Manila,Metro Manila,NCR,2023-08-03
CUST-02059,Bacolod,Negros Occidental,Western Visayas,2023-07-20
CUST-02060,Malolos,Bulacan,Central Luzon,2023-07-24
CUST-02061,Taguig,Metro Manila,NCR,2023-07-11
CUST-02062,Cagayan de Oro,Misamis Oriental,Northern Mindanao,2023-02-12
CUST-02063,Manila,Metro Manila,NCR,2023-04-20
CUST-02064,Angeles,Pampanga,Central Luzon,2023-12-20
CUST-02065,Cebu City,Cebu,Central Visayas,2023-12-11
CUST-02066,Quezon City,Metro Manila,NCR,2023-12-24
CUST-02067,Malolos,Bulacan,Central Luzon,2023-04-24
CUST-02068,Bacolod,Negros Occidental,Western Visayas,2023-10-18
CUST-02069,Quezon City,Metro Manila,NCR,2023-08-14
CUST-02070,Lipa,Batangas,Calabarzon,2023-03-05
CUST-02071,Taguig,Metro Manila,NCR,2023-11-14
CUST-02072,Cebu City,Cebu,Central Visayas,2023-11-07
CUST-02073,Manila,Metro Manila,NCR,2023-12-04
CUST-02074,Cagayan de Oro,Misamis Oriental,Northern Mindanao,2023-09-19
CUST-02075,Davao City,Davao del Sur,Davao Region,2023-11-30
CUST-02076,Makati,Metro Manila,NCR,2023-05-17
CUST-02077,Caloocan,Metro Manila,NCR,2023-04-08
CUST-02078,Malolos,Bulacan,Central Luzon,2023-10-26
CUST-02079,Cebu City,Cebu,Central Visayas,2023-06-24
CUST-02080,Bacoor,Cavite,Calabarzon,2023-09-13
CUST-02081,Manila,Metro Manila,NCR,2023-12-03
CUST-02082,Quezon City,Metro Manila,NCR,2023-07-15
CUST-02083,General Santos,South Cotabato,SOCCSKSARGEN,2023-04-22
CUST-02084,Santa Rosa,Laguna,Calabarzon,2023-10-10
CUST-02085,Davao City,Davao del Sur,Davao Region,2023-03-20
CUST-02086,Santa Rosa,Laguna,Calabarzon,2023-01-04
CUST-02087,Cagayan de Oro,Misamis Oriental,Northern Mindanao,2023-12-12
CUST-02088,Quezon City,Metro Manila,NCR,2023-11-03
CUST-02089,Manila,Metro Manila,NCR,2023-09-18
CUST-02090,Cagayan de Oro,Misamis Oriental,Northern Mindanao,2023-02-25
CUST-02091,Cagayan de Oro,Misamis Oriental,Northern Mindanao,2023-11-11
CUST-02092,Pasig,Metro Manila,NCR,2023-07-14
CUST-02093,Caloocan,Metro Manila,NCR,2023-06-19
CUST-02094,Santa Rosa,Laguna,Calabarzon,2023-11-15
CUST-02095,Bacoor,Cavite,Calabarzon,2023-12-17
CUST-02096,Makati,Metro Manila,NCR,2023-11-19
CUST-02097,Davao City,Davao del Sur,Davao Region,2023-12-12
CUST-02098,Taguig,Metro Manila,NCR,2023-07-03
CUST-02099,Cebu City,Cebu,Central Visayas,2023-01-25
CUST-02100,Quezon City,Metro Manila,NCR,2023-08-25
CUST-02101,Quezon City,Metro Manila,NCR,2023-09-30
CUST-02102,Legazpi,Albay,Bicol,2023-10-08
CUST-02103,Caloocan,Metro Manila,NCR,2023-01-08
CUST-02104,Cebu City,Cebu,Central Visayas,2023-01-16
CUST-02105,Quezon City,Metro Manila,NCR,2023-05-10
CUST-02106,Cagayan de Oro,Misamis Oriental,Northern Mindanao,2023-07-16
CUST-02107,Mandaue,Cebu,Central Visayas,2023-11-04
CUST-02108,Davao City,Davao del Sur,Davao Region,2023-01-27
CUST-02109,Manila,Metro Manila,NCR,2024-01-01
CUST-02110,Pasig,Metro Manila,NCR,2023-11-03
CUST-02111,Antipolo,Rizal,Calabarzon,2023-04-29
CUST-02112,Angeles,Pampanga,Central Luzon,2023-10-27
CUST-02113,Pasig,Metro Manila,NCR,2023-11-23
CUST-02114,Quezon City,Metro Manila,NCR,2023-05-29
CUST-02115,Antipolo,Rizal,Calabarzon,2023-12-23
CUST-02116,Taguig,Metro Manila,NCR,2023-09-25
CUST-02117,Antipolo,Rizal,Calabarzon,2023-05-12
CUST-02118,Makati,Metro Manila,NCR,2023-10-26
CUST-02119,Taguig,Metro Manila,NCR,2023-03-30
CUST-02120,Baguio,Benguet,CAR,2023-11-28
CUST-02121,Antipolo,Rizal,Calabarzon,2023-05-23
CUST-02122,Caloocan,Metro Manila,NCR,2023-12-05
CUST-02123,Angeles,Pampanga,Central Luzon,2023-04-09
CUST-02124,Iloilo City,Iloilo,Western Visayas,2023-04-02
CUST-02125,Antipolo,Rizal,Calabarzon,2023-03-17
CUST-02126,Malolos,Bulacan,Central Luzon,2023-09-21
CUST-02127,Zamboanga City,Zamboanga del Sur,Zamboanga Peninsula,2023-10-07
CUST-02128,Lipa,Batangas,Calabarzon,2023-01-09
CUST-02129,Davao City,Davao del Sur,Davao Region,2023-04-10
CUST-02130,Bacolod,Negros Occidental,Western Visayas,2023-10-27
CUST-02131,Quezon City,Metro Manila,NCR,2023-12-22
CUST-02132,Bacoor,Cavite,Calabarzon,2023-08-25
CUST-02133,Cebu City,Cebu,Central Visayas,2023-05-04
CUST-02134,General Santos,South Cotabato,SOCCSKSARGEN,2023-08-18
CUST-02135,Santa Rosa,Laguna,Calabarzon,2023-03-13
CUST-02136,Quezon City,Metro Manila,NCR,2023-07-03
CUST-02137,Angeles,Pampanga,Central Luzon,2023-01-05
CUST-02138,Manila,Metro Manila,NCR,2023-02-18
CUST-02139,Iloilo City,Iloilo,Western Visayas,2023-07-13
CUST-02140,Lipa,Batangas,Calabarzon,2023-03-03
CUST-02141,Cebu City,Cebu,Central Visayas,2023-07-22
CUST-02142,Davao City,Davao del Sur,Davao Region,2023-12-29
CUST-02143,Baguio,Benguet,CAR,2023-09-11
CUST-02144,Baguio,Benguet,CAR,2023-08-05
CUST-02145,Iloilo City,Iloilo,Western Visayas,2023-01-10
CUST-02146,Tacloban,Leyte,Eastern Visayas,2023-03-05
CUST-02147,Davao City,Davao del Sur,Davao Region,2023-11-09
CUST-02148,Quezon City,Metro Manila,NCR,2024-01-01
CUST-02149,Angeles,Pampanga,Central Luzon,2023-06-22
CUST-02150,Makati,Metro Manila,NCR,2023-06-21
CUST-02151,Davao City,Davao del Sur,Davao Region,2023-04-08
CUST-02152,Legazpi,Albay,Bicol,2023-09-29
CUST-02153,Bacoor,Cavite,Calabarzon,2023-03-11
CUST-02154,Makati,Metro Manila,NCR,2023-08-04
CUST-02155,Caloocan,Metro Manila,NCR,2023-09-01
CUST-02156,Cebu City,Cebu,Central Visayas,2023-08-01
CUST-02157,Makati,Metro Manila,NCR,2023-01-22
CUST-02158,Quezon City,Metro Manila,NCR,2023-08-12
CUST-02159,Davao City,Davao del Sur,Davao Region,2023-06-11
CUST-02160,Iloilo City,Iloilo,Western Visayas,2023-02-10
CUST-02161,Makati,Metro Manila,NCR,2023-12-26
CUST-02162,Pasig,Metro Manila,NCR,2023-06-20
CUST-02163,Zamboanga City,Zamboanga del Sur,Zamboanga Peninsula,2023-04-18
CUST-02164,Cebu City,Cebu,Central Visayas,2023-02-06
CUST-02165,Baguio,Benguet,CAR,2023-12-10
CUST-02166,Pasig,Metro Manila,NCR,2023-04-11
CUST-02167,Pasig,Metro Manila,NCR,2023-03-15
CUST-02168,Quezon City,Metro Manila,NCR,2023-08-26
CUST-02169,Mandaue,Cebu,Central Visayas,2023-04-04
CUST-02170,Quezon City,Metro Manila,NCR,2023-07-05
CUST-02171,Quezon City,Metro Manila,NCR,2023-05-06
CUST-02172,Mandaue,Cebu,Central Visayas,2023-08-12
CUST-02173,Cagayan de Oro,Misamis Oriental,Northern Mindanao,2023-10-29
CUST-02174,Iloilo City,Iloilo,Western Visayas,2023-03-05
CUST-02175,Santa Rosa,Laguna,Calabarzon,2023-10-14
CUST-02176,Santa Rosa,Laguna,Calabarzon,2023-10-25
CUST-02177,Bacoor,Cavite,Calabarzon,2023-02-12
CUST-02178,Caloocan,Metro Manila,NCR,2023-01-25
CUST-02179,Lipa,Batangas,Calabarzon,2023-05-24
CUST-02180,Bacoor,Cavite,Calabarzon,2023-06-04
CUST-02181,Malolos,Bulacan,Central Luzon,2023-08-23
CUST-02182,Davao City,Davao del Sur,Davao Region,2023-05-23
CUST-02183,General Santos,South Cotabato,SOCCSKSARGEN,2023-05-24
CUST-02184,Quezon City,Metro Manila,NCR,2023-06-27
CUST-02185,Antipolo,Rizal,Calabarzon,2023-05-07
CUST-02186,Makati,Metro Manila,NCR,2023-06-13
CUST-02187,Caloocan,Metro Manila,NCR,2023-02-15
CUST-02188,Pasig,Metro Manila,NCR,2023-05-03
CUST-02189,Manila,Metro Manila,NCR,2023-08-14
CUST-02190,Iloilo City,Iloilo,Western Visayas,2023-05-07
CUST-02191,Lipa,Batangas,Calabarzon,2023-10-10
CUST-02192,Cagayan de Oro,Misamis Oriental,Northern Mindanao,2023-10-15
CUST-02193,Quezon City,Metro Manila,NCR,2023-03-06
CUST-02194,Quezon City,Metro Manila,NCR,2023-06-03
CUST-02195,Antipolo,Rizal,Calabarzon,2023-12-13
CUST-02196,Quezon City,Metro Manila,NCR,2023-08-25
CUST-02197,Taguig,Metro Manila,NCR,2023-01-07
CUST-02198,General Santos,South Cotabato,SOCCSKSARGEN,2023-05-14
CUST-02199,Makati,Metro Manila,NCR,2023-02-18
CUST-02200,Makati,Metro Manila,NCR,2023-06-16
CUST-02201,Malolos,Bulacan,Central Luzon,2023-12-17
CUST-02202,Lipa,Batangas,Calabarzon,2023-10-28
CUST-02203,Malolos,Bulacan,Central Luzon,2023-11-29
CUST-02204,Antipolo,Rizal,Calabarzon,2023-04-08
CUST-02205,Tacloban,Leyte,Eastern Visayas,2023-03-31
CUST-02206,Manila,Metro Manila,NCR,2023-07-19
CUST-02207,Bacoor,Cavite,Calabarzon,2023-04-12
CUST-02208,Cebu City,Cebu,Central Visayas,2023-06-14
CUST-02209,Davao City,Davao del Sur,Davao Region,2023-04-06
CUST-02210,Antipolo,Rizal,Calabarzon,2023-05-01
CUST-02211,Angeles,Pampanga,Central Luzon,2023-07-19
CUST-02212,Quezon City,Metro Manila,NCR,2023-05-08
CUST-02213,Manila,Metro Manila,NCR,2023-09-07
CUST-02214,Quezon City,Metro Manila,NCR,2023-04-03
CUST-02215,Mandaue,Cebu,Central Visayas,2023-02-02
CUST-02216,Pasig,Metro Manila,NCR,2023-10-18
CUST-02217,Cebu City,Cebu,Central Visayas,2023-05-03
CUST-02218,Quezon City,Metro Manila,NCR,2023-11-22
CUST-02219,Davao City,Davao del Sur,Davao Region,2023-08-17
CUST-02220,Tacloban,Leyte,Eastern Visayas,2023-05-02
CUST-02221,Quezon City,Metro Manila,NCR,2023-09-22
CUST-02222,Quezon City,Metro Manila,NCR,2023-10-07
CUST-02223,Quezon City,Metro Manila,NCR,2023-08-14
CUST-02224,Davao City,Davao del Sur,Davao Region,2023-11-21
CUST-02225,Taguig,Metro Manila,NCR,2023-05-18
CUST-02226,Angeles,Pampanga,Central Luzon,2023-11-15
CUST-02227,Bacoor,Cavite,Calabarzon,2023-09-02
CUST-02228,Bacolod,Negros Occidental,Western Visayas,2023-09-09
CUST-02229,Lipa,Batangas,Calabarzon,2023-01-13
CUST-02230,Lipa,Batangas,Calabarzon,2023-01-04
CUST-02231,General Santos,South Cotabato,SOCCSKSARGEN,2023-12-04
CUST-02232,Manila,Metro Manila,NCR,2023-11-05
CUST-02233,Tacloban,Leyte,Eastern Visayas,2023-04-09
CUST-02234,Quezon City,Metro Manila,NCR,2023-09-15
CUST-02235,Santa Rosa,Laguna,Calabarzon,2023-05-11
CUST-02236,Davao City,Davao del Sur,Davao Region,2023-01-30
CUST-02237,Cebu City,Cebu,Central Visayas,2023-11-03
CUST-02238,Cebu City,Cebu,Central Visayas,2023-01-15
CUST-02239,Taguig,Metro Manila,NCR,2023-12-13
CUST-02240,Bacoor,Cavite,Calabarzon,2023-10-10
CUST-02241,Antipolo,Rizal,Calabarzon,2023-06-30
CUST-02242,Lipa,Batangas,Calabarzon,2023-02-14
CUST-02243,Santa Rosa,Laguna,Calabarzon,2023-06-13
CUST-02244,Caloocan,Metro Manila,NCR,2023-11-12
CUST-02245,Pasig,Metro Manila,NCR,2023-10-03
CUST-02246,Taguig,Metro Manila,NCR,2023-03-30
CUST-02247,Antipolo,Rizal,Calabarzon,2023-06-11
CUST-02248,Manila,Metro Manila,NCR,2023-12-28
CUST-02249,Davao City,Davao del Sur,Davao Region,2023-07-02
CUST-02250,Malolos,Bulacan,Central Luzon,2023-08-06
CUST-02251,Manila,Metro Manila,NCR,2024-01-01
CUST-02252,Cebu City,Cebu,Central Visayas,2023-10-03
CUST-02253,Davao City,Davao del Sur,Davao Region,2023-01-25
CUST-02254,Taguig,Metro Manila,NCR,2023-04-20
CUST-02255,Manila,Metro Manila,NCR,2023-12-07
CUST-02256,Quezon City,Metro Manila,NCR,2023-12-27
CUST-02257,Quezon City,Metro Manila,NCR,2023-08-28
CUST-02258,Iloilo City,Iloilo,Western Visayas,2023-07-16
CUST-02259,General Santos,South Cotabato,SOCCSKSARGEN,2023-07-20
CUST-02260,Quezon City,Metro Manila,NCR,2023-04-22
CUST-02261,Mandaue,Cebu,Central Visayas,2023-10-30
CUST-02262,Quezon City,Metro Manila,NCR,2023-12-15
CUST-02263,Malolos,Bulacan,Central Luzon,2023-05-01
CUST-02264,Iloilo City,Iloilo,Western Visayas,2023-02-08
CUST-02265,Antipolo,Rizal,Calabarzon,2023-11-01
CUST-02266,Quezon City,Metro Manila,NCR,2023-08-23
CUST-02267,Malolos,Bulacan,Central Luzon,2023-05-18
CUST-02268,General Santos,South Cotabato,SOCCSKSARGEN,2023-11-02
CUST-02269,Taguig,Metro Manila,NCR,2023-02-22
CUST-02270,Makati,Metro Manila,NCR,2023-10-11
CUST-02271,Manila,Metro Manila,NCR,2023-06-21
CUST-02272,Angeles,Pampanga,Central Luzon,2023-08-31
CUST-02273,Malolos,Bulacan,Central Luzon,2023-05-03
CUST-02274,Bacolod,Negros Occidental,Western Visayas,2023-10-21
CUST-02275,Iloilo City,Iloilo,Western Visayas,2023-11-27
CUST-02276,Davao City,Davao del Sur,Davao Region,2023-06-29
CUST-02277,Bacolod,Negros Occidental,Western Visayas,2023-02-20
CUST-02278,Taguig,Metro Manila,NCR,2023-05-15
CUST-02279,Angeles,Pampanga,Central Luzon,2023-04-01
CUST-02280,Pasig,Metro Manila,NCR,2023-07-27
CUST-02281,Caloocan,Metro Manila,NCR,2023-11-11
CUST-02282,Cagayan de Oro,Misamis Oriental,Northern Mindanao,2023-07-30
CUST-02283,Cebu City,Cebu,Central Visayas,2023-01-06
CUST-02284,Zamboanga City,Zamboanga del Sur,Zamboanga Peninsula,2023-03-22
CUST-02285,Bacoor,Cavite,Calabarzon,2023-04-20
CUST-02286,Angeles,Pampanga,Central Luzon,2023-09-14
CUST-02287,Santa Rosa,Laguna,Calabarzon,2023-05-28
CUST-02288,Manila,Metro Manila,NCR,2023-05-19
CUST-02289,Taguig,Metro Manila,NCR,2023-05-08
CUST-02290,Angeles,Pampanga,Central Luzon,2023-02-10
CUST-02291,Quezon City,Metro Manila,NCR,2023-04-28
CUST-02292,Cagayan de Oro,Misamis Oriental,Northern Mindanao,2023-10-13
CUST-02293,Manila,Metro Manila,NCR,2023-10-13
CUST-02294,Makati,Metro Manila,NCR,2023-05-20
CUST-02295,Iloilo City,Iloilo,Western Visayas,2023-02-19
CUST-02296,Quezon City,Metro Manila,NCR,2023-01-20
CUST-02297,Davao City,Davao del Sur,Davao Region,2023-05-24
CUST-02298,Cebu City,Cebu,Central Visayas,2023-06-22
CUST-02299,Quezon City,Metro Manila,NCR,2023-03-10
CUST-02300,Cebu City,Cebu,Central Visayas,2023-01-10
CUST-02301,Legazpi,Albay,Bicol,2023-12-22
CUST-02302,Iloilo City,Iloilo,Western Visayas,2023-09-10
CUST-02303,Tacloban,Leyte,Eastern Visayas,2023-09-02
CUST-02304,Cebu City,Cebu,Central Visayas,2023-06-10
CUST-02305,Malolos,Bulacan,Central Luzon,2023-09-16
CUST-02306,Caloocan,Metro Manila,NCR,2023-09-10
CUST-02307,Cebu City,Cebu,Central Visayas,2023-12-24
CUST-02308,Zamboanga City,Zamboanga del Sur,Zamboanga Peninsula,2023-12-31
CUST-02309,Malolos,Bulacan,Central Luzon,2023-07-21
CUST-02310,Cebu City,Cebu,Central Visayas,2023-01-02
CUST-02311,Bacoor,Cavite,Calabarzon,2023-09-16
CUST-02312,Iloilo City,Iloilo,Western Visayas,2023-10-06
CUST-02313,General Santos,South Cotabato,SOCCSKSARGEN,2023-09-27
CUST-02314,Manila,Metro Manila,NCR,2023-01-11
CUST-02315,Makati,Metro Manila,NCR,2023-05-04
CUST-02316,Angeles,Pampanga,Central Luzon,2023-05-08
CUST-02317,Santa Rosa,Laguna,Calabarzon,2023-10-24
CUST-02318,Malolos,Bulacan,Central Luzon,2023-02-06
CUST-02319,Quezon City,Metro Manila,NCR,2023-10-22
CUST-02320,Antipolo,Rizal,Calabarzon,2023-01-13
CUST-02321,Malolos,Bulacan,Central Luzon,2023-01-19
CUST-02322,Malolos,Bulacan,Central Luzon,2023-06-08
CUST-02323,Cebu City,Cebu,Central Visayas,2023-02-19
CUST-02324,Cebu City,Cebu,Central Visayas,2023-01-02
CUST-02325,Legazpi,Albay,Bicol,2023-06-04
CUST-02326,Bacolod,Negros Occidental,Western Visayas,2023-03-27
CUST-02327,Baguio,Benguet,CAR,2023-05-31
CUST-02328,Angeles,Pampanga,Central Luzon,2023-06-24
CUST-02329,Malolos,Bulacan,Central Luzon,2023-09-01
CUST-02330,Quezon City,Metro Manila,NCR,2023-05-07
CUST-02331,Taguig,Metro Manila,NCR,2023-09-26
CUST-02332,Angeles,Pampanga,Central Luzon,2023-10-23
CUST-02333,Davao City,Davao del Sur,Davao Region,2023-09-23
CUST-02334,Cebu City,Cebu,Central Visayas,2023-12-28
CUST-02335,Quezon City,Metro Manila,NCR,2023-01-26
CUST-02336,Malolos,Bulacan,Central Luzon,2023-09-30
CUST-02337,Makati,Metro Manila,NCR,2023-03-16
CUST-02338,Mandaue,Cebu,Central Visayas,2023-07-27
CUST-02339,Tacloban,Leyte,Eastern Visayas,2023-08-31
CUST-02340,Malolos,Bulacan,Central Luzon,2023-10-10
CUST-02341,Malolos,Bulacan,Central Luzon,2023-03-08
CUST-02342,Caloocan,Metro Manila,NCR,2023-06-28
CUST-02343,Bacoor,Cavite,Calabarzon,2023-07-21
CUST-02344,Davao City,Davao del Sur,Davao Region,2023-05-06
CUST-02345,Cebu City,Cebu,Central Visayas,2023-03-15
CUST-02346,Lipa,Batangas,Calabarzon,2023-05-07
CUST-02347,Antipolo,Rizal,Calabarzon,2023-07-15
CUST-02348,Quezon City,Metro Manila,NCR,2023-02-09
CUST-02349,Manila,Metro Manila,NCR,2023-02-09
CUST-02350,Makati,Metro Manila,NCR,2023-01-14
CUST-02351,Antipolo,Rizal,Calabarzon,2023-11-29
CUST-02352,Cagayan de Oro,Misamis Oriental,Northern Mindanao,2023-02-10
CUST-02353,Lipa,Batangas,Calabarzon,2023-10-23
CUST-02354,Taguig,Metro Manila,NCR,2023-05-20
CUST-02355,Quezon City,Metro Manila,NCR,2023-05-06
CUST-02356,Caloocan,Metro Manila,NCR,2023-10-18
CUST-02357,Bacolod,Negros Occidental,Western Visayas,2023-12-30
CUST-02358,Antipolo,Rizal,Calabarzon,2023-01-22
CUST-02359,Iloilo City,Iloilo,Western Visayas,2023-02-10
CUST-02360,Bacolod,Negros Occidental,Western Visayas,2023-10-30
CUST-02361,Manila,Metro Manila,NCR,2023-05-27
CUST-02362,Baguio,Benguet,CAR,2023-11-07
CUST-02363,Zamboanga City,Zamboanga del Sur,Zamboanga Peninsula,2023-06-09
CUST-02364,Antipolo,Rizal,Calabarzon,2023-09-08
CUST-02365,Quezon City,Metro Manila,NCR,2023-04-02
CUST-02366,Cagayan de Oro,Misamis Oriental,Northern Mindanao,2023-06-06
CUST-02367,Davao City,Davao del Sur,Davao Region,2023-07-04
CUST-02368,Lipa,Batangas,Calabarzon,2023-04-28
CUST-02369,Angeles,Pampanga,Central Luzon,2023-07-12
CUST-02370,Makati,Metro Manila,NCR,2023-12-28
CUST-02371,Bacolod,Negros Occidental,Western Visayas,2023-05-29
CUST-02372,Lipa,Batangas,Calabarzon,2023-03-24
CUST-02373,Quezon City,Metro Manila,NCR,2023-07-07
CUST-02374,Cebu City,Cebu,Central Visayas,2023-10-30
CUST-02375,Cagayan de Oro,Misamis Oriental,Northern Mindanao,2023-12-30
CUST-02376,Tacloban,Leyte,Eastern Visayas,2023-09-15
CUST-02377,Pasig,Metro Manila,NCR,2023-03-27
CUST-02378,Quezon City,Metro Manila,NCR,2023-09-06
CUST-02379,Cagayan de Oro,Misamis Oriental,Northern Mindanao,2023-01-18
CUST-02380,Cagayan de Oro,Misamis Oriental,Northern Mindanao,2023-09-02
CUST-02381,Angeles,Pampanga,Central Luzon,2023-07-29
CUST-02382,Legazpi,Albay,Bicol,2023-03-30
CUST-02383,Santa Rosa,Laguna,Calabarzon,2023-05-22
CUST-02384,Bacoor,Cavite,Calabarzon,2023-12-18
CUST-02385,Manila,Metro Manila,NCR,2023-12-05
CUST-02386,Quezon City,Metro Manila,NCR,2023-10-22
CUST-02387,Taguig,Metro Manila,NCR,2023-02-17
CUST-02388,Tacloban,Leyte,Eastern Visayas,2023-12-24
CUST-02389,Manila,Metro Manila,NCR,2023-12-06
CUST-02390,Taguig,Metro Manila,NCR,2023-03-23
CUST-02391,Angeles,Pampanga,Central Luzon,2023-05-19
CUST-02392,Makati,Metro Manila,NCR,2023-01-07
CUST-02393,Manila,Metro Manila,NCR,2023-10-13
CUST-02394,Angeles,Pampanga,Central Luzon,2023-05-06
CUST-02395,Antipolo,Rizal,Calabarzon,2023-11-13
CUST-02396,Baguio,Benguet,CAR,2023-05-31
CUST-02397,Davao City,Davao del Sur,Davao Region,2023-11-24
CUST-02398,Manila,Metro Manila,NCR,2023-02-04
CUST-02399,Davao City,Davao del Sur,Davao Region,2023-08-03
CUST-02400,Davao City,Davao del Sur,Davao Region,2023-09-30
CUST-02401,Tacloban,Leyte,Eastern Visayas,2023-01-07
CUST-02402,Legazpi,Albay,Bicol,2023-12-08
CUST-02403,Baguio,Benguet,CAR,2023-03-16
CUST-02404,Legazpi,Albay,Bicol,2023-06-29
CUST-02405,Cebu City,Cebu,Central Visayas,2023-04-26
CUST-02406,Quezon City,Metro Manila,NCR,2023-09-28
CUST-02407,Zamboanga City,Zamboanga del Sur,Zamboanga Peninsula,2023-02-14
CUST-02408,Malolos,Bulacan,Central Luzon,2023-07-21
CUST-02409,Iloilo City,Iloilo,Western Visayas,2023-08-02
CUST-02410,Antipolo,Rizal,Calabarzon,2023-07-19
CUST-02411,Quezon City,Metro Manila,NCR,2023-09-15
CUST-02412,Lipa,Batangas,Calabarzon,2023-09-07
CUST-02413,Lipa,Batangas,Calabarzon,2023-11-11
CUST-02414,Bacoor,Cavite,Calabarzon,2023-07-08
CUST-02415,Caloocan,Metro Manila,NCR,2023-07-12
CUST-02416,Taguig,Metro Manila,NCR,2023-08-16
CUST-02417,Angeles,Pampanga,Central Luzon,2023-01-07
CUST-02418,Antipolo,Rizal,Calabarzon,2023-11-21
CUST-02419,Zamboanga City,Zamboanga del Sur,Zamboanga Peninsula,2023-02-03
CUST-02420,Manila,Metro Manila,NCR,2023-02-19
CUST-02421,Pasig,Metro Manila,NCR,2023-12-24
CUST-02422,Pasig,Metro Manila,NCR,2023-04-21
CUST-02423,Angeles,Pampanga,Central Luzon,2023-10-17
CUST-02424,Lipa,Batangas,Calabarzon,2023-12-17
CUST-02425,Legazpi,Albay,Bicol,2023-02-21
CUST-02426,Cagayan de Oro,Misamis Oriental,Northern Mindanao,2023-11-20
CUST-02427,Pasig,Metro Manila,NCR,2023-09-14
CUST-02428,Cebu City,Cebu,Central Visayas,2023-11-27
CUST-02429,Quezon City,Metro Manila,NCR,2023-11-11
CUST-02430,Taguig,Metro Manila,NCR,2023-12-10
CUST-02431,Santa Rosa,Laguna,Calabarzon,2023-02-28
CUST-02432,Quezon City,Metro Manila,NCR,2023-12-11
CUST-02433,Baguio,Benguet,CAR,2023-03-30
CUST-02434,Cebu City,Cebu,Central Visayas,2023-11-05
CUST-02435,Mandaue,Cebu,Central Visayas,2023-02-02
CUST-02436,Lipa,Batangas,Calabarzon,2023-02-26
CUST-02437,Malolos,Bulacan,Central Luzon,2023-05-17
CUST-02438,Antipolo,Rizal,Calabarzon,2023-03-05
CUST-02439,Quezon City,Metro Manila,NCR,2023-09-15
CUST-02440,Quezon City,Metro Manila,NCR,2023-03-22
CUST-02441,Cebu City,Cebu,Central Visayas,2023-10-13
CUST-02442,General Santos,South Cotabato,SOCCSKSARGEN,2023-05-22
CUST-02443,Quezon City,Metro Manila,NCR,2023-01-31
CUST-02444,Angeles,Pampanga,Central Luzon,2023-04-12
CUST-02445,Iloilo City,Iloilo,Western Visayas,2023-09-25
CUST-02446,Tacloban,Leyte,Eastern Visayas,2023-04-07
CUST-02447,Angeles,Pampanga,Central Luzon,2023-02-13
CUST-02448,Baguio,Benguet,CAR,2023-02-11
CUST-02449,Cebu City,Cebu,Central Visayas,2023-04-07
CUST-02450,Davao City,Davao del Sur,Davao Region,2023-04-09
CUST-02451,Manila,Metro Manila,NCR,2023-03-21
CUST-02452,Cagayan de Oro,Misamis Oriental,Northern Mindanao,2023-04-08
CUST-02453,Quezon City,Metro Manila,NCR,2023-11-14
CUST-02454,Tacloban,Leyte,Eastern Visayas,2023-03-14
CUST-02455,Quezon City,Metro Manila,NCR,2023-10-28
CUST-02456,Makati,Metro Manila,NCR,2023-06-12
CUST-02457,Quezon City,Metro Manila,NCR,2023-08-31
CUST-02458,Bacoor,Cavite,Calabarzon,2023-10-16
CUST-02459,Caloocan,Metro Manila,NCR,2023-09-21
CUST-02460,Manila,Metro Manila,NCR,2023-12-02
CUST-02461,Bacoor,Cavite,Calabarzon,2023-07-25
CUST-02462,Antipolo,Rizal,Calabarzon,2023-08-02
CUST-02463,Iloilo City,Iloilo,Western Visayas,2023-08-07
CUST-02464,Davao City,Davao del Sur,Davao Region,2023-11-29
CUST-02465,Legazpi,Albay,Bicol,2023-05-25
CUST-02466,Manila,Metro Manila,NCR,2023-11-01
CUST-02467,Pasig,Metro Manila,NCR,2023-02-23
CUST-02468,Davao City,Davao del Sur,Davao Region,2023-12-24
CUST-02469,Quezon City,Metro Manila,NCR,2023-12-12
CUST-02470,Bacoor,Cavite,Calabarzon,2023-09-14
CUST-02471,Cagayan de Oro,Misamis Oriental,Northern Mindanao,2023-08-06
CUST-02472,Cagayan de Oro,Misamis Oriental,Northern Mindanao,2023-01-12
CUST-02473,Bacoor,Cavite,Calabarzon,2023-06-24
CUST-02474,Cebu City,Cebu,Central Visayas,2023-08-16
CUST-02475,Santa Rosa,Laguna,Calabarzon,2023-03-02
CUST-02476,Iloilo City,Iloilo,Western Visayas,2023-10-06
CUST-02477,Quezon City,Metro Manila,NCR,2023-02-08
CUST-02478,Manila,Metro Manila,NCR,2023-08-07
CUST-02479,Baguio,Benguet,CAR,2023-09-09
CUST-02480,Taguig,Metro Manila,NCR,2023-09-14
CUST-02481,Cebu City,Cebu,Central Visayas,2023-12-29
CUST-02482,Caloocan,Metro Manila,NCR,2023-05-01
CUST-02483,Davao City,Davao del Sur,Davao Region,2023-06-05
CUST-02484,Bacolod,Negros Occidental,Western Visayas,2023-05-15
CUST-02485,Lipa,Batangas,Calabarzon,2023-05-09
CUST-02486,Iloilo City,Iloilo,Western Visayas,2023-12-23
CUST-02487,Taguig,Metro Manila,NCR,2023-02-15
CUST-02488,Lipa,Batangas,Calabarzon,2023-06-29
CUST-02489,Makati,Metro Manila,NCR,2023-04-24
CUST-02490,Davao City,Davao del Sur,Davao Region,2023-12-19
CUST-02491,Tacloban,Leyte,Eastern Visayas,2023-03-30
CUST-02492,Davao City,Davao del Sur,Davao Region,2023-04-29
CUST-02493,Davao City,Davao del Sur,Davao Region,2023-08-20
CUST-02494,Zamboanga City,Zamboanga del Sur,Zamboanga Peninsula,2023-01-25
CUST-02495,Taguig,Metro Manila,NCR,2023-05-09
CUST-02496,Cagayan de Oro,Misamis Oriental,Northern Mindanao,2023-02-04
CUST-02497,Angeles,Pampanga,Central Luzon,2023-03-08
CUST-02498,Bacoor,Cavite,Calabarzon,2023-10-18
CUST-02499,Angeles,Pampanga,Central Luzon,2023-01-03
CUST-02500,Caloocan,Metro Manila,NCR,2023-04-05
CUST-02501,Pasig,Metro Manila,NCR,2023-10-24
CUST-02502,Taguig,Metro Manila,NCR,2023-03-18
CUST-02503,Quezon City,Metro Manila,NCR,2023-07-29
CUST-02504,Lipa,Batangas,Calabarzon,2023-02-20
CUST-02505,Davao City,Davao del Sur,Davao Region,2023-10-30
CUST-02506,Baguio,Benguet,CAR,2023-09-29
CUST-02507,Lipa,Batangas,Calabarzon,2023-08-28
CUST-02508,Bacoor,Cavite,Calabarzon,2023-07-21
CUST-02509,Santa Rosa,Laguna,Calabarzon,2023-05-16
CUST-02510,Makati,Metro Manila,NCR,2023-10-13
CUST-02511,Tacloban,Leyte,Eastern Visayas,2023-04-19
CUST-02512,Makati,Metro Manila,NCR,2023-12-24
CUST-02513,Cebu City,Cebu,Central Visayas,2023-09-03
CUST-02514,Iloilo City,Iloilo,Western Visayas,2023-05-06
CUST-02515,Malolos,Bulacan,Central Luzon,2023-09-27
CUST-02516,Davao City,Davao del Sur,Davao Region,2023-07-28
CUST-02517,Pasig,Metro Manila,NCR,2023-05-25
CUST-02518,Davao City,Davao del Sur,Davao Region,2023-10-03
CUST-02519,Mandaue,Cebu,Central Visayas,2023-01-15
CUST-02520,Bacolod,Negros Occidental,Western Visayas,2023-02-26
CUST-02521,Cebu City,Cebu,Central Visayas,2023-01-12
CUST-02522,Davao City,Davao del Sur,Davao Region,2023-07-05
CUST-02523,General Santos,South Cotabato,SOCCSKSARGEN,2023-08-29
CUST-02524,Bacoor,Cavite,Calabarzon,2023-01-03
CUST-02525,Bacolod,Negros Occidental,Western Visayas,2023-04-11
CUST-02526,Mandaue,Cebu,Central Visayas,2023-03-18
CUST-02527,Santa Rosa,Laguna,Calabarzon,2023-10-27
CUST-02528,Cagayan de Oro,Misamis Oriental,Northern Mindanao,2023-02-18
CUST-02529,Antipolo,Rizal,Calabarzon,2023-06-23
CUST-02530,Angeles,Pampanga,Central Luzon,2023-03-25
CUST-02531,Quezon City,Metro Manila,NCR,2023-03-06
CUST-02532,Makati,Metro Manila,NCR,2023-11-24
CUST-02533,Tacloban,Leyte,Eastern Visayas,2023-11-26
CUST-02534,Antipolo,Rizal,Calabarzon,2023-12-09
CUST-02535,Antipolo,Rizal,Calabarzon,2023-05-12
CUST-02536,Taguig,Metro Manila,NCR,2023-02-01
CUST-02537,Lipa,Batangas,Calabarzon,2023-12-22
CUST-02538,Bacolod,Negros Occidental,Western Visayas,2023-11-12
CUST-02539,Davao City,Davao del Sur,Davao Region,2023-07-08
CUST-02540,Quezon City,Metro Manila,NCR,2023-08-12
CUST-02541,Malolos,Bulacan,Central Luzon,2023-11-25
CUST-02542,Santa Rosa,Laguna,Calabarzon,2023-05-24
CUST-02543,Baguio,Benguet,CAR,2023-02-05
CUST-02544,Bacoor,Cavite,Calabarzon,2023-10-16
CUST-02545,Antipolo,Rizal,Calabarzon,2023-12-31
CUST-02546,Santa Rosa,Laguna,Calabarzon,2023-10-11
CUST-02547,Malolos,Bulacan,Central Luzon,2023-10-26
CUST-02548,Lipa,Batangas,Calabarzon,2023-07-15
CUST-02549,Santa Rosa,Laguna,Calabarzon,2023-11-23
CUST-02550,Bacolod,Negros Occidental,Western Visayas,2023-08-23
CUST-02551,Mandaue,Cebu,Central Visayas,2023-11-19
CUST-02552,Caloocan,Metro Manila,NCR,2023-04-30
CUST-02553,Bacolod,Negros Occidental,Western Visayas,2023-07-14
CUST-02554,Davao City,Davao del Sur,Davao Region,2023-12-05
CUST-02555,Manila,Metro Manila,NCR,2023-12-17
CUST-02556,Malolos,Bulacan,Central Luzon,2023-07-07
CUST-02557,Pasig,Metro Manila,NCR,2023-05-30
CUST-02558,Mandaue,Cebu,Central Visayas,2023-10-30
CUST-02559,Taguig,Metro Manila,NCR,2023-09-05
CUST-02560,Cebu City,Cebu,Central Visayas,2023-05-25
CUST-02561,Taguig,Metro Manila,NCR,2023-07-14
CUST-02562,Lipa,Batangas,Calabarzon,2023-11-20
CUST-02563,Cagayan de Oro,Misamis Oriental,Northern Mindanao,2023-08-12
CUST-02564,Antipolo,Rizal,Calabarzon,2023-10-21
CUST-02565,Davao City,Davao del Sur,Davao Region,2023-01-28
CUST-02566,General Santos,South Cotabato,SOCCSKSARGEN,2023-03-14
CUST-02567,Davao City,Davao del Sur,Davao Region,2023-09-10
CUST-02568,Manila,Metro Manila,NCR,2023-10-08
CUST-02569,Bacolod,Negros Occidental,Western Visayas,2023-11-13
CUST-02570,Quezon City,Metro Manila,NCR,2023-04-07
CUST-02571,Antipolo,Rizal,Calabarzon,2023-01-31
CUST-02572,Davao City,Davao del Sur,Davao Region,2023-09-24
CUST-02573,Cebu City,Cebu,Central Visayas,2023-05-13
CUST-02574,Angeles,Pampanga,Central Luzon,2023-10-08
CUST-02575,Antipolo,Rizal,Calabarzon,2023-02-01
CUST-02576,Bacolod,Negros Occidental,Western Visayas,2023-09-14
CUST-02577,Cebu City,Cebu,Central Visayas,2023-11-27
CUST-02578,Santa Rosa,Laguna,Calabarzon,2023-02-14
CUST-02579,Davao City,Davao del Sur,Davao Region,2023-01-21
CUST-02580,Taguig,Metro Manila,NCR,2023-08-10
CUST-02581,Manila,Metro Manila,NCR,2023-02-04
CUST-02582,Legazpi,Albay,Bicol,2023-10-05
CUST-02583,Zamboanga City,Zamboanga del Sur,Zamboanga Peninsula,2023-09-25
CUST-02584,Taguig,Metro Manila,NCR,2023-06-20
CUST-02585,Taguig,Metro Manila,NCR,2023-05-27
CUST-02586,Manila,Metro Manila,NCR,2023-08-14
CUST-02587,Davao City,Davao del Sur,Davao Region,2023-03-16
CUST-02588,Taguig,Metro Manila,NCR,2023-03-19
CUST-02589,Lipa,Batangas,Calabarzon,2023-11-18
CUST-02590,General Santos,South Cotabato,SOCCSKSARGEN,2023-01-05
CUST-02591,Quezon City,Metro Manila,NCR,2023-11-04
CUST-02592,Angeles,Pampanga,Central Luzon,2023-06-23
CUST-02593,Lipa,Batangas,Calabarzon,2023-07-31
CUST-02594,Bacolod,Negros Occidental,Western Visayas,2023-07-21
CUST-02595,Caloocan,Metro Manila,NCR,2023-11-16
CUST-02596,Bacoor,Cavite,Calabarzon,2023-08-29
CUST-02597,Manila,Metro Manila,NCR,2023-12-21
CUST-02598,Mandaue,Cebu,Central Visayas,2023-01-11
CUST-02599,Iloilo City,Iloilo,Western Visayas,2023-11-10
CUST-02600,Manila,Metro Manila,NCR,2023-07-09
CUST-02601,Antipolo,Rizal,Calabarzon,2023-10-15
CUST-02602,Davao City,Davao del Sur,Davao Region,2023-10-29
CUST-02603,Quezon City,Metro Manila,NCR,2023-08-12
CUST-02604,Pasig,Metro Manila,NCR,2023-01-13
CUST-02605,Angeles,Pampanga,Central Luzon,2023-07-11
CUST-02606,Caloocan,Metro Manila,NCR,2023-01-16
CUST-02607,Taguig,Metro Manila,NCR,2023-03-06
CUST-02608,Santa Rosa,Laguna,Calabarzon,2023-07-26
CUST-02609,Makati,Metro Manila,NCR,2023-02-07
CUST-02610,Angeles,Pampanga,Central Luzon,2023-08-27
CUST-02611,Cebu City,Cebu,Central Visayas,2023-07-02
CUST-02612,Malolos,Bulacan,Central Luzon,2023-04-28
CUST-02613,Quezon City,Metro Manila,NCR,2023-05-31
CUST-02614,Tacloban,Leyte,Eastern Visayas,2023-03-05
CUST-02615,Manila,Metro Manila,NCR,2023-11-03
CUST-02616,Iloilo City,Iloilo,Western Visayas,2023-07-04
CUST-02617,Antipolo,Rizal,Calabarzon,2023-05-04
CUST-02618,Iloilo City,Iloilo,Western Visayas,2023-09-03
CUST-02619,Makati,Metro Manila,NCR,2023-02-19
CUST-02620,Makati,Metro Manila,NCR,2023-09-13
CUST-02621,Lipa,Batangas,Calabarzon,2023-09-14
CUST-02622,Quezon City,Metro Manila,NCR,2023-09-04
CUST-02623,Makati,Metro Manila,NCR,2023-04-30
CUST-02624,Cebu City,Cebu,Central Visayas,2023-11-19
CUST-02625,Tacloban,Leyte,Eastern Visayas,2023-11-10
CUST-02626,Quezon City,Metro Manila,NCR,2023-03-23
CUST-02627,Davao City,Davao del Sur,Davao Region,2023-10-18
CUST-02628,Bacolod,Negros Occidental,Western Visayas,2023-11-24
CUST-02629,Davao City,Davao del Sur,Davao Region,2023-09-27
CUST-02630,Cebu City,Cebu,Central Visayas,2023-08-09
CUST-02631,Cebu City,Cebu,Central Visayas,2023-12-20
CUST-02632,Angeles,Pampanga,Central Luzon,2023-03-03
CUST-02633,Legazpi,Albay,Bicol,2023-11-20
CUST-02634,Cagayan de Oro,Misamis Oriental,Northern Mindanao,2023-08-07
CUST-02635,Quezon City,Metro Manila,NCR,2023-10-20
CUST-02636,Pasig,Metro Manila,NCR,2023-09-16
CUST-02637,Quezon City,Metro Manila,NCR,2023-12-16
CUST-02638,Cagayan de Oro,Misamis Oriental,Northern Mindanao,2023-01-20
CUST-02639,Bacoor,Cavite,Calabarzon,2023-01-24
CUST-02640,Cebu City,Cebu,Central Visayas,2023-11-16
CUST-02641,Tacloban,Leyte,Eastern Visayas,2023-10-21
CUST-02642,General Santos,South Cotabato,SOCCSKSARGEN,2023-02-13
CUST-02643,Manila,Metro Manila,NCR,2023-08-03
CUST-02644,Bacolod,Negros Occidental,Western Visayas,2023-12-10
CUST-02645,Davao City,Davao del Sur,Davao Region,2023-11-13
CUST-02646,Quezon City,Metro Manila,NCR,2023-08-04
CUST-02647,Iloilo City,Iloilo,Western Visayas,2023-06-12
CUST-02648,Caloocan,Metro Manila,NCR,2023-05-16
CUST-02649,Legazpi,Albay,Bicol,2023-11-07
CUST-02650,Lipa,Batangas,Calabarzon,2023-08-19
CUST-02651,Taguig,Metro Manila,NCR,2023-09-28
CUST-02652,Manila,Metro Manila,NCR,2023-06-20
CUST-02653,Manila,Metro Manila,NCR,2023-09-06
CUST-02654,Quezon City,Metro Manila,NCR,2023-10-19
CUST-02655,Legazpi,Albay,Bicol,2023-03-10
CUST-02656,Caloocan,Metro Manila,NCR,2023-06-08
CUST-02657,Makati,Metro Manila,NCR,2023-07-13
CUST-02658,Cebu City,Cebu,Central Visayas,2023-11-13
CUST-02659,Cebu City,Cebu,Central Visayas,2023-12-07
CUST-02660,Angeles,Pampanga,Central Luzon,2023-03-17
CUST-02661,Cagayan de Oro,Misamis Oriental,Northern Mindanao,2023-01-13
CUST-02662,Antipolo,Rizal,Calabarzon,2023-06-02
CUST-02663,Tacloban,Leyte,Eastern Visayas,2023-12-18
CUST-02664,Quezon City,Metro Manila,NCR,2023-07-10
CUST-02665,Mandaue,Cebu,Central Visayas,2023-09-21
CUST-02666,General Santos,South Cotabato,SOCCSKSARGEN,2023-12-13
CUST-02667,Davao City,Davao del Sur,Davao Region,2023-11-11
CUST-02668,Malolos,Bulacan,Central Luzon,2023-07-03
CUST-02669,Baguio,Benguet,CAR,2023-07-30
CUST-02670,Caloocan,Metro Manila,NCR,2023-06-10
CUST-02671,Cebu City,Cebu,Central Visayas,2023-04-23
CUST-02672,Iloilo City,Iloilo,Western Visayas,2023-09-27
CUST-02673,General Santos,South Cotabato,SOCCSKSARGEN,2023-09-19
CUST-02674,Lipa,Batangas,Calabarzon,2023-04-29
CUST-02675,Quezon City,Metro Manila,NCR,2023-10-22
CUST-02676,Malolos,Bulacan,Central Luzon,2023-12-04
CUST-02677,Manila,Metro Manila,NCR,2023-02-24
CUST-02678,Taguig,Metro Manila,NCR,2023-10-17
CUST-02679,Caloocan,Metro Manila,NCR,2023-11-18
CUST-02680,Mandaue,Cebu,Central Visayas,2023-04-07
CUST-02681,Makati,Metro Manila,NCR,2023-06-21
CUST-02682,Manila,Metro Manila,NCR,2023-11-09
CUST-02683,Quezon City,Metro Manila,NCR,2023-02-25
CUST-02684,Davao City,Davao del Sur,Davao Region,2023-10-04
CUST-02685,Cebu City,Cebu,Central Visayas,2023-04-30
CUST-02686,Quezon City,Metro Manila,NCR,2023-05-09
CUST-02687,Quezon City,Metro Manila,NCR,2023-03-05
CUST-02688,Angeles,Pampanga,Central Luzon,2023-04-10
CUST-02689,Pasig,Metro Manila,NCR,2023-04-20
CUST-02690,Malolos,Bulacan,Central Luzon,2023-12-14
CUST-02691,Bacoor,Cavite,Calabarzon,2023-01-24
CUST-02692,Cagayan de Oro,Misamis Oriental,Northern Mindanao,2023-11-16
CUST-02693,Pasig,Metro Manila,NCR,2023-10-01
CUST-02694,Cebu City,Cebu,Central Visayas,2023-07-23
CUST-02695,Quezon City,Metro Manila,NCR,2023-09-18
CUST-02696,Zamboanga City,Zamboanga del Sur,Zamboanga Peninsula,2023-05-30
CUST-02697,General Santos,South Cotabato,SOCCSKSARGEN,2023-12-13
CUST-02698,Mandaue,Cebu,Central Visayas,2023-07-20
CUST-02699,Santa Rosa,Laguna,Calabarzon,2023-08-27
CUST-02700,Makati,Metro Manila,NCR,2023-05-10
CUST-02701,Bacolod,Negros Occidental,Western Visayas,2023-06-26
CUST-02702,Mandaue,Cebu,Central Visayas,2023-04-01
CUST-02703,Makati,Metro Manila,NCR,2023-11-02
CUST-02704,Bacoor,Cavite,Calabarzon,2023-01-20
CUST-02705,Santa Rosa,Laguna,Calabarzon,2023-08-11
CUST-02706,Tacloban,Leyte,Eastern Visayas,2023-08-27
CUST-02707,Cebu City,Cebu,Central Visayas,2023-06-15
CUST-02708,Legazpi,Albay,Bicol,2023-11-03
CUST-02709,Legazpi,Albay,Bicol,2023-03-10
CUST-02710,Taguig,Metro Manila,NCR,2023-09-27
CUST-02711,Antipolo,Rizal,Calabarzon,2023-01-28
CUST-02712,Quezon City,Metro Manila,NCR,2023-11-08
CUST-02713,Bacolod,Negros Occidental,Western Visayas,2023-02-20
CUST-02714,Bacoor,Cavite,Calabarzon,2023-08-11
CUST-02715,Bacoor,Cavite,Calabarzon,2023-05-25
CUST-02716,Taguig,Metro Manila,NCR,2023-02-17
CUST-02717,Makati,Metro Manila,NCR,2023-11-15
CUST-02718,Malolos,Bulacan,Central Luzon,2023-08-28
CUST-02719,Taguig,Metro Manila,NCR,2023-01-20
CUST-02720,Quezon City,Metro Manila,NCR,2023-11-08
CUST-02721,Iloilo City,Iloilo,Western Visayas,2023-11-25
CUST-02722,Antipolo,Rizal,Calabarzon,2023-06-25
CUST-02723,Antipolo,Rizal,Calabarzon,2023-12-23
CUST-02724,Bacoor,Cavite,Calabarzon,2023-01-04
CUST-02725,Bacolod,Negros Occidental,Western Visayas,2023-02-06
CUST-02726,Pasig,Metro Manila,NCR,2023-10-25
CUST-02727,Iloilo City,Iloilo,Western Visayas,2023-10-30
CUST-02728,Cagayan de Oro,Misamis Oriental,Northern Mindanao,2023-03-24
CUST-02729,Cebu City,Cebu,Central Visayas,2023-06-25
CUST-02730,Bacoor,Cavite,Calabarzon,2023-03-07
CUST-02731,Mandaue,Cebu,Central Visayas,2023-01-13
CUST-02732,Santa Rosa,Laguna,Calabarzon,2023-08-08
CUST-02733,Bacoor,Cavite,Calabarzon,2023-10-01
CUST-02734,Angeles,Pampanga,Central Luzon,2023-05-20
CUST-02735,Pasig,Metro Manila,NCR,2023-05-15
CUST-02736,Quezon City,Metro Manila,NCR,2023-07-28
CUST-02737,Bacoor,Cavite,Calabarzon,2023-09-14
CUST-02738,Manila,Metro Manila,NCR,2023-09-28
CUST-02739,Bacoor,Cavite,Calabarzon,2023-06-25
CUST-02740,Angeles,Pampanga,Central Luzon,2023-07-30
CUST-02741,Cagayan de Oro,Misamis Oriental,Northern Mindanao,2023-07-19
CUST-02742,Quezon City,Metro Manila,NCR,2023-11-28
CUST-02743,Baguio,Benguet,CAR,2023-02-14
CUST-02744,Santa Rosa,Laguna,Calabarzon,2023-04-18
CUST-02745,Quezon City,Metro Manila,NCR,2023-01-31
CUST-02746,Taguig,Metro Manila,NCR,2023-03-05
CUST-02747,Manila,Metro Manila,NCR,2023-05-21
CUST-02748,Makati,Metro Manila,NCR,2023-09-11
CUST-02749,Pasig,Metro Manila,NCR,2023-05-08
CUST-02750,Antipolo,Rizal,Calabarzon,2023-06-09
CUST-02751,Angeles,Pampanga,Central Luzon,2023-01-29
CUST-02752,Quezon City,Metro Manila,NCR,2023-10-09
CUST-02753,Manila,Metro Manila,NCR,2023-12-23
CUST-02754,Quezon City,Metro Manila,NCR,2023-11-16
CUST-02755,Angeles,Pampanga,Central Luzon,2023-10-30
CUST-02756,Caloocan,Metro Manila,NCR,2023-05-04
CUST-02757,Angeles,Pampanga,Central Luzon,2023-11-09
CUST-02758,Makati,Metro Manila,NCR,2023-11-14
CUST-02759,Quezon City,Metro Manila,NCR,2023-08-10
CUST-02760,Cagayan de Oro,Misamis Oriental,Northern Mindanao,2023-03-22
CUST-02761,Manila,Metro Manila,NCR,2023-07-31
CUST-02762,Manila,Metro Manila,NCR,2023-09-24
CUST-02763,Manila,Metro Manila,NCR,2023-09-20
CUST-02764,General Santos,South Cotabato,SOCCSKSARGEN,2023-03-09
CUST-02765,Baguio,Benguet,CAR,2023-07-27
CUST-02766,Baguio,Benguet,CAR,2023-08-20
CUST-02767,General Santos,South Cotabato,SOCCSKSARGEN,2023-03-25
CUST-02768,Quezon City,Metro Manila,NCR,2023-08-20
CUST-02769,Zamboanga City,Zamboanga del Sur,Zamboanga Peninsula,2023-08-24
CUST-02770,Makati,Metro Manila,NCR,2023-04-03
CUST-02771,Baguio,Benguet,CAR,2023-09-04
CUST-02772,Bacoor,Cavite,Calabarzon,2023-06-29
CUST-02773,Antipolo,Rizal,Calabarzon,2023-05-04
CUST-02774,Cagayan de Oro,Misamis Oriental,Northern Mindanao,2023-10-20
CUST-02775,Manila,Metro Manila,NCR,2023-11-16
CUST-02776,General Santos,South Cotabato,SOCCSKSARGEN,2023-02-25
CUST-02777,Antipolo,Rizal,Calabarzon,2023-09-15
CUST-02778,Legazpi,Albay,Bicol,2023-08-30
CUST-02779,Zamboanga City,Zamboanga del Sur,Zamboanga Peninsula,2023-05-31
CUST-02780,Quezon City,Metro Manila,NCR,2023-11-25
CUST-02781,Cagayan de Oro,Misamis Oriental,Northern Mindanao,2023-12-16
CUST-02782,Angeles,Pampanga,Central Luzon,2023-08-03
CUST-02783,Cebu City,Cebu,Central Visayas,2023-01-13
CUST-02784,Manila,Metro Manila,NCR,2023-06-06
CUST-02785,Angeles,Pampanga,Central Luzon,2023-06-04
CUST-02786,Cebu City,Cebu,Central Visayas,2023-05-24
CUST-02787,Santa Rosa,Laguna,Calabarzon,2023-02-21
CUST-02788,Manila,Metro Manila,NCR,2023-03-03
CUST-02789,Taguig,Metro Manila,NCR,2023-12-24
CUST-02790,Davao City,Davao del Sur,Davao Region,2023-06-18
CUST-02791,Quezon City,Metro Manila,NCR,2023-06-16
CUST-02792,Cebu City,Cebu,Central Visayas,2023-10-12
CUST-02793,General Santos,South Cotabato,SOCCSKSARGEN,2023-01-11
CUST-02794,Quezon City,Metro Manila,NCR,2023-09-28
CUST-02795,Manila,Metro Manila,NCR,2023-03-03
CUST-02796,Cebu City,Cebu,Central Visayas,2023-11-26
CUST-02797,Quezon City,Metro Manila,NCR,2023-05-27
CUST-02798,Malolos,Bulacan,Central Luzon,2023-04-08
CUST-02799,Cebu City,Cebu,Central Visayas,2023-07-01
CUST-02800,Malolos,Bulacan,Central Luzon,2023-11-24
CUST-02801,Antipolo,Rizal,Calabarzon,2023-11-17
CUST-02802,Cebu City,Cebu,Central Visayas,2023-05-25
CUST-02803,Malolos,Bulacan,Central Luzon,2023-02-21
CUST-02804,Makati,Metro Manila,NCR,2023-05-29
CUST-02805,Angeles,Pampanga,Central Luzon,2023-11-26
CUST-02806,Davao City,Davao del Sur,Davao Region,2023-03-21
CUST-02807,Cebu City,Cebu,Central Visayas,2023-07-18
CUST-02808,Santa Rosa,Laguna,Calabarzon,2023-12-05
CUST-02809,Caloocan,Metro Manila,NCR,2023-08-20
CUST-02810,Quezon City,Metro Manila,NCR,2023-10-19
CUST-02811,Taguig,Metro Manila,NCR,2023-01-06
CUST-02812,Quezon City,Metro Manila,NCR,2023-02-04
CUST-02813,General Santos,South Cotabato,SOCCSKSARGEN,2023-11-24
CUST-02814,Makati,Metro Manila,NCR,2023-06-07
CUST-02815,Bacolod,Negros Occidental,Western Visayas,2023-12-30
CUST-02816,Manila,Metro Manila,NCR,2023-07-18
CUST-02817,Pasig,Metro Manila,NCR,2023-11-06
CUST-02818,Bacoor,Cavite,Calabarzon,2023-04-04
CUST-02819,Caloocan,Metro Manila,NCR,2023-12-06
CUST-02820,Bacolod,Negros Occidental,Western Visayas,2023-02-06
CUST-02821,Zamboanga City,Zamboanga del Sur,Zamboanga Peninsula,2023-10-09
CUST-02822,Davao City,Davao del Sur,Davao Region,2023-09-28
CUST-02823,Manila,Metro Manila,NCR,2023-02-12
CUST-02824,Iloilo City,Iloilo,Western Visayas,2023-02-06
CUST-02825,Manila,Metro Manila,NCR,2023-11-27
CUST-02826,Davao City,Davao del Sur,Davao Region,2023-11-23
CUST-02827,Lipa,Batangas,Calabarzon,2023-02-24
CUST-02828,Caloocan,Metro Manila,NCR,2023-01-10
CUST-02829,Manila,Metro Manila,NCR,2023-07-07
CUST-02830,Quezon City,Metro Manila,NCR,2023-11-02
CUST-02831,Taguig,Metro Manila,NCR,2023-11-07
CUST-02832,Davao City,Davao del Sur,Davao Region,2023-09-26
CUST-02833,Bacolod,Negros Occidental,Western Visayas,2023-04-26
CUST-02834,Zamboanga City,Zamboanga del Sur,Zamboanga Peninsula,2023-11-27
CUST-02835,Quezon City,Metro Manila,NCR,2023-05-12
CUST-02836,Malolos,Bulacan,Central Luzon,2023-03-14
CUST-02837,Taguig,Metro Manila,NCR,2023-11-10
CUST-02838,Angeles,Pampanga,Central Luzon,2023-01-07
CUST-02839,Pasig,Metro Manila,NCR,2023-01-06
CUST-02840,Pasig,Metro Manila,NCR,2023-09-15
CUST-02841,Malolos,Bulacan,Central Luzon,2023-11-22
CUST-02842,Makati,Metro Manila,NCR,2023-09-05
CUST-02843,Santa Rosa,Laguna,Calabarzon,2023-09-29
CUST-02844,Legazpi,Albay,Bicol,2023-09-22
CUST-02845,Manila,Metro Manila,NCR,2023-01-29
CUST-02846,Cagayan de Oro,Misamis Oriental,Northern Mindanao,2023-11-06
CUST-02847,Lipa,Batangas,Calabarzon,2023-09-08
CUST-02848,Bacolod,Negros Occidental,Western Visayas,2023-03-20
CUST-02849,Legazpi,Albay,Bicol,2023-12-12
CUST-02850,Cebu City,Cebu,Central Visayas,2023-12-10
CUST-02851,Cebu City,Cebu,Central Visayas,2023-09-13
CUST-02852,Davao City,Davao del Sur,Davao Region,2023-01-13
CUST-02853,Baguio,Benguet,CAR,2023-03-01
CUST-02854,Pasig,Metro Manila,NCR,2023-01-28
CUST-02855,Quezon City,Metro Manila,NCR,2023-02-20
CUST-02856,Malolos,Bulacan,Central Luzon,2023-11-19
CUST-02857,Quezon City,Metro Manila,NCR,2023-08-08
CUST-02858,Taguig,Metro Manila,NCR,2023-06-22
CUST-02859,Quezon City,Metro Manila,NCR,2023-11-02
CUST-02860,Angeles,Pampanga,Central Luzon,2023-01-04
CUST-02861,Manila,Metro Manila,NCR,2023-05-26
CUST-02862,Baguio,Benguet,CAR,2023-02-24
CUST-02863,Bacolod,Negros Occidental,Western Visayas,2023-09-29
CUST-02864,Tacloban,Leyte,Eastern Visayas,2023-04-15
CUST-02865,Pasig,Metro Manila,NCR,2023-11-24
CUST-02866,Angeles,Pampanga,Central Luzon,2023-12-24
CUST-02867,Angeles,Pampanga,Central Luzon,2023-05-13
CUST-02868,Santa Rosa,Laguna,Calabarzon,2023-12-08
CUST-02869,Cebu City,Cebu,Central Visayas,2023-09-23
CUST-02870,Makati,Metro Manila,NCR,2023-03-18
CUST-02871,General Santos,South Cotabato,SOCCSKSARGEN,2023-07-04
CUST-02872,Quezon City,Metro Manila,NCR,2023-08-17
CUST-02873,Tacloban,Leyte,Eastern Visayas,2023-09-17
CUST-02874,Malolos,Bulacan,Central Luzon,2023-05-03
CUST-02875,Taguig,Metro Manila,NCR,2023-01-18
CUST-02876,Mandaue,Cebu,Central Visayas,2023-04-07
CUST-02877,Quezon City,Metro Manila,NCR,2023-08-23
CUST-02878,Iloilo City,Iloilo,Western Visayas,2023-07-31
CUST-02879,Malolos,Bulacan,Central Luzon,2023-11-25
CUST-02880,Manila,Metro Manila,NCR,2023-11-10
CUST-02881,Quezon City,Metro Manila,NCR,2023-09-26
CUST-02882,Iloilo City,Iloilo,Western Visayas,2023-08-13
CUST-02883,Pasig,Metro Manila,NCR,2023-01-05
CUST-02884,Davao City,Davao del Sur,Davao Region,2023-02-18
CUST-02885,Iloilo City,Iloilo,Western Visayas,2023-11-21
CUST-02886,Cebu City,Cebu,Central Visayas,2023-09-03
CUST-02887,Pasig,Metro Manila,NCR,2023-12-12
CUST-02888,Cebu City,Cebu,Central Visayas,2023-12-10
CUST-02889,Cagayan de Oro,Misamis Oriental,Northern Mindanao,2023-08-18
CUST-02890,Quezon City,Metro Manila,NCR,2023-01-16
CUST-02891,Caloocan,Metro Manila,NCR,2023-10-26
CUST-02892,Taguig,Metro Manila,NCR,2023-04-28
CUST-02893,Antipolo,Rizal,Calabarzon,2023-08-11
CUST-02894,Mandaue,Cebu,Central Visayas,2023-06-18
CUST-02895,Santa Rosa,Laguna,Calabarzon,2023-02-18
CUST-02896,Angeles,Pampanga,Central Luzon,2023-03-05
CUST-02897,Pasig,Metro Manila,NCR,2023-03-05
CUST-02898,Manila,Metro Manila,NCR,2023-08-04
CUST-02899,Taguig,Metro Manila,NCR,2023-12-15
CUST-02900,Davao City,Davao del Sur,Davao Region,2023-01-07
CUST-02901,Malolos,Bulacan,Central Luzon,2023-01-04
CUST-02902,Antipolo,Rizal,Calabarzon,2023-02-22
CUST-02903,Bacolod,Negros Occidental,Western Visayas,2023-07-11
CUST-02904,Quezon City,Metro Manila,NCR,2023-09-21
CUST-02905,Taguig,Metro Manila,NCR,2023-10-30
CUST-02906,Taguig,Metro Manila,NCR,2023-08-19
CUST-02907,General Santos,South Cotabato,SOCCSKSARGEN,2023-09-01
CUST-02908,Cebu City,Cebu,Central Visayas,2023-09-23
CUST-02909,Baguio,Benguet,CAR,2023-01-20
CUST-02910,Quezon City,Metro Manila,NCR,2023-05-06
CUST-02911,Makati,Metro Manila,NCR,2023-10-12
CUST-02912,Legazpi,Albay,Bicol,2023-05-13
CUST-02913,Antipolo,Rizal,Calabarzon,2023-04-19
CUST-02914,Cagayan de Oro,Misamis Oriental,Northern Mindanao,2023-06-25
CUST-02915,Iloilo City,Iloilo,Western Visayas,2023-01-21
CUST-02916,Bacoor,Cavite,Calabarzon,2023-01-14
CUST-02917,Mandaue,Cebu,Central Visayas,2023-07-28
CUST-02918,Zamboanga City,Zamboanga del Sur,Zamboanga Peninsula,2023-07-13
CUST-02919,Santa Rosa,Laguna,Calabarzon,2023-10-14
CUST-02920,Legazpi,Albay,Bicol,2023-03-21
CUST-02921,Cagayan de Oro,Misamis Oriental,Northern Mindanao,2023-01-27
CUST-02922,Taguig,Metro Manila,NCR,2023-05-06
CUST-02923,Davao City,Davao del Sur,Davao Region,2023-10-20
CUST-02924,Quezon City,Metro Manila,NCR,2023-06-26
CUST-02925,Legazpi,Albay,Bicol,2023-03-17
CUST-02926,Iloilo City,Iloilo,Western Visayas,2023-12-17
CUST-02927,Baguio,Benguet,CAR,2023-05-31
CUST-02928,Lipa,Batangas,Calabarzon,2023-05-07
CUST-02929,Baguio,Benguet,CAR,2023-06-20
CUST-02930,Manila,Metro Manila,NCR,2023-05-12
CUST-02931,Makati,Metro Manila,NCR,2023-02-09
CUST-02932,Taguig,Metro Manila,NCR,2023-11-17
CUST-02933,Malolos,Bulacan,Central Luzon,2023-06-07
CUST-02934,Bacoor,Cavite,Calabarzon,2023-03-17
CUST-02935,Taguig,Metro Manila,NCR,2023-03-07
CUST-02936,Davao City,Davao del Sur,Davao Region,2023-07-15
CUST-02937,Antipolo,Rizal,Calabarzon,2023-01-02
CUST-02938,Bacoor,Cavite,Calabarzon,2023-09-05
CUST-02939,Bacoor,Cavite,Calabarzon,2023-07-25
CUST-02940,Makati,Metro Manila,NCR,2023-03-07
CUST-02941,Mandaue,Cebu,Central Visayas,2023-07-25
CUST-02942,Bacoor,Cavite,Calabarzon,2023-08-29
CUST-02943,Quezon City,Metro Manila,NCR,2023-06-13
CUST-02944,Zamboanga City,Zamboanga del Sur,Zamboanga Peninsula,2023-05-20
CUST-02945,Bacolod,Negros Occidental,Western Visayas,2023-01-12
CUST-02946,Cebu City,Cebu,Central Visayas,2023-05-21
CUST-02947,Davao City,Davao del Sur,Davao Region,2023-10-26
CUST-02948,Davao City,Davao del Sur,Davao Region,2023-12-13
CUST-02949,Caloocan,Metro Manila,NCR,2023-01-13
CUST-02950,Baguio,Benguet,CAR,2023-07-31
CUST-02951,Baguio,Benguet,CAR,2023-10-20
CUST-02952,Taguig,Metro Manila,NCR,2023-10-12
CUST-02953,Makati,Metro Manila,NCR,2023-11-24
CUST-02954,Manila,Metro Manila,NCR,2023-10-21
CUST-02955,Cebu City,Cebu,Central Visayas,2023-03-23
CUST-02956,Iloilo City,Iloilo,Western Visayas,2023-05-07
CUST-02957,Iloilo City,Iloilo,Western Visayas,2023-05-28
CUST-02958,Pasig,Metro Manila,NCR,2023-12-28
CUST-02959,Makati,Metro Manila,NCR,2023-05-01
CUST-02960,Santa Rosa,Laguna,Calabarzon,2023-01-13
CUST-02961,Angeles,Pampanga,Central Luzon,2023-01-30
CUST-02962,Cagayan de Oro,Misamis Oriental,Northern Mindanao,2023-08-10
CUST-02963,Davao City,Davao del Sur,Davao Region,2023-05-27
CUST-02964,Davao City,Davao del Sur,Davao Region,2023-09-14
CUST-02965,Davao City,Davao del Sur,Davao Region,2023-02-11
CUST-02966,Zamboanga City,Zamboanga del Sur,Zamboanga Peninsula,2023-01-31
CUST-02967,Santa Rosa,Laguna,Calabarzon,2023-10-12
CUST-02968,Quezon City,Metro Manila,NCR,2023-07-08
CUST-02969,Quezon City,Metro Manila,NCR,2023-10-07
CUST-02970,Antipolo,Rizal,Calabarzon,2023-05-22
CUST-02971,Taguig,Metro Manila,NCR,2023-09-17
CUST-02972,Manila,Metro Manila,NCR,2023-04-23
CUST-02973,Zamboanga City,Zamboanga del Sur,Zamboanga Peninsula,2023-01-08
CUST-02974,Makati,Metro Manila,NCR,2023-02-17
CUST-02975,Zamboanga City,Zamboanga del Sur,Zamboanga Peninsula,2023-10-27
CUST-02976,Iloilo City,Iloilo,Western Visayas,2023-11-15
CUST-02977,Legazpi,Albay,Bicol,2023-03-10
CUST-02978,Cebu City,Cebu,Central Visayas,2023-12-03
CUST-02979,Caloocan,Metro Manila,NCR,2023-08-08
CUST-02980,Legazpi,Albay,Bicol,2023-01-04
CUST-02981,Makati,Metro Manila,NCR,2023-07-22
CUST-02982,Cagayan de Oro,Misamis Oriental,Northern Mindanao,2023-12-29
CUST-02983,Pasig,Metro Manila,NCR,2023-01-11
CUST-02984,Taguig,Metro Manila,NCR,2023-04-18
CUST-02985,Cebu City,Cebu,Central Visayas,2023-09-03
CUST-02986,Cebu City,Cebu,Central Visayas,2023-05-23
CUST-02987,Bacoor,Cavite,Calabarzon,2023-05-23
CUST-02988,Legazpi,Albay,Bicol,2023-06-14
CUST-02989,Manila,Metro Manila,NCR,2023-01-16
CUST-02990,Cebu City,Cebu,Central Visayas,2023-03-21
CUST-02991,Taguig,Metro Manila,NCR,2023-09-29
CUST-02992,Taguig,Metro Manila,NCR,2023-01-04
CUST-02993,Manila,Metro Manila,NCR,2023-01-15
CUST-02994,Caloocan,Metro Manila,NCR,2023-12-15
CUST-02995,Caloocan,Metro Manila,NCR,2023-09-15
CUST-02996,Santa Rosa,Laguna,Calabarzon,2023-05-22
CUST-02997,Makati,Metro Manila,NCR,2023-02-15
CUST-02998,Makati,Metro Manila,NCR,2023-04-15
CUST-02999,Angeles,Pampanga,Central Luzon,2023-06-06
CUST-03000,Manila,Metro Manila,NCR,2023-09-12
CUST-03001,Cebu City,Cebu,Central Visayas,2023-11-27
CUST-03002,Cagayan de Oro,Misamis Oriental,Northern Mindanao,2023-02-10
CUST-03003,Bacoor,Cavite,Calabarzon,2023-06-21
CUST-03004,Davao City,Davao del Sur,Davao Region,2023-07-19
CUST-03005,Quezon City,Metro Manila,NCR,2023-01-09
CUST-03006,Quezon City,Metro Manila,NCR,2023-11-02
CUST-03007,Cebu City,Cebu,Central Visayas,2023-10-01
CUST-03008,Iloilo City,Iloilo,Western Visayas,2023-02-24
CUST-03009,Tacloban,Leyte,Eastern Visayas,2023-09-20
CUST-03010,Quezon City,Metro Manila,NCR,2023-01-22
CUST-03011,Iloilo City,Iloilo,Western Visayas,2023-02-22
CUST-03012,Antipolo,Rizal,Calabarzon,2023-11-26
CUST-03013,Pasig,Metro Manila,NCR,2023-07-18
CUST-03014,Manila,Metro Manila,NCR,2023-04-02
CUST-03015,General Santos,South Cotabato,SOCCSKSARGEN,2023-07-07
CUST-03016,Quezon City,Metro Manila,NCR,2023-10-15
CUST-03017,Tacloban,Leyte,Eastern Visayas,2023-12-16
CUST-03018,Legazpi,Albay,Bicol,2023-12-30
CUST-03019,Mandaue,Cebu,Central Visayas,2023-10-28
CUST-03020,Cebu City,Cebu,Central Visayas,2023-09-28
CUST-03021,Davao City,Davao del Sur,Davao Region,2023-09-13
CUST-03022,Makati,Metro Manila,NCR,2023-02-23
CUST-03023,Quezon City,Metro Manila,NCR,2023-06-30
CUST-03024,Malolos,Bulacan,Central Luzon,2023-11-11
CUST-03025,Caloocan,Metro Manila,NCR,2023-12-02
CUST-03026,Manila,Metro Manila,NCR,2023-11-15
CUST-03027,Makati,Metro Manila,NCR,2023-09-09
CUST-03028,Caloocan,Metro Manila,NCR,2023-04-07
CUST-03029,Quezon City,Metro Manila,NCR,2023-12-14
CUST-03030,Quezon City,Metro Manila,NCR,2023-08-06
CUST-03031,Davao City,Davao del Sur,Davao Region,2023-07-22
CUST-03032,Pasig,Metro Manila,NCR,2023-11-08
CUST-03033,General Santos,South Cotabato,SOCCSKSARGEN,2023-12-11
CUST-03034,Zamboanga City,Zamboanga del Sur,Zamboanga Peninsula,2023-10-10
CUST-03035,Manila,Metro Manila,NCR,2023-11-07
CUST-03036,Cebu City,Cebu,Central Visayas,2023-03-17
CUST-03037,Malolos,Bulacan,Central Luzon,2023-02-01
CUST-03038,Cebu City,Cebu,Central Visayas,2023-05-19
CUST-03039,Quezon City,Metro Manila,NCR,2023-03-31
CUST-03040,Makati,Metro Manila,NCR,2023-03-30
CUST-03041,Quezon City,Metro Manila,NCR,2023-02-15
CUST-03042,Malolos,Bulacan,Central Luzon,2023-11-27
CUST-03043,General Santos,South Cotabato,SOCCSKSARGEN,2023-01-03
CUST-03044,Cebu City,Cebu,Central Visayas,2023-07-18
CUST-03045,Cebu City,Cebu,Central Visayas,2023-06-17
CUST-03046,General Santos,South Cotabato,SOCCSKSARGEN,2023-03-17
CUST-03047,Cebu City,Cebu,Central Visayas,2023-07-05
CUST-03048,Quezon City,Metro Manila,NCR,2023-09-26
CUST-03049,Davao City,Davao del Sur,Davao Region,2023-12-26
CUST-03050,Antipolo,Rizal,Calabarzon,2023-11-01
CUST-03051,Quezon City,Metro Manila,NCR,2023-12-02
CUST-03052,Lipa,Batangas,Calabarzon,2023-08-15
CUST-03053,Cagayan de Oro,Misamis Oriental,Northern Mindanao,2023-03-23
CUST-03054,Taguig,Metro Manila,NCR,2023-09-02
CUST-03055,Lipa,Batangas,Calabarzon,2023-05-28
CUST-03056,Manila,Metro Manila,NCR,2023-10-26
CUST-03057,Quezon City,Metro Manila,NCR,2023-05-31
CUST-03058,Quezon City,Metro Manila,NCR,2023-01-18
CUST-03059,Mandaue,Cebu,Central Visayas,2023-09-08
CUST-03060,Davao City,Davao del Sur,Davao Region,2023-07-09
CUST-03061,Manila,Metro Manila,NCR,2023-01-15
CUST-03062,Pasig,Metro Manila,NCR,2023-05-25
CUST-03063,Makati,Metro Manila,NCR,2023-08-09
CUST-03064,Quezon City,Metro Manila,NCR,2023-11-18
CUST-03065,Angeles,Pampanga,Central Luzon,2023-01-24
CUST-03066,Cebu City,Cebu,Central Visayas,2023-05-24
CUST-03067,Legazpi,Albay,Bicol,2023-12-12
CUST-03068,Antipolo,Rizal,Calabarzon,2023-06-13
CUST-03069,Angeles,Pampanga,Central Luzon,2023-01-13
CUST-03070,Quezon City,Metro Manila,NCR,2023-01-26
CUST-03071,Manila,Metro Manila,NCR,2023-10-22
CUST-03072,Cagayan de Oro,Misamis Oriental,Northern Mindanao,2023-08-04
CUST-03073,Iloilo City,Iloilo,Western Visayas,2023-01-06
CUST-03074,Cagayan de Oro,Misamis Oriental,Northern Mindanao,2023-03-22
CUST-03075,Cagayan de Oro,Misamis Oriental,Northern Mindanao,2023-06-11
CUST-03076,Legazpi,Albay,Bicol,2023-09-12
CUST-03077,Cagayan de Oro,Misamis Oriental,Northern Mindanao,2023-03-29
CUST-03078,Bacoor,Cavite,Calabarzon,2023-06-04
CUST-03079,Quezon City,Metro Manila,NCR,2023-06-24
CUST-03080,Quezon City,Metro Manila,NCR,2023-01-28
CUST-03081,Manila,Metro Manila,NCR,2023-08-17
CUST-03082,Quezon City,Metro Manila,NCR,2023-05-18
CUST-03083,Caloocan,Metro Manila,NCR,2023-12-17
CUST-03084,Cebu City,Cebu,Central Visayas,2023-04-17
CUST-03085,Bacolod,Negros Occidental,Western Visayas,2023-06-16
CUST-03086,Malolos,Bulacan,Central Luzon,2023-02-16
CUST-03087,Manila,Metro Manila,NCR,2023-09-02
CUST-03088,Mandaue,Cebu,Central Visayas,2023-01-29
CUST-03089,Caloocan,Metro Manila,NCR,2023-06-05
CUST-03090,Quezon City,Metro Manila,NCR,2023-10-17
CUST-03091,Pasig,Metro Manila,NCR,2023-11-04
CUST-03092,Caloocan,Metro Manila,NCR,2023-10-22
CUST-03093,Pasig,Metro Manila,NCR,2023-09-13
CUST-03094,Bacolod,Negros Occidental,Western Visayas,2023-06-15
CUST-03095,Iloilo City,Iloilo,Western Visayas,2023-02-19
CUST-03096,Cebu City,Cebu,Central Visayas,2023-01-03
CUST-03097,Manila,Metro Manila,NCR,2023-04-29
CUST-03098,Bacolod,Negros Occidental,Western Visayas,2023-07-07
CUST-03099,Cebu City,Cebu,Central Visayas,2023-05-23
CUST-03100,Makati,Metro Manila,NCR,2023-09-03
CUST-03101,Legazpi,Albay,Bicol,2023-10-04
CUST-03102,Santa Rosa,Laguna,Calabarzon,2023-06-19
CUST-03103,Bacoor,Cavite,Calabarzon,2023-03-05
CUST-03104,Manila,Metro Manila,NCR,2023-12-09
CUST-03105,Lipa,Batangas,Calabarzon,2023-11-22
CUST-03106,Quezon City,Metro Manila,NCR,2023-10-29
CUST-03107,Manila,Metro Manila,NCR,2023-10-17
CUST-03108,Manila,Metro Manila,NCR,2023-11-08
CUST-03109,Zamboanga City,Zamboanga del Sur,Zamboanga Peninsula,2023-11-15
CUST-03110,Pasig,Metro Manila,NCR,2023-12-22
CUST-03111,Caloocan,Metro Manila,NCR,2023-08-27
CUST-03112,Caloocan,Metro Manila,NCR,2023-04-13
CUST-03113,Davao City,Davao del Sur,Davao Region,2023-11-05
CUST-03114,Angeles,Pampanga,Central Luzon,2023-09-05
CUST-03115,Cagayan de Oro,Misamis Oriental,Northern Mindanao,2023-01-11
CUST-03116,Pasig,Metro Manila,NCR,2023-11-01
CUST-03117,Manila,Metro Manila,NCR,2023-01-06
CUST-03118,Angeles,Pampanga,Central Luzon,2023-06-29
CUST-03119,Caloocan,Metro Manila,NCR,2023-04-12
CUST-03120,Bacolod,Negros Occidental,Western Visayas,2023-09-05
CUST-03121,Davao City,Davao del Sur,Davao Region,2023-09-05
CUST-03122,Santa Rosa,Laguna,Calabarzon,2023-08-11
CUST-03123,Zamboanga City,Zamboanga del Sur,Zamboanga Peninsula,2023-11-16
CUST-03124,Angeles,Pampanga,Central Luzon,2023-09-08
CUST-03125,Taguig,Metro Manila,NCR,2023-02-09
CUST-03126,Lipa,Batangas,Calabarzon,2023-12-31
CUST-03127,Quezon City,Metro Manila,NCR,2023-06-07
CUST-03128,Bacolod,Negros Occidental,Western Visayas,2023-04-25
CUST-03129,Quezon City,Metro Manila,NCR,2023-11-11
CUST-03130,Pasig,Metro Manila,NCR,2023-11-22
CUST-03131,Angeles,Pampanga,Central Luzon,2023-06-14
CUST-03132,Quezon City,Metro Manila,NCR,2023-10-14
CUST-03133,Quezon City,Metro Manila,NCR,2023-01-10
CUST-03134,Cebu City,Cebu,Central Visayas,2023-10-24
CUST-03135,Quezon City,Metro Manila,NCR,2023-11-15
CUST-03136,Santa Rosa,Laguna,Calabarzon,2023-09-03
CUST-03137,Caloocan,Metro Manila,NCR,2023-09-02
CUST-03138,Taguig,Metro Manila,NCR,2023-11-04
CUST-03139,Makati,Metro Manila,NCR,2023-05-04
CUST-03140,Iloilo City,Iloilo,Western Visayas,2023-08-28
CUST-03141,Cagayan de Oro,Misamis Oriental,Northern Mindanao,2023-06-23
CUST-03142,Manila,Metro Manila,NCR,2023-10-05
CUST-03143,Zamboanga City,Zamboanga del Sur,Zamboanga Peninsula,2023-11-27
CUST-03144,Malolos,Bulacan,Central Luzon,2023-12-10
CUST-03145,Legazpi,Albay,Bicol,2023-12-13
CUST-03146,Cebu City,Cebu,Central Visayas,2023-02-18
CUST-03147,Cebu City,Cebu,Central Visayas,2023-09-27
CUST-03148,Bacolod,Negros Occidental,Western Visayas,2023-09-12
CUST-03149,Santa Rosa,Laguna,Calabarzon,2023-06-04
CUST-03150,Angeles,Pampanga,Central Luzon,2023-11-28
CUST-03151,Caloocan,Metro Manila,NCR,2023-05-27
CUST-03152,Quezon City,Metro Manila,NCR,2023-06-25
CUST-03153,Cebu City,Cebu,Central Visayas,2023-03-19
CUST-03154,Quezon City,Metro Manila,NCR,2023-11-18
CUST-03155,Pasig,Metro Manila,NCR,2023-12-26
CUST-03156,Quezon City,Metro Manila,NCR,2023-03-25
CUST-03157,Makati,Metro Manila,NCR,2023-08-19
CUST-03158,Legazpi,Albay,Bicol,2023-12-10
CUST-03159,Baguio,Benguet,CAR,2023-06-12
CUST-03160,Bacoor,Cavite,Calabarzon,2023-07-16
CUST-03161,Quezon City,Metro Manila,NCR,2023-01-19
CUST-03162,Bacoor,Cavite,Calabarzon,2023-01-22
CUST-03163,Caloocan,Metro Manila,NCR,2023-06-19
CUST-03164,Cebu City,Cebu,Central Visayas,2023-11-04
CUST-03165,Malolos,Bulacan,Central Luzon,2023-04-04
CUST-03166,Lipa,Batangas,Calabarzon,2023-10-20
CUST-03167,Santa Rosa,Laguna,Calabarzon,2023-03-02
CUST-03168,Zamboanga City,Zamboanga del Sur,Zamboanga Peninsula,2023-05-27
CUST-03169,Iloilo City,Iloilo,Western Visayas,2023-08-25
CUST-03170,Lipa,Batangas,Calabarzon,2023-01-09
CUST-03171,Santa Rosa,Laguna,Calabarzon,2023-06-28
CUST-03172,Quezon City,Metro Manila,NCR,2023-08-14
CUST-03173,Cagayan de Oro,Misamis Oriental,Northern Mindanao,2023-10-25
CUST-03174,Pasig,Metro Manila,NCR,2023-05-10
CUST-03175,Taguig,Metro Manila,NCR,2023-09-25
CUST-03176,General Santos,South Cotabato,SOCCSKSARGEN,2023-11-07
CUST-03177,Cebu City,Cebu,Central Visayas,2023-11-19
CUST-03178,Quezon City,Metro Manila,NCR,2023-05-12
CUST-03179,Quezon City,Metro Manila,NCR,2023-01-30
CUST-03180,Quezon City,Metro Manila,NCR,2023-10-01
CUST-03181,Malolos,Bulacan,Central Luzon,2023-10-14
CUST-03182,Quezon City,Metro Manila,NCR,2023-05-23
CUST-03183,Cagayan de Oro,Misamis Oriental,Northern Mindanao,2023-11-10
CUST-03184,Cagayan de Oro,Misamis Oriental,Northern Mindanao,2023-11-30
CUST-03185,Angeles,Pampanga,Central Luzon,2023-05-14
CUST-03186,Baguio,Benguet,CAR,2023-06-24
CUST-03187,Pasig,Metro Manila,NCR,2023-12-22
CUST-03188,Quezon City,Metro Manila,NCR,2023-10-07
CUST-03189,Mandaue,Cebu,Central Visayas,2023-10-21
CUST-03190,Quezon City,Metro Manila,NCR,2023-04-28
CUST-03191,Quezon City,Metro Manila,NCR,2023-05-04
CUST-03192,Pasig,Metro Manila,NCR,2023-04-04
CUST-03193,Quezon City,Metro Manila,NCR,2023-11-26
CUST-03194,Bacoor,Cavite,Calabarzon,2023-02-26
CUST-03195,Cebu City,Cebu,Central Visayas,2023-10-17
CUST-03196,Bacolod,Negros Occidental,Western Visayas,2023-01-04
CUST-03197,Malolos,Bulacan,Central Luzon,2023-02-17
CUST-03198,Davao City,Davao del Sur,Davao Region,2023-07-18
CUST-03199,Bacoor,Cavite,Calabarzon,2023-03-21
CUST-03200,Davao City,Davao del Sur,Davao Region,2023-05-02
CUST-03201,Lipa,Batangas,Calabarzon,2023-03-25
CUST-03202,Makati,Metro Manila,NCR,2023-12-26
CUST-03203,Cagayan de Oro,Misamis Oriental,Northern Mindanao,2023-12-02
CUST-03204,Pasig,Metro Manila,NCR,2023-02-05
CUST-03205,Quezon City,Metro Manila,NCR,2023-03-22
CUST-03206,Taguig,Metro Manila,NCR,2023-05-22
CUST-03207,Antipolo,Rizal,Calabarzon,2023-09-09
CUST-03208,Caloocan,Metro Manila,NCR,2023-08-01
CUST-03209,Angeles,Pampanga,Central Luzon,2023-08-11
CUST-03210,Davao City,Davao del Sur,Davao Region,2023-07-27
CUST-03211,Pasig,Metro Manila,NCR,2023-05-17
CUST-03212,Lipa,Batangas,Calabarzon,2023-03-31
CUST-03213,Caloocan,Metro Manila,NCR,2023-08-14
CUST-03214,Tacloban,Leyte,Eastern Visayas,2023-03-03
CUST-03215,Manila,Metro Manila,NCR,2023-11-29
CUST-03216,Quezon City,Metro Manila,NCR,2023-03-13
CUST-03217,Lipa,Batangas,Calabarzon,2023-04-30
CUST-03218,Cebu City,Cebu,Central Visayas,2023-06-29
CUST-03219,Bacolod,Negros Occidental,Western Visayas,2023-08-18
CUST-03220,Malolos,Bulacan,Central Luzon,2023-08-19
CUST-03221,Iloilo City,Iloilo,Western Visayas,2023-08-23
CUST-03222,Antipolo,Rizal,Calabarzon,2023-01-21
CUST-03223,Quezon City,Metro Manila,NCR,2023-12-23
CUST-03224,Manila,Metro Manila,NCR,2023-05-15
CUST-03225,Quezon City,Metro Manila,NCR,2023-01-05
CUST-03226,Caloocan,Metro Manila,NCR,2023-06-17
CUST-03227,Lipa,Batangas,Calabarzon,2023-05-13
CUST-03228,Caloocan,Metro Manila,NCR,2023-05-28
CUST-03229,Angeles,Pampanga,Central Luzon,2023-07-01
CUST-03230,Santa Rosa,Laguna,Calabarzon,2023-05-17
CUST-03231,Cebu City,Cebu,Central Visayas,2023-02-06
CUST-03232,Cebu City,Cebu,Central Visayas,2023-04-16
CUST-03233,Pasig,Metro Manila,NCR,2023-02-25
CUST-03234,Caloocan,Metro Manila,NCR,2023-06-14
CUST-03235,Malolos,Bulacan,Central Luzon,2023-03-25
CUST-03236,Malolos,Bulacan,Central Luzon,2023-02-16
CUST-03237,Pasig,Metro Manila,NCR,2023-10-16
CUST-03238,Caloocan,Metro Manila,NCR,2023-02-22
CUST-03239,Cebu City,Cebu,Central Visayas,2023-04-26
CUST-03240,Legazpi,Albay,Bicol,2023-07-24
CUST-03241,Manila,Metro Manila,NCR,2023-03-25
CUST-03242,Bacoor,Cavite,Calabarzon,2023-11-01
CUST-03243,Davao City,Davao del Sur,Davao Region,2023-04-22
CUST-03244,Quezon City,Metro Manila,NCR,2023-06-05
CUST-03245,Davao City,Davao del Sur,Davao Region,2023-02-11
CUST-03246,Manila,Metro Manila,NCR,2023-05-20
CUST-03247,Lipa,Batangas,Calabarzon,2023-06-24
CUST-03248,Bacoor,Cavite,Calabarzon,2023-06-24
CUST-03249,Quezon City,Metro Manila,NCR,2023-06-13
CUST-03250,Davao City,Davao del Sur,Davao Region,2023-02-10
CUST-03251,Santa Rosa,Laguna,Calabarzon,2023-03-21
CUST-03252,Zamboanga City,Zamboanga del Sur,Zamboanga Peninsula,2023-11-29
CUST-03253,Pasig,Metro Manila,NCR,2023-06-21
CUST-03254,Davao City,Davao del Sur,Davao Region,2023-09-19
CUST-03255,Cagayan de Oro,Misamis Oriental,Northern Mindanao,2023-11-02
CUST-03256,Angeles,Pampanga,Central Luzon,2023-02-19
CUST-03257,Makati,Metro Manila,NCR,2023-02-23
CUST-03258,Cebu City,Cebu,Central Visayas,2023-01-24
CUST-03259,Angeles,Pampanga,Central Luzon,2023-08-11
CUST-03260,Cagayan de Oro,Misamis Oriental,Northern Mindanao,2023-07-30
CUST-03261,Bacoor,Cavite,Calabarzon,2023-03-24
CUST-03262,Taguig,Metro Manila,NCR,2023-10-23
CUST-03263,Manila,Metro Manila,NCR,2023-12-13
CUST-03264,Cebu City,Cebu,Central Visayas,2023-08-01
CUST-03265,Zamboanga City,Zamboanga del Sur,Zamboanga Peninsula,2023-05-17
CUST-03266,Quezon City,Metro Manila,NCR,2023-07-19
CUST-03267,Mandaue,Cebu,Central Visayas,2023-10-16
CUST-03268,Cagayan de Oro,Misamis Oriental,Northern Mindanao,2023-06-26
CUST-03269,Quezon City,Metro Manila,NCR,2023-01-22
CUST-03270,Manila,Metro Manila,NCR,2023-09-23
CUST-03271,Cebu City,Cebu,Central Visayas,2023-08-08
CUST-03272,Legazpi,Albay,Bicol,2023-09-09
CUST-03273,Quezon City,Metro Manila,NCR,2023-09-16
CUST-03274,Tacloban,Leyte,Eastern Visayas,2023-05-07
CUST-03275,Lipa,Batangas,Calabarzon,2023-08-18
CUST-03276,Davao City,Davao del Sur,Davao Region,2023-05-20
CUST-03277,Davao City,Davao del Sur,Davao Region,2023-12-25
CUST-03278,Bacolod,Negros Occidental,Western Visayas,2023-05-05
CUST-03279,Lipa,Batangas,Calabarzon,2023-11-24
CUST-03280,Taguig,Metro Manila,NCR,2023-08-17
CUST-03281,Lipa,Batangas,Calabarzon,2023-02-17
CUST-03282,Quezon City,Metro Manila,NCR,2023-09-01
CUST-03283,Cebu City,Cebu,Central Visayas,2023-04-22
CUST-03284,Manila,Metro Manila,NCR,2023-08-26
CUST-03285,Lipa,Batangas,Calabarzon,2023-02-06
CUST-03286,Quezon City,Metro Manila,NCR,2023-01-19
CUST-03287,Pasig,Metro Manila,NCR,2023-02-04
CUST-03288,Taguig,Metro Manila,NCR,2023-08-10
CUST-03289,Baguio,Benguet,CAR,2023-09-08
CUST-03290,Bacolod,Negros Occidental,Western Visayas,2023-05-25
CUST-03291,Quezon City,Metro Manila,NCR,2023-03-09
CUST-03292,Davao City,Davao del Sur,Davao Region,2023-06-25
CUST-03293,Davao City,Davao del Sur,Davao Region,2023-04-07
CUST-03294,Caloocan,Metro Manila,NCR,2023-02-16
CUST-03295,Cebu City,Cebu,Central Visayas,2023-04-02
CUST-03296,Antipolo,Rizal,Calabarzon,2023-08-20
CUST-03297,Manila,Metro Manila,NCR,2023-10-02
CUST-03298,Angeles,Pampanga,Central Luzon,2023-07-27
CUST-03299,Quezon City,Metro Manila,NCR,2023-06-06
CUST-03300,Davao City,Davao del Sur,Davao Region,2023-02-28
CUST-03301,Cagayan de Oro,Misamis Oriental,Northern Mindanao,2023-09-14
CUST-03302,Tacloban,Leyte,Eastern Visayas,2023-11-04
CUST-03303,Angeles,Pampanga,Central Luzon,2023-09-08
CUST-03304,Angeles,Pampanga,Central Luzon,2023-05-30
CUST-03305,General Santos,South Cotabato,SOCCSKSARGEN,2023-10-09
CUST-03306,Taguig,Metro Manila,NCR,2023-08-09
CUST-03307,Quezon City,Metro Manila,NCR,2023-09-30
CUST-03308,Angeles,Pampanga,Central Luzon,2023-01-07
CUST-03309,Caloocan,Metro Manila,NCR,2023-06-28
CUST-03310,Caloocan,Metro Manila,NCR,2023-04-13
CUST-03311,Quezon City,Metro Manila,NCR,2023-06-26
CUST-03312,Malolos,Bulacan,Central Luzon,2023-12-29
CUST-03313,Taguig,Metro Manila,NCR,2023-09-27
CUST-03314,Makati,Metro Manila,NCR,2023-03-01
CUST-03315,Quezon City,Metro Manila,NCR,2023-06-29
CUST-03316,Antipolo,Rizal,Calabarzon,2023-04-20
CUST-03317,Davao City,Davao del Sur,Davao Region,2023-03-29
CUST-03318,Caloocan,Metro Manila,NCR,2023-06-11
CUST-03319,Cebu City,Cebu,Central Visayas,2023-06-05
CUST-03320,Iloilo City,Iloilo,Western Visayas,2023-10-07
CUST-03321,Caloocan,Metro Manila,NCR,2023-10-03
CUST-03322,Tacloban,Leyte,Eastern Visayas,2023-11-08
CUST-03323,Cebu City,Cebu,Central Visayas,2023-09-15
CUST-03324,Angeles,Pampanga,Central Luzon,2023-05-17
CUST-03325,Quezon City,Metro Manila,NCR,2023-01-28
CUST-03326,Quezon City,Metro Manila,NCR,2023-07-25
CUST-03327,General Santos,South Cotabato,SOCCSKSARGEN,2023-05-27
CUST-03328,Iloilo City,Iloilo,Western Visayas,2023-02-21
CUST-03329,Cagayan de Oro,Misamis Oriental,Northern Mindanao,2023-04-29
CUST-03330,Davao City,Davao del Sur,Davao Region,2023-09-28
CUST-03331,Quezon City,Metro Manila,NCR,2023-09-21
CUST-03332,Bacolod,Negros Occidental,Western Visayas,2023-05-14
CUST-03333,Bacoor,Cavite,Calabarzon,2023-09-18
CUST-03334,Bacolod,Negros Occidental,Western Visayas,2023-10-03
CUST-03335,Quezon City,Metro Manila,NCR,2023-05-30
CUST-03336,Pasig,Metro Manila,NCR,2023-05-14
CUST-03337,Iloilo City,Iloilo,Western Visayas,2023-10-01
CUST-03338,Bacolod,Negros Occidental,Western Visayas,2023-12-15
CUST-03339,Baguio,Benguet,CAR,2023-03-27
CUST-03340,Pasig,Metro Manila,NCR,2023-08-12
CUST-03341,Pasig,Metro Manila,NCR,2023-05-15
CUST-03342,Zamboanga City,Zamboanga del Sur,Zamboanga Peninsula,2023-10-30
CUST-03343,Bacoor,Cavite,Calabarzon,2023-09-09
CUST-03344,Bacoor,Cavite,Calabarzon,2023-05-25
CUST-03345,Angeles,Pampanga,Central Luzon,2023-11-17
CUST-03346,Bacoor,Cavite,Calabarzon,2023-09-08
CUST-03347,Angeles,Pampanga,Central Luzon,2023-04-14
CUST-03348,Bacoor,Cavite,Calabarzon,2023-03-26
CUST-03349,Tacloban,Leyte,Eastern Visayas,2023-08-26
CUST-03350,Davao City,Davao del Sur,Davao Region,2023-11-21
CUST-03351,Cagayan de Oro,Misamis Oriental,Northern Mindanao,2023-12-23
CUST-03352,Angeles,Pampanga,Central Luzon,2023-06-12
CUST-03353,Bacoor,Cavite,Calabarzon,2023-04-23
CUST-03354,Cebu City,Cebu,Central Visayas,2023-05-30
CUST-03355,Tacloban,Leyte,Eastern Visayas,2023-08-07
CUST-03356,Angeles,Pampanga,Central Luzon,2023-12-24
CUST-03357,Cebu City,Cebu,Central Visayas,2023-10-11
CUST-03358,Mandaue,Cebu,Central Visayas,2023-12-19
CUST-03359,Cebu City,Cebu,Central Visayas,2023-07-17
CUST-03360,Mandaue,Cebu,Central Visayas,2023-09-11
CUST-03361,Makati,Metro Manila,NCR,2023-12-07
CUST-03362,Lipa,Batangas,Calabarzon,2023-05-24
CUST-03363,Malolos,Bulacan,Central Luzon,2023-08-19
CUST-03364,Quezon City,Metro Manila,NCR,2023-01-15
CUST-03365,Davao City,Davao del Sur,Davao Region,2023-08-02
CUST-03366,Baguio,Benguet,CAR,2023-11-29
CUST-03367,Manila,Metro Manila,NCR,2023-04-19
CUST-03368,Bacolod,Negros Occidental,Western Visayas,2023-04-20
CUST-03369,Cebu City,Cebu,Central Visayas,2023-01-27
CUST-03370,Iloilo City,Iloilo,Western Visayas,2023-04-24
CUST-03371,Antipolo,Rizal,Calabarzon,2023-08-22
CUST-03372,Davao City,Davao del Sur,Davao Region,2023-05-02
CUST-03373,Bacoor,Cavite,Calabarzon,2023-03-16
CUST-03374,Angeles,Pampanga,Central Luzon,2023-06-27
CUST-03375,Quezon City,Metro Manila,NCR,2023-03-17
CUST-03376,Legazpi,Albay,Bicol,2023-01-14
CUST-03377,Cebu City,Cebu,Central Visayas,2023-04-01
CUST-03378,Angeles,Pampanga,Central Luzon,2023-07-02
CUST-03379,Lipa,Batangas,Calabarzon,2023-07-06
CUST-03380,Bacolod,Negros Occidental,Western Visayas,2023-03-02
CUST-03381,Cebu City,Cebu,Central Visayas,2023-02-17
CUST-03382,Pasig,Metro Manila,NCR,2023-09-28
CUST-03383,Zamboanga City,Zamboanga del Sur,Zamboanga Peninsula,2023-12-29
CUST-03384,Cebu City,Cebu,Central Visayas,2023-03-13
CUST-03385,General Santos,South Cotabato,SOCCSKSARGEN,2023-10-07
CUST-03386,Zamboanga City,Zamboanga del Sur,Zamboanga Peninsula,2023-01-03
CUST-03387,Cagayan de Oro,Misamis Oriental,Northern Mindanao,2023-12-19
CUST-03388,Iloilo City,Iloilo,Western Visayas,2023-02-03
CUST-03389,Baguio,Benguet,CAR,2023-04-29
CUST-03390,Manila,Metro Manila,NCR,2023-09-13
CUST-03391,Angeles,Pampanga,Central Luzon,2023-12-20
CUST-03392,Iloilo City,Iloilo,Western Visayas,2023-02-27
CUST-03393,Lipa,Batangas,Calabarzon,2023-11-19
CUST-03394,Davao City,Davao del Sur,Davao Region,2023-11-28
CUST-03395,Manila,Metro Manila,NCR,2023-03-19
CUST-03396,Antipolo,Rizal,Calabarzon,2023-04-29
CUST-03397,Lipa,Batangas,Calabarzon,2023-11-16
CUST-03398,Bacoor,Cavite,Calabarzon,2023-08-30
CUST-03399,Manila,Metro Manila,NCR,2023-05-03
CUST-03400,Manila,Metro Manila,NCR,2023-05-06
CUST-03401,Tacloban,Leyte,Eastern Visayas,2023-08-22
CUST-03402,Santa Rosa,Laguna,Calabarzon,2023-08-04
CUST-03403,Quezon City,Metro Manila,NCR,2023-12-03
CUST-03404,Quezon City,Metro Manila,NCR,2023-12-29
CUST-03405,Santa Rosa,Laguna,Calabarzon,2023-01-13
CUST-03406,Manila,Metro Manila,NCR,2023-10-09
CUST-03407,Cebu City,Cebu,Central Visayas,2023-01-28
CUST-03408,Bacolod,Negros Occidental,Western Visayas,2023-12-17
CUST-03409,Taguig,Metro Manila,NCR,2023-01-05
CUST-03410,Malolos,Bulacan,Central Luzon,2023-07-30
CUST-03411,Manila,Metro Manila,NCR,2023-03-13
CUST-03412,Pasig,Metro Manila,NCR,2023-03-01
CUST-03413,Davao City,Davao del Sur,Davao Region,2023-08-26
CUST-03414,Angeles,Pampanga,Central Luzon,2023-04-07
CUST-03415,Davao City,Davao del Sur,Davao Region,2023-09-02
CUST-03416,Makati,Metro Manila,NCR,2023-03-20
CUST-03417,Caloocan,Metro Manila,NCR,2023-01-16
CUST-03418,Santa Rosa,Laguna,Calabarzon,2023-03-13
CUST-03419,Santa Rosa,Laguna,Calabarzon,2023-04-11
CUST-03420,General Santos,South Cotabato,SOCCSKSARGEN,2023-08-19
CUST-03421,Manila,Metro Manila,NCR,2023-11-23
CUST-03422,Davao City,Davao del Sur,Davao Region,2023-07-01
CUST-03423,Davao City,Davao del Sur,Davao Region,2023-11-15
CUST-03424,Angeles,Pampanga,Central Luzon,2023-06-30
CUST-03425,Caloocan,Metro Manila,NCR,2023-02-18
CUST-03426,Lipa,Batangas,Calabarzon,2023-11-21
CUST-03427,Pasig,Metro Manila,NCR,2023-02-07
CUST-03428,Bacolod,Negros Occidental,Western Visayas,2023-05-28
CUST-03429,Lipa,Batangas,Calabarzon,2023-12-15
CUST-03430,Cagayan de Oro,Misamis Oriental,Northern Mindanao,2023-04-14
CUST-03431,Baguio,Benguet,CAR,2024-01-01
CUST-03432,Lipa,Batangas,Calabarzon,2023-05-23
CUST-03433,Cebu City,Cebu,Central Visayas,2023-06-30
CUST-03434,Lipa,Batangas,Calabarzon,2023-04-04
CUST-03435,Davao City,Davao del Sur,Davao Region,2023-08-17
CUST-03436,Makati,Metro Manila,NCR,2023-11-19
CUST-03437,Zamboanga City,Zamboanga del Sur,Zamboanga Peninsula,2023-08-13
CUST-03438,Bacolod,Negros Occidental,Western Visayas,2023-03-30
CUST-03439,Davao City,Davao del Sur,Davao Region,2023-01-18
CUST-03440,Santa Rosa,Laguna,Calabarzon,2023-10-18
CUST-03441,Tacloban,Leyte,Eastern Visayas,2023-08-26
CUST-03442,Pasig,Metro Manila,NCR,2023-02-15
CUST-03443,Iloilo City,Iloilo,Western Visayas,2023-09-09
CUST-03444,Manila,Metro Manila,NCR,2023-10-04
CUST-03445,Pasig,Metro Manila,NCR,2023-03-04
CUST-03446,Bacoor,Cavite,Calabarzon,2023-07-06
CUST-03447,Caloocan,Metro Manila,NCR,2023-06-03
CUST-03448,Antipolo,Rizal,Calabarzon,2023-07-08
CUST-03449,Bacolod,Negros Occidental,Western Visayas,2023-05-26
CUST-03450,Taguig,Metro Manila,NCR,2023-09-25
CUST-03451,Mandaue,Cebu,Central Visayas,2023-04-09
CUST-03452,Quezon City,Metro Manila,NCR,2023-08-22
CUST-03453,Iloilo City,Iloilo,Western Visayas,2023-06-24
CUST-03454,Bacolod,Negros Occidental,Western Visayas,2023-10-26
CUST-03455,Antipolo,Rizal,Calabarzon,2023-12-28
CUST-03456,Cebu City,Cebu,Central Visayas,2023-06-07
CUST-03457,Davao City,Davao del Sur,Davao Region,2023-11-12
CUST-03458,Bacolod,Negros Occidental,Western Visayas,2023-02-02
CUST-03459,Antipolo,Rizal,Calabarzon,2023-01-16
CUST-03460,Santa Rosa,Laguna,Calabarzon,2023-09-08
CUST-03461,Iloilo City,Iloilo,Western Visayas,2023-09-18
CUST-03462,Pasig,Metro Manila,NCR,2023-06-30
CUST-03463,Bacolod,Negros Occidental,Western Visayas,2023-10-19
CUST-03464,Caloocan,Metro Manila,NCR,2023-02-21
CUST-03465,Bacolod,Negros Occidental,Western Visayas,2023-11-25
CUST-03466,Quezon City,Metro Manila,NCR,2023-07-20
CUST-03467,Quezon City,Metro Manila,NCR,2023-10-25
CUST-03468,General Santos,South Cotabato,SOCCSKSARGEN,2023-03-04
CUST-03469,Davao City,Davao del Sur,Davao Region,2023-11-10
CUST-03470,Davao City,Davao del Sur,Davao Region,2023-07-23
CUST-03471,Cagayan de Oro,Misamis Oriental,Northern Mindanao,2023-03-03
CUST-03472,Bacoor,Cavite,Calabarzon,2023-07-25
CUST-03473,Pasig,Metro Manila,NCR,2023-10-26
CUST-03474,Manila,Metro Manila,NCR,2023-11-05
CUST-03475,Lipa,Batangas,Calabarzon,2023-05-26
CUST-03476,Makati,Metro Manila,NCR,2023-11-17
CUST-03477,Cagayan de Oro,Misamis Oriental,Northern Mindanao,2023-08-25
CUST-03478,Quezon City,Metro Manila,NCR,2023-05-23
CUST-03479,Manila,Metro Manila,NCR,2023-08-16
CUST-03480,Taguig,Metro Manila,NCR,2023-03-06
CUST-03481,Makati,Metro Manila,NCR,2023-04-25
CUST-03482,Makati,Metro Manila,NCR,2023-11-13
CUST-03483,Cebu City,Cebu,Central Visayas,2023-03-09
CUST-03484,Caloocan,Metro Manila,NCR,2023-02-03
CUST-03485,Baguio,Benguet,CAR,2023-10-20
CUST-03486,Davao City,Davao del Sur,Davao Region,2023-08-24
CUST-03487,Malolos,Bulacan,Central Luzon,2023-08-10
CUST-03488,Cebu City,Cebu,Central Visayas,2023-07-30
CUST-03489,Antipolo,Rizal,Calabarzon,2023-07-16
CUST-03490,Manila,Metro Manila,NCR,2023-02-09
CUST-03491,Pasig,Metro Manila,NCR,2023-05-09
CUST-03492,Zamboanga City,Zamboanga del Sur,Zamboanga Peninsula,2023-02-08
CUST-03493,Baguio,Benguet,CAR,2023-08-27
CUST-03494,Pasig,Metro Manila,NCR,2023-06-24
CUST-03495,Bacoor,Cavite,Calabarzon,2023-11-24
CUST-03496,Tacloban,Leyte,Eastern Visayas,2023-09-22
CUST-03497,Cebu City,Cebu,Central Visayas,2023-06-02
CUST-03498,Angeles,Pampanga,Central Luzon,2023-10-31
CUST-03499,Davao City,Davao del Sur,Davao Region,2023-01-16
CUST-03500,Cebu City,Cebu,Central Visayas,2023-09-24
CUST-03501,Legazpi,Albay,Bicol,2023-11-04
CUST-03502,Makati,Metro Manila,NCR,2023-03-23
CUST-03503,Quezon City,Metro Manila,NCR,2023-11-30
CUST-03504,Zamboanga City,Zamboanga del Sur,Zamboanga Peninsula,2023-09-05
CUST-03505,Malolos,Bulacan,Central Luzon,2023-10-21
CUST-03506,Bacoor,Cavite,Calabarzon,2023-04-23
CUST-03507,Malolos,Bulacan,Central Luzon,2023-02-28
CUST-03508,Quezon City,Metro Manila,NCR,2023-10-22
CUST-03509,Tacloban,Leyte,Eastern Visayas,2023-08-03
CUST-03510,Makati,Metro Manila,NCR,2023-07-11
CUST-03511,Bacolod,Negros Occidental,Western Visayas,2023-04-24
CUST-03512,Angeles,Pampanga,Central Luzon,2023-08-26
CUST-03513,Pasig,Metro Manila,NCR,2023-06-25
CUST-03514,Quezon City,Metro Manila,NCR,2023-07-02
CUST-03515,Bacolod,Negros Occidental,Western Visayas,2023-12-28
CUST-03516,Manila,Metro Manila,NCR,2023-06-07
CUST-03517,Quezon City,Metro Manila,NCR,2023-06-08
CUST-03518,Iloilo City,Iloilo,Western Visayas,2023-01-05
CUST-03519,Caloocan,Metro Manila,NCR,2023-06-29
CUST-03520,Antipolo,Rizal,Calabarzon,2023-02-07
CUST-03521,Taguig,Metro Manila,NCR,2023-08-27
CUST-03522,Davao City,Davao del Sur,Davao Region,2023-04-23
CUST-03523,Pasig,Metro Manila,NCR,2023-02-06
CUST-03524,Makati,Metro Manila,NCR,2023-11-06
CUST-03525,Pasig,Metro Manila,NCR,2023-06-09
CUST-03526,Makati,Metro Manila,NCR,2023-01-31
CUST-03527,Pasig,Metro Manila,NCR,2023-06-13
CUST-03528,Quezon City,Metro Manila,NCR,2023-02-10
CUST-03529,Manila,Metro Manila,NCR,2023-08-01
CUST-03530,Bacoor,Cavite,Calabarzon,2023-02-12
CUST-03531,Davao City,Davao del Sur,Davao Region,2023-05-17
CUST-03532,Quezon City,Metro Manila,NCR,2023-07-11
CUST-03533,Makati,Metro Manila,NCR,2023-10-15
CUST-03534,Davao City,Davao del Sur,Davao Region,2023-10-31
CUST-03535,Davao City,Davao del Sur,Davao Region,2023-09-18
CUST-03536,Cebu City,Cebu,Central Visayas,2023-04-01
CUST-03537,Taguig,Metro Manila,NCR,2023-07-15
CUST-03538,Bacoor,Cavite,Calabarzon,2023-08-13
CUST-03539,Makati,Metro Manila,NCR,2023-07-15
CUST-03540,Manila,Metro Manila,NCR,2023-08-29
CUST-03541,Antipolo,Rizal,Calabarzon,2023-03-13
CUST-03542,Malolos,Bulacan,Central Luzon,2023-08-12
CUST-03543,Antipolo,Rizal,Calabarzon,2023-07-13
CUST-03544,Baguio,Benguet,CAR,2023-06-11
CUST-03545,Pasig,Metro Manila,NCR,2023-05-11
CUST-03546,Caloocan,Metro Manila,NCR,2023-09-02
CUST-03547,Bacolod,Negros Occidental,Western Visayas,2023-12-06
CUST-03548,Davao City,Davao del Sur,Davao Region,2023-04-25
CUST-03549,Caloocan,Metro Manila,NCR,2023-06-11
CUST-03550,Malolos,Bulacan,Central Luzon,2023-05-10
CUST-03551,Pasig,Metro Manila,NCR,2023-06-17
CUST-03552,Quezon City,Metro Manila,NCR,2023-06-30
CUST-03553,Mandaue,Cebu,Central Visayas,2023-01-20
CUST-03554,Manila,Metro Manila,NCR,2023-12-13
CUST-03555,Bacoor,Cavite,Calabarzon,2023-11-29
CUST-03556,Santa Rosa,Laguna,Calabarzon,2023-01-25
CUST-03557,Makati,Metro Manila,NCR,2023-02-12
CUST-03558,Quezon City,Metro Manila,NCR,2023-08-04
CUST-03559,Caloocan,Metro Manila,NCR,2023-06-18
CUST-03560,Cagayan de Oro,Misamis Oriental,Northern Mindanao,2023-07-21
CUST-03561,Baguio,Benguet,CAR,2023-01-03
CUST-03562,Antipolo,Rizal,Calabarzon,2023-07-19
CUST-03563,Quezon City,Metro Manila,NCR,2023-03-30
CUST-03564,Malolos,Bulacan,Central Luzon,2023-08-21
CUST-03565,Quezon City,Metro Manila,NCR,2023-08-15
CUST-03566,Angeles,Pampanga,Central Luzon,2023-04-30
CUST-03567,Iloilo City,Iloilo,Western Visayas,2023-08-09
CUST-03568,Bacoor,Cavite,Calabarzon,2023-12-27
CUST-03569,Pasig,Metro Manila,NCR,2023-10-30
CUST-03570,Quezon City,Metro Manila,NCR,2023-02-17
CUST-03571,Quezon City,Metro Manila,NCR,2023-08-21
CUST-03572,Bacoor,Cavite,Calabarzon,2023-11-25
CUST-03573,Davao City,Davao del Sur,Davao Region,2023-01-24
CUST-03574,Taguig,Metro Manila,NCR,2023-01-02
CUST-03575,Malolos,Bulacan,Central Luzon,2023-07-03
CUST-03576,Cebu City,Cebu,Central Visayas,2023-05-17
CUST-03577,Quezon City,Metro Manila,NCR,2023-04-01
CUST-03578,Manila,Metro Manila,NCR,2023-12-08
CUST-03579,Caloocan,Metro Manila,NCR,2023-09-15
CUST-03580,Cebu City,Cebu,Central Visayas,2023-06-10
CUST-03581,Bacoor,Cavite,Calabarzon,2023-06-15
CUST-03582,Mandaue,Cebu,Central Visayas,2023-09-03
CUST-03583,Davao City,Davao del Sur,Davao Region,2024-01-01
CUST-03584,Iloilo City,Iloilo,Western Visayas,2023-01-19
CUST-03585,General Santos,South Cotabato,SOCCSKSARGEN,2023-05-22
CUST-03586,Iloilo City,Iloilo,Western Visayas,2023-04-01
CUST-03587,Davao City,Davao del Sur,Davao Region,2023-07-26
CUST-03588,Tacloban,Leyte,Eastern Visayas,2023-06-30
CUST-03589,Mandaue,Cebu,Central Visayas,2023-07-23
CUST-03590,Bacolod,Negros Occidental,Western Visayas,2023-07-29
CUST-03591,Cagayan de Oro,Misamis Oriental,Northern Mindanao,2023-05-02
CUST-03592,Santa Rosa,Laguna,Calabarzon,2023-01-03
CUST-03593,Legazpi,Albay,Bicol,2023-03-24
CUST-03594,Lipa,Batangas,Calabarzon,2023-05-03
CUST-03595,Davao City,Davao del Sur,Davao Region,2023-12-28
CUST-03596,Bacoor,Cavite,Calabarzon,2023-06-28
CUST-03597,Bacolod,Negros Occidental,Western Visayas,2023-01-18
CUST-03598,Bacolod,Negros Occidental,Western Visayas,2023-08-09
CUST-03599,Zamboanga City,Zamboanga del Sur,Zamboanga Peninsula,2023-06-15
CUST-03600,Taguig,Metro Manila,NCR,2023-09-05
CUST-03601,Cebu City,Cebu,Central Visayas,2023-10-24
CUST-03602,Iloilo City,Iloilo,Western Visayas,2023-04-19
CUST-03603,Cagayan de Oro,Misamis Oriental,Northern Mindanao,2023-09-09
CUST-03604,Davao City,Davao del Sur,Davao Region,2023-06-01
CUST-03605,Malolos,Bulacan,Central Luzon,2023-05-30
CUST-03606,Malolos,Bulacan,Central Luzon,2023-02-26
CUST-03607,Manila,Metro Manila,NCR,2023-01-24
CUST-03608,Zamboanga City,Zamboanga del Sur,Zamboanga Peninsula,2023-06-13
CUST-03609,Taguig,Metro Manila,NCR,2023-12-14
CUST-03610,Cebu City,Cebu,Central Visayas,2023-06-03
CUST-03611,Bacolod,Negros Occidental,Western Visayas,2023-02-13
CUST-03612,Bacoor,Cavite,Calabarzon,2023-07-11
CUST-03613,Makati,Metro Manila,NCR,2023-06-09
CUST-03614,Makati,Metro Manila,NCR,2023-03-29
CUST-03615,Davao City,Davao del Sur,Davao Region,2023-07-25
CUST-03616,Lipa,Batangas,Calabarzon,2023-08-03
CUST-03617,Quezon City,Metro Manila,NCR,2023-07-10
CUST-03618,Cebu City,Cebu,Central Visayas,2023-02-25
CUST-03619,Taguig,Metro Manila,NCR,2023-07-07
CUST-03620,Davao City,Davao del Sur,Davao Region,2023-09-04
CUST-03621,Pasig,Metro Manila,NCR,2023-05-29
CUST-03622,Makati,Metro Manila,NCR,2023-04-24
CUST-03623,Quezon City,Metro Manila,NCR,2023-02-02
CUST-03624,Lipa,Batangas,Calabarzon,2023-02-10
CUST-03625,Bacoor,Cavite,Calabarzon,2023-03-22
CUST-03626,Iloilo City,Iloilo,Western Visayas,2023-03-27
CUST-03627,Santa Rosa,Laguna,Calabarzon,2023-07-21
CUST-03628,Caloocan,Metro Manila,NCR,2023-08-29
CUST-03629,Taguig,Metro Manila,NCR,2023-06-10
CUST-03630,Pasig,Metro Manila,NCR,2023-04-19
CUST-03631,Cagayan de Oro,Misamis Oriental,Northern Mindanao,2023-06-26
CUST-03632,Manila,Metro Manila,NCR,2023-10-18
CUST-03633,General Santos,South Cotabato,SOCCSKSARGEN,2023-12-27
CUST-03634,Caloocan,Metro Manila,NCR,2023-12-11
CUST-03635,Quezon City,Metro Manila,NCR,2023-07-30
CUST-03636,Taguig,Metro Manila,NCR,2023-03-19
CUST-03637,Quezon City,Metro Manila,NCR,2023-03-19
CUST-03638,Bacolod,Negros Occidental,Western Visayas,2023-03-13
CUST-03639,Lipa,Batangas,Calabarzon,2023-04-18
CUST-03640,Caloocan,Metro Manila,NCR,2023-12-24
CUST-03641,Cebu City,Cebu,Central Visayas,2023-02-13
CUST-03642,Baguio,Benguet,CAR,2023-01-21
CUST-03643,Cagayan de Oro,Misamis Oriental,Northern Mindanao,2023-02-25
CUST-03644,Zamboanga City,Zamboanga del Sur,Zamboanga Peninsula,2023-07-23
CUST-03645,Cebu City,Cebu,Central Visayas,2023-10-15
CUST-03646,Bacolod,Negros Occidental,Western Visayas,2023-02-05
CUST-03647,Bacolod,Negros Occidental,Western Visayas,2023-10-26
CUST-03648,Lipa,Batangas,Calabarzon,2023-03-20
CUST-03649,Cebu City,Cebu,Central Visayas,2023-01-14
CUST-03650,Quezon City,Metro Manila,NCR,2023-02-07
CUST-03651,Iloilo City,Iloilo,Western Visayas,2023-06-25
CUST-03652,Zamboanga City,Zamboanga del Sur,Zamboanga Peninsula,2023-03-03
CUST-03653,Quezon City,Metro Manila,NCR,2023-03-04
CUST-03654,Tacloban,Leyte,Eastern Visayas,2023-01-11
CUST-03655,Cagayan de Oro,Misamis Oriental,Northern Mindanao,2023-08-23
CUST-03656,Makati,Metro Manila,NCR,2023-05-17
CUST-03657,Angeles,Pampanga,Central Luzon,2023-03-09
CUST-03658,Cagayan de Oro,Misamis Oriental,Northern Mindanao,2023-10-11
CUST-03659,Zamboanga City,Zamboanga del Sur,Zamboanga Peninsula,2023-10-11
CUST-03660,Manila,Metro Manila,NCR,2023-08-12
CUST-03661,Caloocan,Metro Manila,NCR,2023-08-23
CUST-03662,Cebu City,Cebu,Central Visayas,2023-04-02
CUST-03663,Makati,Metro Manila,NCR,2023-01-25
CUST-03664,Caloocan,Metro Manila,NCR,2023-11-05
CUST-03665,Quezon City,Metro Manila,NCR,2023-09-05
CUST-03666,Manila,Metro Manila,NCR,2023-01-27
CUST-03667,Angeles,Pampanga,Central Luzon,2023-05-29
CUST-03668,Legazpi,Albay,Bicol,2023-10-19
CUST-03669,Legazpi,Albay,Bicol,2023-05-26
CUST-03670,Iloilo City,Iloilo,Western Visayas,2023-02-16
CUST-03671,Bacoor,Cavite,Calabarzon,2023-08-18
CUST-03672,Taguig,Metro Manila,NCR,2023-07-09
CUST-03673,Quezon City,Metro Manila,NCR,2023-05-23
CUST-03674,Makati,Metro Manila,NCR,2023-03-01
CUST-03675,Pasig,Metro Manila,NCR,2023-06-09
CUST-03676,Manila,Metro Manila,NCR,2023-01-17
CUST-03677,Quezon City,Metro Manila,NCR,2023-04-01
CUST-03678,Manila,Metro Manila,NCR,2023-07-31
CUST-03679,Cebu City,Cebu,Central Visayas,2023-07-08
CUST-03680,Baguio,Benguet,CAR,2023-04-22
CUST-03681,Cagayan de Oro,Misamis Oriental,Northern Mindanao,2023-12-07
CUST-03682,Bacolod,Negros Occidental,Western Visayas,2023-10-11
CUST-03683,Angeles,Pampanga,Central Luzon,2023-10-07
CUST-03684,Manila,Metro Manila,NCR,2023-03-15
CUST-03685,Angeles,Pampanga,Central Luzon,2023-03-07
CUST-03686,Quezon City,Metro Manila,NCR,2023-03-08
CUST-03687,Bacoor,Cavite,Calabarzon,2023-11-24
CUST-03688,Antipolo,Rizal,Calabarzon,2023-09-16
CUST-03689,Bacoor,Cavite,Calabarzon,2023-09-10
CUST-03690,Pasig,Metro Manila,NCR,2023-12-24
CUST-03691,Cebu City,Cebu,Central Visayas,2023-09-29
CUST-03692,Tacloban,Leyte,Eastern Visayas,2023-07-28
CUST-03693,Iloilo City,Iloilo,Western Visayas,2023-02-12
CUST-03694,Baguio,Benguet,CAR,2023-10-31
CUST-03695,Angeles,Pampanga,Central Luzon,2023-02-21
CUST-03696,Quezon City,Metro Manila,NCR,2023-03-09
CUST-03697,Cebu City,Cebu,Central Visayas,2023-11-05
CUST-03698,Angeles,Pampanga,Central Luzon,2023-09-28
CUST-03699,Taguig,Metro Manila,NCR,2023-07-18
CUST-03700,Caloocan,Metro Manila,NCR,2023-01-22
CUST-03701,Cagayan de Oro,Misamis Oriental,Northern Mindanao,2023-03-21
CUST-03702,Baguio,Benguet,CAR,2023-01-12
CUST-03703,Santa Rosa,Laguna,Calabarzon,2023-09-09
CUST-03704,Baguio,Benguet,CAR,2023-02-04
CUST-03705,Bacoor,Cavite,Calabarzon,2023-01-18
CUST-03706,Santa Rosa,Laguna,Calabarzon,2023-05-28
CUST-03707,Pasig,Metro Manila,NCR,2023-11-06
CUST-03708,Bacoor,Cavite,Calabarzon,2023-09-26
CUST-03709,Cebu City,Cebu,Central Visayas,2023-11-16
CUST-03710,Quezon City,Metro Manila,NCR,2023-03-13
CUST-03711,Bacolod,Negros Occidental,Western Visayas,2023-09-09
CUST-03712,Pasig,Metro Manila,NCR,2023-04-20
CUST-03713,Cebu City,Cebu,Central Visayas,2023-09-26
CUST-03714,Legazpi,Albay,Bicol,2023-01-10
CUST-03715,Legazpi,Albay,Bicol,2023-03-25
CUST-03716,Baguio,Benguet,CAR,2023-08-17
CUST-03717,Zamboanga City,Zamboanga del Sur,Zamboanga Peninsula,2023-07-11
CUST-03718,Lipa,Batangas,Calabarzon,2023-12-11
CUST-03719,Mandaue,Cebu,Central Visayas,2023-11-13
CUST-03720,Cebu City,Cebu,Central Visayas,2023-01-02
CUST-03721,Taguig,Metro Manila,NCR,2023-03-10
CUST-03722,Pasig,Metro Manila,NCR,2023-03-02
CUST-03723,Bacoor,Cavite,Calabarzon,2023-05-12
CUST-03724,Pasig,Metro Manila,NCR,2023-10-13
CUST-03725,Antipolo,Rizal,Calabarzon,2023-11-24
CUST-03726,Antipolo,Rizal,Calabarzon,2023-04-12
CUST-03727,Malolos,Bulacan,Central Luzon,2023-09-02
CUST-03728,Makati,Metro Manila,NCR,2024-01-01
CUST-03729,Bacolod,Negros Occidental,Western Visayas,2023-12-24
CUST-03730,Bacoor,Cavite,Calabarzon,2023-06-12
CUST-03731,Cebu City,Cebu,Central Visayas,2023-03-01
CUST-03732,Quezon City,Metro Manila,NCR,2023-08-22
CUST-03733,Santa Rosa,Laguna,Calabarzon,2023-01-02
CUST-03734,Quezon City,Metro Manila,NCR,2023-08-15
CUST-03735,Cebu City,Cebu,Central Visayas,2023-04-09
CUST-03736,Caloocan,Metro Manila,NCR,2023-10-04
CUST-03737,Cagayan de Oro,Misamis Oriental,Northern Mindanao,2023-05-25
CUST-03738,Caloocan,Metro Manila,NCR,2023-09-23
CUST-03739,Angeles,Pampanga,Central Luzon,2023-03-23
CUST-03740,Taguig,Metro Manila,NCR,2023-07-20
CUST-03741,Baguio,Benguet,CAR,2023-12-17
CUST-03742,Santa Rosa,Laguna,Calabarzon,2023-10-03
CUST-03743,Antipolo,Rizal,Calabarzon,2023-08-26
CUST-03744,Makati,Metro Manila,NCR,2023-07-15
CUST-03745,Manila,Metro Manila,NCR,2023-09-25
CUST-03746,Manila,Metro Manila,NCR,2023-06-05
CUST-03747,General Santos,South Cotabato,SOCCSKSARGEN,2023-01-15
CUST-03748,Bacoor,Cavite,Calabarzon,2023-04-17
CUST-03749,Quezon City,Metro Manila,NCR,2023-09-10
CUST-03750,Zamboanga City,Zamboanga del Sur,Zamboanga Peninsula,2023-04-29
CUST-03751,Quezon City,Metro Manila,NCR,2023-01-14
CUST-03752,Bacoor,Cavite,Calabarzon,2023-10-05
CUST-03753,Cebu City,Cebu,Central Visayas,2023-10-09
CUST-03754,Davao City,Davao del Sur,Davao Region,2023-12-18
CUST-03755,Cebu City,Cebu,Central Visayas,2023-02-28
CUST-03756,Santa Rosa,Laguna,Calabarzon,2023-03-04
CUST-03757,Zamboanga City,Zamboanga del Sur,Zamboanga Peninsula,2023-08-03
CUST-03758,Quezon City,Metro Manila,NCR,2023-02-17
CUST-03759,General Santos,South Cotabato,SOCCSKSARGEN,2023-05-09
CUST-03760,Davao City,Davao del Sur,Davao Region,2023-01-09
CUST-03761,Cagayan de Oro,Misamis Oriental,Northern Mindanao,2023-01-30
CUST-03762,Taguig,Metro Manila,NCR,2023-01-16
CUST-03763,Manila,Metro Manila,NCR,2023-08-11
CUST-03764,Cebu City,Cebu,Central Visayas,2023-05-15
CUST-03765,Lipa,Batangas,Calabarzon,2023-11-01
CUST-03766,Lipa,Batangas,Calabarzon,2023-02-09
CUST-03767,Cagayan de Oro,Misamis Oriental,Northern Mindanao,2023-09-07
CUST-03768,Baguio,Benguet,CAR,2023-07-22
CUST-03769,Pasig,Metro Manila,NCR,2023-05-30
CUST-03770,Antipolo,Rizal,Calabarzon,2023-03-20
CUST-03771,Manila,Metro Manila,NCR,2023-04-09
CUST-03772,Makati,Metro Manila,NCR,2023-01-18
CUST-03773,Manila,Metro Manila,NCR,2023-04-16
CUST-03774,Bacolod,Negros Occidental,Western Visayas,2023-03-17
CUST-03775,Cebu City,Cebu,Central Visayas,2023-06-07
CUST-03776,Angeles,Pampanga,Central Luzon,2023-08-03
CUST-03777,Antipolo,Rizal,Calabarzon,2023-02-02
CUST-03778,Cebu City,Cebu,Central Visayas,2023-08-17
CUST-03779,Bacolod,Negros Occidental,Western Visayas,2023-05-20
CUST-03780,Davao City,Davao del Sur,Davao Region,2023-09-17
CUST-03781,Angeles,Pampanga,Central Luzon,2023-07-09
CUST-03782,Bacolod,Negros Occidental,Western Visayas,2023-08-21
CUST-03783,Lipa,Batangas,Calabarzon,2023-09-29
CUST-03784,Santa Rosa,Laguna,Calabarzon,2023-03-08
CUST-03785,Davao City,Davao del Sur,Davao Region,2023-03-27
CUST-03786,Antipolo,Rizal,Calabarzon,2023-04-20
CUST-03787,Antipolo,Rizal,Calabarzon,2023-12-02
CUST-03788,Pasig,Metro Manila,NCR,2023-10-02
CUST-03789,Lipa,Batangas,Calabarzon,2023-10-14
CUST-03790,Angeles,Pampanga,Central Luzon,2023-04-17
CUST-03791,Cebu City,Cebu,Central Visayas,2023-02-10
CUST-03792,Bacoor,Cavite,Calabarzon,2023-08-16
CUST-03793,Makati,Metro Manila,NCR,2023-09-03
CUST-03794,Davao City,Davao del Sur,Davao Region,2023-06-12
CUST-03795,Caloocan,Metro Manila,NCR,2023-01-06
CUST-03796,Cagayan de Oro,Misamis Oriental,Northern Mindanao,2023-08-19
CUST-03797,Makati,Metro Manila,NCR,2023-09-22
CUST-03798,Angeles,Pampanga,Central Luzon,2023-06-25
CUST-03799,Angeles,Pampanga,Central Luzon,2023-02-01
CUST-03800,Tacloban,Leyte,Eastern Visayas,2023-04-10
CUST-03801,Manila,Metro Manila,NCR,2023-06-26
CUST-03802,Davao City,Davao del Sur,Davao Region,2023-04-10
CUST-03803,Angeles,Pampanga,Central Luzon,2023-12-27
CUST-03804,Malolos,Bulacan,Central Luzon,2023-04-02
CUST-03805,Lipa,Batangas,Calabarzon,2023-11-27
CUST-03806,Quezon City,Metro Manila,NCR,2023-08-12
CUST-03807,Lipa,Batangas,Calabarzon,2023-08-27
CUST-03808,Taguig,Metro Manila,NCR,2023-04-24
CUST-03809,Caloocan,Metro Manila,NCR,2023-10-06
CUST-03810,Legazpi,Albay,Bicol,2023-10-06
CUST-03811,Lipa,Batangas,Calabarzon,2023-02-13
CUST-03812,Quezon City,Metro Manila,NCR,2023-07-11
CUST-03813,Quezon City,Metro Manila,NCR,2023-04-06
CUST-03814,Makati,Metro Manila,NCR,2023-06-03
CUST-03815,Makati,Metro Manila,NCR,2023-05-20
CUST-03816,Baguio,Benguet,CAR,2023-04-26
CUST-03817,Manila,Metro Manila,NCR,2023-05-03
CUST-03818,Davao City,Davao del Sur,Davao Region,2023-02-03
CUST-03819,Makati,Metro Manila,NCR,2023-03-21
CUST-03820,Quezon City,Metro Manila,NCR,2023-09-12
CUST-03821,Davao City,Davao del Sur,Davao Region,2023-11-01
CUST-03822,Pasig,Metro Manila,NCR,2023-02-27
CUST-03823,Bacoor,Cavite,Calabarzon,2023-08-19
CUST-03824,Zamboanga City,Zamboanga del Sur,Zamboanga Peninsula,2023-09-10
CUST-03825,Cagayan de Oro,Misamis Oriental,Northern Mindanao,2023-11-22
CUST-03826,Cebu City,Cebu,Central Visayas,2023-06-14
CUST-03827,Quezon City,Metro Manila,NCR,2023-06-29
CUST-03828,Malolos,Bulacan,Central Luzon,2023-03-05
CUST-03829,General Santos,South Cotabato,SOCCSKSARGEN,2023-04-03
CUST-03830,Cagayan de Oro,Misamis Oriental,Northern Mindanao,2023-04-13
CUST-03831,Quezon City,Metro Manila,NCR,2023-06-19
CUST-03832,Antipolo,Rizal,Calabarzon,2023-02-21
CUST-03833,Pasig,Metro Manila,NCR,2023-01-08
CUST-03834,Manila,Metro Manila,NCR,2023-03-10
CUST-03835,Cebu City,Cebu,Central Visayas,2023-08-27
CUST-03836,Pasig,Metro Manila,NCR,2023-09-23
CUST-03837,Caloocan,Metro Manila,NCR,2024-01-01
CUST-03838,Quezon City,Metro Manila,NCR,2023-01-04
CUST-03839,Lipa,Batangas,Calabarzon,2023-04-09
CUST-03840,Manila,Metro Manila,NCR,2023-01-24
CUST-03841,Bacoor,Cavite,Calabarzon,2023-03-20
CUST-03842,Manila,Metro Manila,NCR,2023-07-28
CUST-03843,Zamboanga City,Zamboanga del Sur,Zamboanga Peninsula,2023-11-10
CUST-03844,Manila,Metro Manila,NCR,2023-12-15
CUST-03845,Lipa,Batangas,Calabarzon,2023-03-18
CUST-03846,Makati,Metro Manila,NCR,2023-09-13
CUST-03847,Quezon City,Metro Manila,NCR,2023-08-16
CUST-03848,Makati,Metro Manila,NCR,2023-03-02
CUST-03849,Quezon City,Metro Manila,NCR,2023-07-10
CUST-03850,Manila,Metro Manila,NCR,2023-01-19
CUST-03851,Lipa,Batangas,Calabarzon,2023-06-16
CUST-03852,Legazpi,Albay,Bicol,2023-03-04
CUST-03853,Quezon City,Metro Manila,NCR,2023-11-17
CUST-03854,Bacoor,Cavite,Calabarzon,2023-08-10
CUST-03855,Malolos,Bulacan,Central Luzon,2023-10-27
CUST-03856,Taguig,Metro Manila,NCR,2023-12-12
CUST-03857,Antipolo,Rizal,Calabarzon,2023-01-05
CUST-03858,Quezon City,Metro Manila,NCR,2023-06-27
CUST-03859,Makati,Metro Manila,NCR,2023-08-25
CUST-03860,Santa Rosa,Laguna,Calabarzon,2023-08-17
CUST-03861,General Santos,South Cotabato,SOCCSKSARGEN,2023-10-06
CUST-03862,General Santos,South Cotabato,SOCCSKSARGEN,2023-11-18
CUST-03863,General Santos,South Cotabato,SOCCSKSARGEN,2023-02-02
CUST-03864,Bacoor,Cavite,Calabarzon,2023-11-24
CUST-03865,Quezon City,Metro Manila,NCR,2023-08-14
CUST-03866,Caloocan,Metro Manila,NCR,2023-11-07
CUST-03867,Taguig,Metro Manila,NCR,2023-01-27
CUST-03868,Quezon City,Metro Manila,NCR,2023-10-18
CUST-03869,Quezon City,Metro Manila,NCR,2023-08-11
CUST-03870,Santa Rosa,Laguna,Calabarzon,2023-04-01
CUST-03871,Caloocan,Metro Manila,NCR,2023-06-07
CUST-03872,Makati,Metro Manila,NCR,2023-08-15
CUST-03873,Cebu City,Cebu,Central Visayas,2023-06-10
CUST-03874,Caloocan,Metro Manila,NCR,2023-07-26
CUST-03875,Davao City,Davao del Sur,Davao Region,2023-09-18
CUST-03876,Taguig,Metro Manila,NCR,2023-05-28
CUST-03877,Angeles,Pampanga,Central Luzon,2023-08-21
CUST-03878,Makati,Metro Manila,NCR,2023-01-16
CUST-03879,Lipa,Batangas,Calabarzon,2023-07-16
CUST-03880,Manila,Metro Manila,NCR,2023-03-31
CUST-03881,Manila,Metro Manila,NCR,2023-10-08
CUST-03882,Baguio,Benguet,CAR,2023-05-11
CUST-03883,Taguig,Metro Manila,NCR,2023-06-11
CUST-03884,Manila,Metro Manila,NCR,2023-04-05
CUST-03885,Cagayan de Oro,Misamis Oriental,Northern Mindanao,2023-07-17
CUST-03886,Quezon City,Metro Manila,NCR,2023-04-14
CUST-03887,Angeles,Pampanga,Central Luzon,2023-12-11
CUST-03888,Angeles,Pampanga,Central Luzon,2023-04-25
CUST-03889,Taguig,Metro Manila,NCR,2023-04-01
CUST-03890,Santa Rosa,Laguna,Calabarzon,2023-07-04
CUST-03891,Quezon City,Metro Manila,NCR,2023-12-20
CUST-03892,Cebu City,Cebu,Central Visayas,2023-06-09
CUST-03893,Makati,Metro Manila,NCR,2023-03-22
CUST-03894,Makati,Metro Manila,NCR,2023-07-17
CUST-03895,Pasig,Metro Manila,NCR,2023-11-28
CUST-03896,Davao City,Davao del Sur,Davao Region,2023-08-10
CUST-03897,Bacolod,Negros Occidental,Western Visayas,2023-01-04
CUST-03898,Cagayan de Oro,Misamis Oriental,Northern Mindanao,2023-09-25
CUST-03899,Legazpi,Albay,Bicol,2023-06-22
CUST-03900,Cebu City,Cebu,Central Visayas,2023-08-25
CUST-03901,Santa Rosa,Laguna,Calabarzon,2023-04-16
CUST-03902,Davao City,Davao del Sur,Davao Region,2023-07-29
CUST-03903,Lipa,Batangas,Calabarzon,2023-08-14
CUST-03904,Caloocan,Metro Manila,NCR,2023-06-04
CUST-03905,Legazpi,Albay,Bicol,2023-06-07
CUST-03906,Angeles,Pampanga,Central Luzon,2023-07-03
CUST-03907,Manila,Metro Manila,NCR,2023-09-29
CUST-03908,Antipolo,Rizal,Calabarzon,2023-11-23
CUST-03909,Pasig,Metro Manila,NCR,2023-04-24
CUST-03910,Davao City,Davao del Sur,Davao Region,2023-08-30
CUST-03911,Antipolo,Rizal,Calabarzon,2023-05-23
CUST-03912,Tacloban,Leyte,Eastern Visayas,2023-08-17
CUST-03913,Bacoor,Cavite,Calabarzon,2023-02-24
CUST-03914,Iloilo City,Iloilo,Western Visayas,2023-04-18
CUST-03915,Manila,Metro Manila,NCR,2023-08-07
CUST-03916,Cagayan de Oro,Misamis Oriental,Northern Mindanao,2023-09-02
CUST-03917,Santa Rosa,Laguna,Calabarzon,2023-04-03
CUST-03918,Taguig,Metro Manila,NCR,2023-12-30
CUST-03919,Taguig,Metro Manila,NCR,2023-12-11
CUST-03920,Taguig,Metro Manila,NCR,2023-12-02
CUST-03921,Antipolo,Rizal,Calabarzon,2023-08-28
CUST-03922,Cebu City,Cebu,Central Visayas,2023-07-04
CUST-03923,Cagayan de Oro,Misamis Oriental,Northern Mindanao,2023-09-17
CUST-03924,Cebu City,Cebu,Central Visayas,2023-10-25
CUST-03925,Angeles,Pampanga,Central Luzon,2023-09-09
CUST-03926,Bacoor,Cavite,Calabarzon,2023-07-05
CUST-03927,Tacloban,Leyte,Eastern Visayas,2023-09-15
CUST-03928,Davao City,Davao del Sur,Davao Region,2023-06-06
CUST-03929,Pasig,Metro Manila,NCR,2023-08-15
CUST-03930,Zamboanga City,Zamboanga del Sur,Zamboanga Peninsula,2023-01-26
CUST-03931,Antipolo,Rizal,Calabarzon,2023-01-04
CUST-03932,Bacolod,Negros Occidental,Western Visayas,2023-05-07
CUST-03933,Zamboanga City,Zamboanga del Sur,Zamboanga Peninsula,2023-06-13
CUST-03934,Cebu City,Cebu,Central Visayas,2023-12-21
CUST-03935,Manila,Metro Manila,NCR,2023-05-19
CUST-03936,Malolos,Bulacan,Central Luzon,2023-08-16
CUST-03937,Manila,Metro Manila,NCR,2023-09-18
CUST-03938,Bacolod,Negros Occidental,Western Visayas,2023-03-18
CUST-03939,Pasig,Metro Manila,NCR,2023-12-17
CUST-03940,Cebu City,Cebu,Central Visayas,2023-09-28
CUST-03941,Davao City,Davao del Sur,Davao Region,2023-03-25
CUST-03942,Makati,Metro Manila,NCR,2023-01-29
CUST-03943,Antipolo,Rizal,Calabarzon,2023-06-28
CUST-03944,Legazpi,Albay,Bicol,2023-06-22
CUST-03945,Bacoor,Cavite,Calabarzon,2023-01-14
CUST-03946,Manila,Metro Manila,NCR,2023-11-29
CUST-03947,Quezon City,Metro Manila,NCR,2023-07-10
CUST-03948,Bacoor,Cavite,Calabarzon,2023-10-05
CUST-03949,Legazpi,Albay,Bicol,2023-07-11
CUST-03950,Malolos,Bulacan,Central Luzon,2023-02-05
CUST-03951,Manila,Metro Manila,NCR,2023-05-29
CUST-03952,Bacoor,Cavite,Calabarzon,2023-01-05
CUST-03953,Antipolo,Rizal,Calabarzon,2023-07-01
CUST-03954,Pasig,Metro Manila,NCR,2023-02-20
CUST-03955,Mandaue,Cebu,Central Visayas,2023-11-01
CUST-03956,Pasig,Metro Manila,NCR,2023-09-06
CUST-03957,Angeles,Pampanga,Central Luzon,2023-09-24
CUST-03958,Cagayan de Oro,Misamis Oriental,Northern Mindanao,2023-03-27
CUST-03959,Angeles,Pampanga,Central Luzon,2023-06-28
CUST-03960,Baguio,Benguet,CAR,2023-10-12
CUST-03961,Quezon City,Metro Manila,NCR,2023-10-30
CUST-03962,Manila,Metro Manila,NCR,2023-08-14
CUST-03963,Quezon City,Metro Manila,NCR,2023-11-06
CUST-03964,Iloilo City,Iloilo,Western Visayas,2023-04-22
CUST-03965,Tacloban,Leyte,Eastern Visayas,2023-02-26
CUST-03966,Makati,Metro Manila,NCR,2023-01-13
CUST-03967,Makati,Metro Manila,NCR,2023-10-07
CUST-03968,Caloocan,Metro Manila,NCR,2023-07-25
CUST-03969,Malolos,Bulacan,Central Luzon,2023-07-02
CUST-03970,Baguio,Benguet,CAR,2023-07-05
CUST-03971,Cebu City,Cebu,Central Visayas,2023-07-20
CUST-03972,Davao City,Davao del Sur,Davao Region,2023-10-13
CUST-03973,Pasig,Metro Manila,NCR,2023-11-22
CUST-03974,Cebu City,Cebu,Central Visayas,2023-08-07
CUST-03975,Angeles,Pampanga,Central Luzon,2023-11-29
CUST-03976,Pasig,Metro Manila,NCR,2023-12-09
CUST-03977,Davao City,Davao del Sur,Davao Region,2023-06-24
CUST-03978,Quezon City,Metro Manila,NCR,2023-02-22
CUST-03979,Cebu City,Cebu,Central Visayas,2023-06-18
CUST-03980,Mandaue,Cebu,Central Visayas,2023-12-24
CUST-03981,Davao City,Davao del Sur,Davao Region,2023-03-01
CUST-03982,Lipa,Batangas,Calabarzon,2023-04-27
CUST-03983,Caloocan,Metro Manila,NCR,2023-09-13
CUST-03984,Tacloban,Leyte,Eastern Visayas,2023-09-24
CUST-03985,Iloilo City,Iloilo,Western Visayas,2023-02-07
CUST-03986,Lipa,Batangas,Calabarzon,2023-07-12
CUST-03987,Iloilo City,Iloilo,Western Visayas,2023-11-11
CUST-03988,Taguig,Metro Manila,NCR,2023-09-21
CUST-03989,Malolos,Bulacan,Central Luzon,2023-09-27
CUST-03990,Davao City,Davao del Sur,Davao Region,2023-08-08
CUST-03991,Pasig,Metro Manila,NCR,2023-08-28
CUST-03992,Santa Rosa,Laguna,Calabarzon,2023-06-16
CUST-03993,Cagayan de Oro,Misamis Oriental,Northern Mindanao,2023-09-06
CUST-03994,Bacolod,Negros Occidental,Western Visayas,2023-05-13
CUST-03995,Davao City,Davao del Sur,Davao Region,2023-07-06
CUST-03996,Antipolo,Rizal,Calabarzon,2023-01-23
CUST-03997,General Santos,South Cotabato,SOCCSKSARGEN,2023-03-05
CUST-03998,Manila,Metro Manila,NCR,2023-09-02
CUST-03999,Lipa,Batangas,Calabarzon,2023-12-17
CUST-04000,Santa Rosa,Laguna,Calabarzon,2023-06-02
CUST-04001,Bacolod,Negros Occidental,Western Visayas,2023-08-31
CUST-04002,Davao City,Davao del Sur,Davao Region,2023-02-06
CUST-04003,Mandaue,Cebu,Central Visayas,2023-08-06
CUST-04004,Baguio,Benguet,CAR,2023-09-18
CUST-04005,Bacoor,Cavite,Calabarzon,2023-08-31
CUST-04006,Lipa,Batangas,Calabarzon,2023-02-20
CUST-04007,Lipa,Batangas,Calabarzon,2023-11-21
CUST-04008,Quezon City,Metro Manila,NCR,2023-01-17
CUST-04009,Lipa,Batangas,Calabarzon,2023-10-08
CUST-04010,Davao City,Davao del Sur,Davao Region,2023-02-26
CUST-04011,Cebu City,Cebu,Central Visayas,2023-06-17
CUST-04012,Bacolod,Negros Occidental,Western Visayas,2023-06-08
CUST-04013,Antipolo,Rizal,Calabarzon,2023-10-19
CUST-04014,Angeles,Pampanga,Central Luzon,2023-04-13
CUST-04015,Quezon City,Metro Manila,NCR,2023-05-10
CUST-04016,Antipolo,Rizal,Calabarzon,2023-07-10
CUST-04017,Santa Rosa,Laguna,Calabarzon,2023-07-18
CUST-04018,Taguig,Metro Manila,NCR,2023-05-29
CUST-04019,Quezon City,Metro Manila,NCR,2023-07-13
CUST-04020,Cebu City,Cebu,Central Visayas,2023-01-11
CUST-04021,Bacoor,Cavite,Calabarzon,2023-12-17
CUST-04022,Bacoor,Cavite,Calabarzon,2023-10-02
CUST-04023,Taguig,Metro Manila,NCR,2023-02-25
CUST-04024,Angeles,Pampanga,Central Luzon,2023-03-18
CUST-04025,Bacoor,Cavite,Calabarzon,2023-08-27
CUST-04026,Santa Rosa,Laguna,Calabarzon,2023-07-01
CUST-04027,Malolos,Bulacan,Central Luzon,2023-12-23
CUST-04028,Quezon City,Metro Manila,NCR,2023-10-29
CUST-04029,Davao City,Davao del Sur,Davao Region,2023-01-22
CUST-04030,Quezon City,Metro Manila,NCR,2023-05-12
CUST-04031,Bacoor,Cavite,Calabarzon,2023-12-18
CUST-04032,Makati,Metro Manila,NCR,2023-03-18
CUST-04033,Lipa,Batangas,Calabarzon,2023-08-07
CUST-04034,Pasig,Metro Manila,NCR,2023-06-08
CUST-04035,Davao City,Davao del Sur,Davao Region,2023-02-23
CUST-04036,Antipolo,Rizal,Calabarzon,2023-03-02
CUST-04037,Legazpi,Albay,Bicol,2023-11-13
CUST-04038,Taguig,Metro Manila,NCR,2023-08-21
CUST-04039,Quezon City,Metro Manila,NCR,2023-09-24
CUST-04040,Antipolo,Rizal,Calabarzon,2023-02-02
CUST-04041,Angeles,Pampanga,Central Luzon,2023-03-23
CUST-04042,Santa Rosa,Laguna,Calabarzon,2023-05-10
CUST-04043,Zamboanga City,Zamboanga del Sur,Zamboanga Peninsula,2023-12-11
CUST-04044,Cebu City,Cebu,Central Visayas,2023-03-14
CUST-04045,General Santos,South Cotabato,SOCCSKSARGEN,2023-06-11
CUST-04046,Pasig,Metro Manila,NCR,2023-09-24
CUST-04047,Bacolod,Negros Occidental,Western Visayas,2023-07-24
CUST-04048,Angeles,Pampanga,Central Luzon,2023-07-23
CUST-04049,Baguio,Benguet,CAR,2023-09-15
CUST-04050,General Santos,South Cotabato,SOCCSKSARGEN,2023-02-03
CUST-04051,Legazpi,Albay,Bicol,2023-02-01
CUST-04052,Davao City,Davao del Sur,Davao Region,2023-12-14
CUST-04053,Cebu City,Cebu,Central Visayas,2023-01-25
CUST-04054,Manila,Metro Manila,NCR,2023-08-07
CUST-04055,Cebu City,Cebu,Central Visayas,2023-03-16
CUST-04056,Santa Rosa,Laguna,Calabarzon,2023-03-23
CUST-04057,Cagayan de Oro,Misamis Oriental,Northern Mindanao,2023-05-28
CUST-04058,Bacolod,Negros Occidental,Western Visayas,2023-04-05
CUST-04059,Quezon City,Metro Manila,NCR,2023-04-28
CUST-04060,Manila,Metro Manila,NCR,2023-02-25
CUST-04061,Quezon City,Metro Manila,NCR,2023-07-31
CUST-04062,Lipa,Batangas,Calabarzon,2023-04-07
CUST-04063,Quezon City,Metro Manila,NCR,2023-01-09
CUST-04064,Cebu City,Cebu,Central Visayas,2023-01-21
CUST-04065,Angeles,Pampanga,Central Luzon,2023-11-08
CUST-04066,Tacloban,Leyte,Eastern Visayas,2023-07-04
CUST-04067,Pasig,Metro Manila,NCR,2023-06-29
CUST-04068,Lipa,Batangas,Calabarzon,2023-05-19
CUST-04069,Manila,Metro Manila,NCR,2023-05-10
CUST-04070,Davao City,Davao del Sur,Davao Region,2023-02-26
CUST-04071,Manila,Metro Manila,NCR,2023-06-21
CUST-04072,Quezon City,Metro Manila,NCR,2023-04-20
CUST-04073,Makati,Metro Manila,NCR,2023-02-07
CUST-04074,Bacolod,Negros Occidental,Western Visayas,2023-11-25
CUST-04075,Quezon City,Metro Manila,NCR,2023-05-12
CUST-04076,Baguio,Benguet,CAR,2023-08-21
CUST-04077,Mandaue,Cebu,Central Visayas,2023-02-05
CUST-04078,Iloilo City,Iloilo,Western Visayas,2023-06-14
CUST-04079,Makati,Metro Manila,NCR,2023-05-26
CUST-04080,Quezon City,Metro Manila,NCR,2023-04-01
CUST-04081,Bacoor,Cavite,Calabarzon,2023-10-05
CUST-04082,Makati,Metro Manila,NCR,2023-06-17
CUST-04083,Cebu City,Cebu,Central Visayas,2023-03-25
CUST-04084,Caloocan,Metro Manila,NCR,2023-03-24
CUST-04085,Bacoor,Cavite,Calabarzon,2023-10-10
CUST-04086,Manila,Metro Manila,NCR,2023-03-02
CUST-04087,Angeles,Pampanga,Central Luzon,2023-11-03
CUST-04088,Makati,Metro Manila,NCR,2023-09-27
CUST-04089,Cebu City,Cebu,Central Visayas,2023-02-23
CUST-04090,Quezon City,Metro Manila,NCR,2023-05-22
CUST-04091,Zamboanga City,Zamboanga del Sur,Zamboanga Peninsula,2023-06-18
CUST-04092,Cebu City,Cebu,Central Visayas,2023-06-12
CUST-04093,Makati,Metro Manila,NCR,2023-01-13
CUST-04094,Quezon City,Metro Manila,NCR,2023-10-11
CUST-04095,Caloocan,Metro Manila,NCR,2023-09-14
CUST-04096,Manila,Metro Manila,NCR,2023-07-07
CUST-04097,Makati,Metro Manila,NCR,2023-02-27
CUST-04098,Davao City,Davao del Sur,Davao Region,2023-06-15
CUST-04099,Malolos,Bulacan,Central Luzon,2023-04-12
CUST-04100,Manila,Metro Manila,NCR,2023-03-09
CUST-04101,Angeles,Pampanga,Central Luzon,2023-02-10
CUST-04102,Taguig,Metro Manila,NCR,2023-07-17
CUST-04103,General Santos,South Cotabato,SOCCSKSARGEN,2023-07-18
CUST-04104,Quezon City,Metro Manila,NCR,2023-12-03
CUST-04105,Mandaue,Cebu,Central Visayas,2023-12-03
CUST-04106,Iloilo City,Iloilo,Western Visayas,2023-07-08
CUST-04107,Quezon City,Metro Manila,NCR,2023-04-03
CUST-04108,Manila,Metro Manila,NCR,2023-03-02
CUST-04109,Antipolo,Rizal,Calabarzon,2023-08-05
CUST-04110,Davao City,Davao del Sur,Davao Region,2023-06-07
CUST-04111,Angeles,Pampanga,Central Luzon,2023-03-11
CUST-04112,Cebu City,Cebu,Central Visayas,2023-09-07
CUST-04113,Iloilo City,Iloilo,Western Visayas,2023-11-05
CUST-04114,Tacloban,Leyte,Eastern Visayas,2023-01-30
CUST-04115,Santa Rosa,Laguna,Calabarzon,2023-06-16
CUST-04116,Lipa,Batangas,Calabarzon,2023-11-06
CUST-04117,Cebu City,Cebu,Central Visayas,2023-10-02
CUST-04118,Taguig,Metro Manila,NCR,2023-09-04
CUST-04119,Davao City,Davao del Sur,Davao Region,2023-10-20
CUST-04120,Quezon City,Metro Manila,NCR,2023-07-26
CUST-04121,Makati,Metro Manila,NCR,2023-03-11
CUST-04122,Bacolod,Negros Occidental,Western Visayas,2023-04-07
CUST-04123,Caloocan,Metro Manila,NCR,2023-02-01
CUST-04124,Manila,Metro Manila,NCR,2023-03-02
CUST-04125,Makati,Metro Manila,NCR,2023-09-10
CUST-04126,Angeles,Pampanga,Central Luzon,2023-12-11
CUST-04127,Davao City,Davao del Sur,Davao Region,2023-11-07
CUST-04128,Quezon City,Metro Manila,NCR,2023-03-18
CUST-04129,Quezon City,Metro Manila,NCR,2023-08-30
CUST-04130,Santa Rosa,Laguna,Calabarzon,2023-04-14
CUST-04131,Zamboanga City,Zamboanga del Sur,Zamboanga Peninsula,2023-07-18
CUST-04132,Pasig,Metro Manila,NCR,2023-02-09
CUST-04133,Zamboanga City,Zamboanga del Sur,Zamboanga Peninsula,2023-06-30
CUST-04134,Davao City,Davao del Sur,Davao Region,2023-02-07
CUST-04135,Pasig,Metro Manila,NCR,2023-10-02
CUST-04136,Bacolod,Negros Occidental,Western Visayas,2023-03-24
CUST-04137,Cebu City,Cebu,Central Visayas,2023-06-24
CUST-04138,Lipa,Batangas,Calabarzon,2023-10-24
CUST-04139,Bacoor,Cavite,Calabarzon,2023-10-08
CUST-04140,Bacolod,Negros Occidental,Western Visayas,2023-09-09
CUST-04141,Bacolod,Negros Occidental,Western Visayas,2023-11-06
CUST-04142,Iloilo City,Iloilo,Western Visayas,2023-01-25
CUST-04143,General Santos,South Cotabato,SOCCSKSARGEN,2023-10-16
CUST-04144,Santa Rosa,Laguna,Calabarzon,2023-05-28
CUST-04145,Bacolod,Negros Occidental,Western Visayas,2023-06-07
CUST-04146,Davao City,Davao del Sur,Davao Region,2023-06-19
CUST-04147,Makati,Metro Manila,NCR,2023-05-17
CUST-04148,Quezon City,Metro Manila,NCR,2023-02-01
CUST-04149,Antipolo,Rizal,Calabarzon,2023-01-13
CUST-04150,Davao City,Davao del Sur,Davao Region,2023-02-16
CUST-04151,Pasig,Metro Manila,NCR,2023-07-18
CUST-04152,Cebu City,Cebu,Central Visayas,2023-04-11
CUST-04153,Quezon City,Metro Manila,NCR,2023-10-26
CUST-04154,Caloocan,Metro Manila,NCR,2023-02-13
CUST-04155,Baguio,Benguet,CAR,2023-10-22
CUST-04156,Manila,Metro Manila,NCR,2023-11-21
CUST-04157,Davao City,Davao del Sur,Davao Region,2023-03-05
CUST-04158,Manila,Metro Manila,NCR,2023-03-31
CUST-04159,Davao City,Davao del Sur,Davao Region,2023-11-12
CUST-04160,Makati,Metro Manila,NCR,2023-01-14
CUST-04161,General Santos,South Cotabato,SOCCSKSARGEN,2023-11-22
CUST-04162,Malolos,Bulacan,Central Luzon,2023-12-15
CUST-04163,Quezon City,Metro Manila,NCR,2023-01-18
CUST-04164,Quezon City,Metro Manila,NCR,2023-10-12
CUST-04165,Quezon City,Metro Manila,NCR,2023-10-08
CUST-04166,Malolos,Bulacan,Central Luzon,2023-03-18
CUST-04167,Bacolod,Negros Occidental,Western Visayas,2023-05-25
CUST-04168,Antipolo,Rizal,Calabarzon,2023-06-26
CUST-04169,Bacoor,Cavite,Calabarzon,2023-01-06
CUST-04170,Malolos,Bulacan,Central Luzon,2023-12-01
CUST-04171,Angeles,Pampanga,Central Luzon,2023-01-29
CUST-04172,Cebu City,Cebu,Central Visayas,2023-09-26
CUST-04173,Santa Rosa,Laguna,Calabarzon,2023-05-19
CUST-04174,Cebu City,Cebu,Central Visayas,2023-09-05
CUST-04175,General Santos,South Cotabato,SOCCSKSARGEN,2023-09-17
CUST-04176,Caloocan,Metro Manila,NCR,2023-09-06
CUST-04177,Quezon City,Metro Manila,NCR,2023-06-11
CUST-04178,Manila,Metro Manila,NCR,2023-02-15
CUST-04179,Angeles,Pampanga,Central Luzon,2023-11-21
CUST-04180,Caloocan,Metro Manila,NCR,2023-05-05
CUST-04181,Cagayan de Oro,Misamis Oriental,Northern Mindanao,2023-02-22
CUST-04182,Baguio,Benguet,CAR,2023-04-08
CUST-04183,Lipa,Batangas,Calabarzon,2023-01-09
CUST-04184,Bacolod,Negros Occidental,Western Visayas,2023-12-28
CUST-04185,Taguig,Metro Manila,NCR,2023-08-22
CUST-04186,Bacolod,Negros Occidental,Western Visayas,2023-07-29
CUST-04187,Quezon City,Metro Manila,NCR,2023-06-20
CUST-04188,Baguio,Benguet,CAR,2023-09-07
CUST-04189,Cagayan de Oro,Misamis Oriental,Northern Mindanao,2023-10-01
CUST-04190,Bacolod,Negros Occidental,Western Visayas,2023-02-25
CUST-04191,Davao City,Davao del Sur,Davao Region,2023-10-09
CUST-04192,Antipolo,Rizal,Calabarzon,2023-01-18
CUST-04193,Tacloban,Leyte,Eastern Visayas,2023-12-19
CUST-04194,Angeles,Pampanga,Central Luzon,2023-07-31
CUST-04195,Baguio,Benguet,CAR,2023-05-24
CUST-04196,Quezon City,Metro Manila,NCR,2023-01-11
CUST-04197,Makati,Metro Manila,NCR,2023-03-28
CUST-04198,Angeles,Pampanga,Central Luzon,2023-12-27
CUST-04199,Quezon City,Metro Manila,NCR,2023-04-03
CUST-04200,Mandaue,Cebu,Central Visayas,2023-09-05
CUST-04201,Tacloban,Leyte,Eastern Visayas,2023-02-22
CUST-04202,Cagayan de Oro,Misamis Oriental,Northern Mindanao,2023-03-25
CUST-04203,Quezon City,Metro Manila,NCR,2023-10-23
CUST-04204,Cagayan de Oro,Misamis Oriental,Northern Mindanao,2023-08-23
CUST-04205,Quezon City,Metro Manila,NCR,2023-03-08
CUST-04206,Santa Rosa,Laguna,Calabarzon,2023-01-30
CUST-04207,Tacloban,Leyte,Eastern Visayas,2023-05-26
CUST-04208,Quezon City,Metro Manila,NCR,2023-10-14
CUST-04209,Quezon City,Metro Manila,NCR,2023-08-12
CUST-04210,Quezon City,Metro Manila,NCR,2023-03-17
CUST-04211,Lipa,Batangas,Calabarzon,2023-05-28
CUST-04212,Bacolod,Negros Occidental,Western Visayas,2023-10-20
CUST-04213,Manila,Metro Manila,NCR,2023-09-19
CUST-04214,Manila,Metro Manila,NCR,2023-10-22
CUST-04215,Angeles,Pampanga,Central Luzon,2023-07-14
CUST-04216,Taguig,Metro Manila,NCR,2023-07-23
CUST-04217,Mandaue,Cebu,Central Visayas,2023-06-18
CUST-04218,Cagayan de Oro,Misamis Oriental,Northern Mindanao,2023-01-22
CUST-04219,Iloilo City,Iloilo,Western Visayas,2023-05-09
CUST-04220,Davao City,Davao del Sur,Davao Region,2023-06-02
CUST-04221,Lipa,Batangas,Calabarzon,2023-08-21
CUST-04222,Tacloban,Leyte,Eastern Visayas,2023-05-15
CUST-04223,Makati,Metro Manila,NCR,2023-01-18
CUST-04224,Quezon City,Metro Manila,NCR,2023-12-29
CUST-04225,Cebu City,Cebu,Central Visayas,2023-08-27
CUST-04226,Quezon City,Metro Manila,NCR,2023-12-12
CUST-04227,Davao City,Davao del Sur,Davao Region,2023-10-19
CUST-04228,Cebu City,Cebu,Central Visayas,2023-12-08
CUST-04229,Cagayan de Oro,Misamis Oriental,Northern Mindanao,2023-05-30
CUST-04230,Pasig,Metro Manila,NCR,2023-03-08
CUST-04231,Santa Rosa,Laguna,Calabarzon,2023-01-23
CUST-04232,Mandaue,Cebu,Central Visayas,2023-10-07
CUST-04233,Taguig,Metro Manila,NCR,2023-04-21
CUST-04234,Angeles,Pampanga,Central Luzon,2023-09-03
CUST-04235,Cebu City,Cebu,Central Visayas,2023-09-08
CUST-04236,General Santos,South Cotabato,SOCCSKSARGEN,2023-05-24
CUST-04237,Mandaue,Cebu,Central Visayas,2023-04-29
CUST-04238,Manila,Metro Manila,NCR,2023-06-02
CUST-04239,Santa Rosa,Laguna,Calabarzon,2023-11-26
CUST-04240,Malolos,Bulacan,Central Luzon,2023-08-05
CUST-04241,Manila,Metro Manila,NCR,2023-09-19
CUST-04242,Bacoor,Cavite,Calabarzon,2023-12-31
CUST-04243,Pasig,Metro Manila,NCR,2023-12-18
CUST-04244,Manila,Metro Manila,NCR,2023-07-21
CUST-04245,Lipa,Batangas,Calabarzon,2023-11-26
CUST-04246,Manila,Metro Manila,NCR,2023-04-07
CUST-04247,Malolos,Bulacan,Central Luzon,2023-12-12
CUST-04248,Manila,Metro Manila,NCR,2023-10-08
CUST-04249,Cebu City,Cebu,Central Visayas,2023-01-07
CUST-04250,Makati,Metro Manila,NCR,2023-04-18
CUST-04251,Davao City,Davao del Sur,Davao Region,2023-06-12
CUST-04252,Quezon City,Metro Manila,NCR,2023-12-27
CUST-04253,Lipa,Batangas,Calabarzon,2023-12-17
CUST-04254,Pasig,Metro Manila,NCR,2023-02-04
CUST-04255,Makati,Metro Manila,NCR,2023-03-16
CUST-04256,Santa Rosa,Laguna,Calabarzon,2023-01-20
CUST-04257,Tacloban,Leyte,Eastern Visayas,2023-03-13
CUST-04258,Davao City,Davao del Sur,Davao Region,2024-01-01
CUST-04259,Pasig,Metro Manila,NCR,2023-03-13
CUST-04260,Manila,Metro Manila,NCR,2023-07-18
CUST-04261,Cebu City,Cebu,Central Visayas,2023-04-24
CUST-04262,Malolos,Bulacan,Central Luzon,2023-08-03
CUST-04263,Makati,Metro Manila,NCR,2023-04-13
CUST-04264,Iloilo City,Iloilo,Western Visayas,2023-02-28
CUST-04265,Lipa,Batangas,Calabarzon,2023-01-11
CUST-04266,Legazpi,Albay,Bicol,2023-06-18
CUST-04267,Antipolo,Rizal,Calabarzon,2023-09-22
CUST-04268,Bacoor,Cavite,Calabarzon,2023-05-23
CUST-04269,Makati,Metro Manila,NCR,2023-07-03
CUST-04270,Iloilo City,Iloilo,Western Visayas,2023-10-20
CUST-04271,Manila,Metro Manila,NCR,2023-04-12
CUST-04272,Iloilo City,Iloilo,Western Visayas,2023-12-04
CUST-04273,Bacolod,Negros Occidental,Western Visayas,2023-08-07
CUST-04274,Mandaue,Cebu,Central Visayas,2023-04-24
CUST-04275,Quezon City,Metro Manila,NCR,2023-01-30
CUST-04276,Taguig,Metro Manila,NCR,2023-05-20
CUST-04277,Santa Rosa,Laguna,Calabarzon,2023-01-09
CUST-04278,Malolos,Bulacan,Central Luzon,2023-03-04
CUST-04279,Cagayan de Oro,Misamis Oriental,Northern Mindanao,2023-10-07
CUST-04280,Antipolo,Rizal,Calabarzon,2023-02-27
CUST-04281,Davao City,Davao del Sur,Davao Region,2023-09-01
CUST-04282,Manila,Metro Manila,NCR,2023-05-16
CUST-04283,Antipolo,Rizal,Calabarzon,2023-10-20
CUST-04284,Quezon City,Metro Manila,NCR,2023-06-19
CUST-04285,Mandaue,Cebu,Central Visayas,2023-04-28
CUST-04286,Manila,Metro Manila,NCR,2023-02-02
CUST-04287,Taguig,Metro Manila,NCR,2023-01-22
CUST-04288,Iloilo City,Iloilo,Western Visayas,2023-03-15
CUST-04289,Angeles,Pampanga,Central Luzon,2023-06-12
CUST-04290,Quezon City,Metro Manila,NCR,2023-02-13
CUST-04291,Quezon City,Metro Manila,NCR,2023-11-24
CUST-04292,Lipa,Batangas,Calabarzon,2023-01-03
CUST-04293,Pasig,Metro Manila,NCR,2023-10-19
CUST-04294,Makati,Metro Manila,NCR,2023-08-07
CUST-04295,Baguio,Benguet,CAR,2023-02-04
CUST-04296,Taguig,Metro Manila,NCR,2023-04-15
CUST-04297,Malolos,Bulacan,Central Luzon,2023-02-25
CUST-04298,Antipolo,Rizal,Calabarzon,2023-04-25
CUST-04299,Makati,Metro Manila,NCR,2023-05-27
CUST-04300,Manila,Metro Manila,NCR,2023-10-30
CUST-04301,Taguig,Metro Manila,NCR,2023-01-03
CUST-04302,Quezon City,Metro Manila,NCR,2023-05-14
CUST-04303,Pasig,Metro Manila,NCR,2023-05-03
CUST-04304,Davao City,Davao del Sur,Davao Region,2023-07-29
CUST-04305,Tacloban,Leyte,Eastern Visayas,2023-01-19
CUST-04306,Antipolo,Rizal,Calabarzon,2023-07-21
CUST-04307,Malolos,Bulacan,Central Luzon,2023-10-24
CUST-04308,Angeles,Pampanga,Central Luzon,2023-10-28
CUST-04309,Tacloban,Leyte,Eastern Visayas,2023-04-22
CUST-04310,Taguig,Metro Manila,NCR,2023-04-05
CUST-04311,Pasig,Metro Manila,NCR,2023-10-18
CUST-04312,Pasig,Metro Manila,NCR,2023-04-22
CUST-04313,Quezon City,Metro Manila,NCR,2023-01-02
CUST-04314,Pasig,Metro Manila,NCR,2023-06-21
CUST-04315,Davao City,Davao del Sur,Davao Region,2023-01-12
CUST-04316,Davao City,Davao del Sur,Davao Region,2023-11-05
CUST-04317,Manila,Metro Manila,NCR,2023-08-07
CUST-04318,Santa Rosa,Laguna,Calabarzon,2023-06-12
CUST-04319,Antipolo,Rizal,Calabarzon,2023-08-24
CUST-04320,Lipa,Batangas,Calabarzon,2023-11-26
CUST-04321,Angeles,Pampanga,Central Luzon,2023-07-18
CUST-04322,Quezon City,Metro Manila,NCR,2023-08-31
CUST-04323,Tacloban,Leyte,Eastern Visayas,2023-10-19
CUST-04324,Zamboanga City,Zamboanga del Sur,Zamboanga Peninsula,2023-08-19
CUST-04325,Legazpi,Albay,Bicol,2023-08-02
CUST-04326,Cebu City,Cebu,Central Visayas,2023-02-13
CUST-04327,Angeles,Pampanga,Central Luzon,2023-07-06
CUST-04328,Caloocan,Metro Manila,NCR,2023-08-03
CUST-04329,Manila,Metro Manila,NCR,2023-08-12
CUST-04330,Malolos,Bulacan,Central Luzon,2023-05-28
CUST-04331,Quezon City,Metro Manila,NCR,2023-09-23
CUST-04332,Tacloban,Leyte,Eastern Visayas,2023-02-16
CUST-04333,Bacoor,Cavite,Calabarzon,2023-08-02
CUST-04334,Bacoor,Cavite,Calabarzon,2023-07-30
CUST-04335,Caloocan,Metro Manila,NCR,2023-12-09
CUST-04336,Zamboanga City,Zamboanga del Sur,Zamboanga Peninsula,2023-02-13
CUST-04337,Manila,Metro Manila,NCR,2023-07-14
CUST-04338,Manila,Metro Manila,NCR,2023-11-13
CUST-04339,Manila,Metro Manila,NCR,2023-10-31
CUST-04340,Cebu City,Cebu,Central Visayas,2023-08-21
CUST-04341,General Santos,South Cotabato,SOCCSKSARGEN,2023-03-23
CUST-04342,Taguig,Metro Manila,NCR,2023-11-28
CUST-04343,Davao City,Davao del Sur,Davao Region,2023-11-19
CUST-04344,Pasig,Metro Manila,NCR,2023-06-11
CUST-04345,Legazpi,Albay,Bicol,2023-07-03
CUST-04346,Quezon City,Metro Manila,NCR,2023-01-17
CUST-04347,Lipa,Batangas,Calabarzon,2023-04-02
CUST-04348,Legazpi,Albay,Bicol,2023-05-07
CUST-04349,Angeles,Pampanga,Central Luzon,2023-09-01
CUST-04350,Taguig,Metro Manila,NCR,2023-05-18
CUST-04351,Tacloban,Leyte,Eastern Visayas,2023-06-02
CUST-04352,Zamboanga City,Zamboanga del Sur,Zamboanga Peninsula,2023-09-22
CUST-04353,Santa Rosa,Laguna,Calabarzon,2023-08-19
CUST-04354,Legazpi,Albay,Bicol,2023-01-27
CUST-04355,Bacolod,Negros Occidental,Western Visayas,2023-06-19
CUST-04356,Taguig,Metro Manila,NCR,2023-07-13
CUST-04357,Davao City,Davao del Sur,Davao Region,2023-03-17
CUST-04358,Pasig,Metro Manila,NCR,2023-09-26
CUST-04359,Iloilo City,Iloilo,Western Visayas,2023-10-13
CUST-04360,Manila,Metro Manila,NCR,2023-01-06
CUST-04361,Pasig,Metro Manila,NCR,2023-03-14
CUST-04362,Angeles,Pampanga,Central Luzon,2023-07-31
CUST-04363,Angeles,Pampanga,Central Luzon,2023-01-21
CUST-04364,Davao City,Davao del Sur,Davao Region,2023-08-19
CUST-04365,General Santos,South Cotabato,SOCCSKSARGEN,2023-04-30
CUST-04366,Manila,Metro Manila,NCR,2023-12-20
CUST-04367,Taguig,Metro Manila,NCR,2023-04-22
CUST-04368,Antipolo,Rizal,Calabarzon,2023-10-28
CUST-04369,Santa Rosa,Laguna,Calabarzon,2023-10-05
CUST-04370,Lipa,Batangas,Calabarzon,2023-03-12
CUST-04371,Davao City,Davao del Sur,Davao Region,2023-10-18
CUST-04372,Iloilo City,Iloilo,Western Visayas,2023-07-09
CUST-04373,Quezon City,Metro Manila,NCR,2023-01-30
CUST-04374,Santa Rosa,Laguna,Calabarzon,2023-01-18
CUST-04375,Baguio,Benguet,CAR,2023-07-23
CUST-04376,Santa Rosa,Laguna,Calabarzon,2023-12-02
CUST-04377,Manila,Metro Manila,NCR,2023-09-19
CUST-04378,Antipolo,Rizal,Calabarzon,2023-05-22
CUST-04379,Bacoor,Cavite,Calabarzon,2023-09-01
CUST-04380,Makati,Metro Manila,NCR,2023-04-14
CUST-04381,Iloilo City,Iloilo,Western Visayas,2023-01-04
CUST-04382,Pasig,Metro Manila,NCR,2023-05-20
CUST-04383,Malolos,Bulacan,Central Luzon,2023-05-18
CUST-04384,Lipa,Batangas,Calabarzon,2023-06-22
CUST-04385,Davao City,Davao del Sur,Davao Region,2023-10-25
CUST-04386,Manila,Metro Manila,NCR,2023-06-04
CUST-04387,Manila,Metro Manila,NCR,2023-01-26
CUST-04388,Pasig,Metro Manila,NCR,2023-04-25
CUST-04389,Bacoor,Cavite,Calabarzon,2023-04-02
CUST-04390,Pasig,Metro Manila,NCR,2023-02-20
CUST-04391,Iloilo City,Iloilo,Western Visayas,2023-08-13
CUST-04392,Taguig,Metro Manila,NCR,2023-09-01
CUST-04393,Quezon City,Metro Manila,NCR,2023-01-12
CUST-04394,Bacoor,Cavite,Calabarzon,2023-07-18
CUST-04395,Iloilo City,Iloilo,Western Visayas,2023-04-09
CUST-04396,Davao City,Davao del Sur,Davao Region,2023-05-14
CUST-04397,Mandaue,Cebu,Central Visayas,2023-11-17
CUST-04398,Angeles,Pampanga,Central Luzon,2023-09-09
CUST-04399,Cebu City,Cebu,Central Visayas,2023-09-04
CUST-04400,Cebu City,Cebu,Central Visayas,2023-10-28
CUST-04401,Taguig,Metro Manila,NCR,2023-03-23
CUST-04402,Angeles,Pampanga,Central Luzon,2023-01-14
CUST-04403,Iloilo City,Iloilo,Western Visayas,2023-01-14
CUST-04404,Pasig,Metro Manila,NCR,2023-10-22
CUST-04405,Legazpi,Albay,Bicol,2023-07-21
CUST-04406,Santa Rosa,Laguna,Calabarzon,2023-10-09
CUST-04407,Lipa,Batangas,Calabarzon,2023-12-10
CUST-04408,Quezon City,Metro Manila,NCR,2023-05-21
CUST-04409,Cebu City,Cebu,Central Visayas,2023-02-22
CUST-04410,Davao City,Davao del Sur,Davao Region,2023-12-04
CUST-04411,Manila,Metro Manila,NCR,2023-05-12
CUST-04412,Antipolo,Rizal,Calabarzon,2023-12-20
CUST-04413,Quezon City,Metro Manila,NCR,2023-02-28
CUST-04414,Quezon City,Metro Manila,NCR,2023-12-09
CUST-04415,General Santos,South Cotabato,SOCCSKSARGEN,2023-07-27
CUST-04416,Lipa,Batangas,Calabarzon,2023-11-18
CUST-04417,Caloocan,Metro Manila,NCR,2023-08-04
CUST-04418,Pasig,Metro Manila,NCR,2023-07-29
CUST-04419,General Santos,South Cotabato,SOCCSKSARGEN,2023-06-18
CUST-04420,Taguig,Metro Manila,NCR,2023-03-05
CUST-04421,Cebu City,Cebu,Central Visayas,2023-01-03
CUST-04422,Pasig,Metro Manila,NCR,2023-08-30
CUST-04423,Quezon City,Metro Manila,NCR,2023-01-30
CUST-04424,Cebu City,Cebu,Central Visayas,2023-07-29
CUST-04425,Quezon City,Metro Manila,NCR,2023-11-19
CUST-04426,Cebu City,Cebu,Central Visayas,2023-05-27
CUST-04427,Taguig,Metro Manila,NCR,2023-04-13
CUST-04428,Mandaue,Cebu,Central Visayas,2023-09-13
CUST-04429,Iloilo City,Iloilo,Western Visayas,2023-05-31
CUST-04430,Cebu City,Cebu,Central Visayas,2023-07-28
CUST-04431,Quezon City,Metro Manila,NCR,2023-11-10
CUST-04432,Cebu City,Cebu,Central Visayas,2023-08-13
CUST-04433,General Santos,South Cotabato,SOCCSKSARGEN,2023-07-29
CUST-04434,Taguig,Metro Manila,NCR,2023-08-30
CUST-04435,Pasig,Metro Manila,NCR,2023-02-01
CUST-04436,Bacolod,Negros Occidental,Western Visayas,2023-08-13
CUST-04437,Manila,Metro Manila,NCR,2023-05-18
CUST-04438,Cebu City,Cebu,Central Visayas,2023-12-28
CUST-04439,Iloilo City,Iloilo,Western Visayas,2023-09-09
CUST-04440,Quezon City,Metro Manila,NCR,2023-02-12
CUST-04441,Angeles,Pampanga,Central Luzon,2023-02-10
CUST-04442,Malolos,Bulacan,Central Luzon,2023-01-10
CUST-04443,Pasig,Metro Manila,NCR,2023-12-12
CUST-04444,Davao City,Davao del Sur,Davao Region,2023-02-21
CUST-04445,Manila,Metro Manila,NCR,2023-09-26
CUST-04446,Antipolo,Rizal,Calabarzon,2023-12-30
CUST-04447,Davao City,Davao del Sur,Davao Region,2023-11-29
CUST-04448,Makati,Metro Manila,NCR,2023-04-02
CUST-04449,Bacolod,Negros Occidental,Western Visayas,2023-05-30
CUST-04450,Quezon City,Metro Manila,NCR,2023-06-06
CUST-04451,Lipa,Batangas,Calabarzon,2023-02-14
CUST-04452,Quezon City,Metro Manila,NCR,2023-11-28
CUST-04453,Cebu City,Cebu,Central Visayas,2023-12-02
CUST-04454,Bacolod,Negros Occidental,Western Visayas,2023-01-26
CUST-04455,Davao City,Davao del Sur,Davao Region,2023-05-25
CUST-04456,General Santos,South Cotabato,SOCCSKSARGEN,2023-03-24
CUST-04457,Cebu City,Cebu,Central Visayas,2023-06-24
CUST-04458,Iloilo City,Iloilo,Western Visayas,2023-11-09
CUST-04459,Lipa,Batangas,Calabarzon,2023-06-25
CUST-04460,Davao City,Davao del Sur,Davao Region,2023-01-15
CUST-04461,Legazpi,Albay,Bicol,2023-11-20
CUST-04462,Davao City,Davao del Sur,Davao Region,2023-11-16
CUST-04463,Taguig,Metro Manila,NCR,2023-08-28
CUST-04464,Lipa,Batangas,Calabarzon,2023-07-20
CUST-04465,Mandaue,Cebu,Central Visayas,2023-05-17
CUST-04466,Makati,Metro Manila,NCR,2023-11-04
CUST-04467,Makati,Metro Manila,NCR,2023-01-26
CUST-04468,General Santos,South Cotabato,SOCCSKSARGEN,2023-11-08
CUST-04469,Bacoor,Cavite,Calabarzon,2023-10-20
CUST-04470,Makati,Metro Manila,NCR,2023-01-13
CUST-04471,Caloocan,Metro Manila,NCR,2023-08-17
CUST-04472,Antipolo,Rizal,Calabarzon,2023-06-07
CUST-04473,Baguio,Benguet,CAR,2023-07-27
CUST-04474,Cagayan de Oro,Misamis Oriental,Northern Mindanao,2023-09-29
CUST-04475,General Santos,South Cotabato,SOCCSKSARGEN,2023-07-01
CUST-04476,Legazpi,Albay,Bicol,2023-03-24
CUST-04477,Cebu City,Cebu,Central Visayas,2023-12-28
CUST-04478,Caloocan,Metro Manila,NCR,2023-02-16
CUST-04479,Davao City,Davao del Sur,Davao Region,2023-10-26
CUST-04480,Makati,Metro Manila,NCR,2023-02-01
CUST-04481,Quezon City,Metro Manila,NCR,2023-01-15
CUST-04482,Zamboanga City,Zamboanga del Sur,Zamboanga Peninsula,2023-01-26
CUST-04483,Davao City,Davao del Sur,Davao Region,2023-05-09
CUST-04484,Pasig,Metro Manila,NCR,2023-02-05
CUST-04485,Cebu City,Cebu,Central Visayas,2023-02-22
CUST-04486,Santa Rosa,Laguna,Calabarzon,2023-05-13
CUST-04487,Caloocan,Metro Manila,NCR,2023-02-10
CUST-04488,Pasig,Metro Manila,NCR,2023-08-29
CUST-04489,Manila,Metro Manila,NCR,2023-03-03
CUST-04490,Angeles,Pampanga,Central Luzon,2023-01-29
CUST-04491,Bacoor,Cavite,Calabarzon,2023-05-15
CUST-04492,Lipa,Batangas,Calabarzon,2023-11-18
CUST-04493,Makati,Metro Manila,NCR,2023-10-15
CUST-04494,Cagayan de Oro,Misamis Oriental,Northern Mindanao,2023-11-01
CUST-04495,Legazpi,Albay,Bicol,2023-06-21
CUST-04496,Davao City,Davao del Sur,Davao Region,2023-07-27
CUST-04497,Manila,Metro Manila,NCR,2023-03-06
CUST-04498,Baguio,Benguet,CAR,2023-09-20
CUST-04499,Davao City,Davao del Sur,Davao Region,2023-11-02
CUST-04500,Caloocan,Metro Manila,NCR,2023-05-22
CUST-04501,Makati,Metro Manila,NCR,2023-11-12
CUST-04502,Taguig,Metro Manila,NCR,2023-02-05
CUST-04503,Taguig,Metro Manila,NCR,2023-12-03
CUST-04504,Bacoor,Cavite,Calabarzon,2023-07-06
CUST-04505,Caloocan,Metro Manila,NCR,2023-01-20
CUST-04506,Taguig,Metro Manila,NCR,2023-06-13
CUST-04507,Legazpi,Albay,Bicol,2023-03-12
CUST-04508,Quezon City,Metro Manila,NCR,2023-07-31
CUST-04509,Caloocan,Metro Manila,NCR,2023-04-01
CUST-04510,Cebu City,Cebu,Central Visayas,2023-04-18
CUST-04511,Manila,Metro Manila,NCR,2023-06-28
CUST-04512,Makati,Metro Manila,NCR,2023-11-26
CUST-04513,Makati,Metro Manila,NCR,2023-01-12
CUST-04514,Quezon City,Metro Manila,NCR,2023-12-15
CUST-04515,Santa Rosa,Laguna,Calabarzon,2023-08-24
CUST-04516,Quezon City,Metro Manila,NCR,2023-05-12
CUST-04517,Taguig,Metro Manila,NCR,2023-03-27
CUST-04518,General Santos,South Cotabato,SOCCSKSARGEN,2023-06-20
CUST-04519,Cagayan de Oro,Misamis Oriental,Northern Mindanao,2023-08-08
CUST-04520,Makati,Metro Manila,NCR,2023-08-06
CUST-04521,Pasig,Metro Manila,NCR,2023-01-10
CUST-04522,Santa Rosa,Laguna,Calabarzon,2023-09-02
CUST-04523,Tacloban,Leyte,Eastern Visayas,2023-02-24
CUST-04524,Bacolod,Negros Occidental,Western Visayas,2023-12-14
CUST-04525,Manila,Metro Manila,NCR,2023-05-06
CUST-04526,Manila,Metro Manila,NCR,2023-04-28
CUST-04527,Bacoor,Cavite,Calabarzon,2023-04-30
CUST-04528,Davao City,Davao del Sur,Davao Region,2023-08-01
CUST-04529,Davao City,Davao del Sur,Davao Region,2023-04-24
CUST-04530,Manila,Metro Manila,NCR,2023-07-23
CUST-04531,Malolos,Bulacan,Central Luzon,2023-05-30
CUST-04532,Manila,Metro Manila,NCR,2023-02-09
CUST-04533,Cebu City,Cebu,Central Visayas,2023-05-01
CUST-04534,Davao City,Davao del Sur,Davao Region,2023-04-07
CUST-04535,Santa Rosa,Laguna,Calabarzon,2023-01-13
CUST-04536,Quezon City,Metro Manila,NCR,2023-10-13
CUST-04537,Malolos,Bulacan,Central Luzon,2023-06-01
CUST-04538,Bacoor,Cavite,Calabarzon,2023-05-07
CUST-04539,Bacolod,Negros Occidental,Western Visayas,2023-04-23
CUST-04540,Caloocan,Metro Manila,NCR,2023-11-14
CUST-04541,Davao City,Davao del Sur,Davao Region,2023-03-30
CUST-04542,Taguig,Metro Manila,NCR,2023-10-23
CUST-04543,Manila,Metro Manila,NCR,2023-08-05
CUST-04544,Pasig,Metro Manila,NCR,2023-04-16
CUST-04545,Quezon City,Metro Manila,NCR,2023-09-27
CUST-04546,Pasig,Metro Manila,NCR,2023-11-17
CUST-04547,Cebu City,Cebu,Central Visayas,2023-04-30
CUST-04548,Manila,Metro Manila,NCR,2023-09-21
CUST-04549,Manila,Metro Manila,NCR,2023-03-06
CUST-04550,Manila,Metro Manila,NCR,2023-02-08
CUST-04551,Quezon City,Metro Manila,NCR,2023-08-27
CUST-04552,Davao City,Davao del Sur,Davao Region,2023-04-07
CUST-04553,Cagayan de Oro,Misamis Oriental,Northern Mindanao,2023-10-12
CUST-04554,Quezon City,Metro Manila,NCR,2023-01-27
CUST-04555,Iloilo City,Iloilo,Western Visayas,2023-10-04
CUST-04556,Mandaue,Cebu,Central Visayas,2023-02-14
CUST-04557,General Santos,South Cotabato,SOCCSKSARGEN,2023-03-20
CUST-04558,Caloocan,Metro Manila,NCR,2023-09-09
CUST-04559,Pasig,Metro Manila,NCR,2023-03-07
CUST-04560,Santa Rosa,Laguna,Calabarzon,2023-05-16
CUST-04561,Davao City,Davao del Sur,Davao Region,2023-05-02
CUST-04562,Mandaue,Cebu,Central Visayas,2023-08-16
CUST-04563,Santa Rosa,Laguna,Calabarzon,2023-10-08
CUST-04564,Taguig,Metro Manila,NCR,2023-04-22
CUST-04565,Mandaue,Cebu,Central Visayas,2023-12-13
CUST-04566,Davao City,Davao del Sur,Davao Region,2023-08-27
CUST-04567,Antipolo,Rizal,Calabarzon,2023-11-11
CUST-04568,Cebu City,Cebu,Central Visayas,2024-01-01
CUST-04569,Antipolo,Rizal,Calabarzon,2023-12-30
CUST-04570,Santa Rosa,Laguna,Calabarzon,2023-11-28
CUST-04571,Angeles,Pampanga,Central Luzon,2023-01-24
CUST-04572,Iloilo City,Iloilo,Western Visayas,2023-03-26
CUST-04573,General Santos,South Cotabato,SOCCSKSARGEN,2023-01-05
CUST-04574,Bacoor,Cavite,Calabarzon,2023-12-02
CUST-04575,Caloocan,Metro Manila,NCR,2023-01-02
CUST-04576,Antipolo,Rizal,Calabarzon,2023-05-28
CUST-04577,Manila,Metro Manila,NCR,2023-03-18
CUST-04578,Pasig,Metro Manila,NCR,2023-02-22
CUST-04579,Quezon City,Metro Manila,NCR,2023-09-28
CUST-04580,Bacoor,Cavite,Calabarzon,2023-04-06
CUST-04581,Manila,Metro Manila,NCR,2023-05-10
CUST-04582,Caloocan,Metro Manila,NCR,2023-08-04
CUST-04583,Bacolod,Negros Occidental,Western Visayas,2023-07-06
CUST-04584,Taguig,Metro Manila,NCR,2023-10-17
CUST-04585,Baguio,Benguet,CAR,2023-10-26
CUST-04586,Davao City,Davao del Sur,Davao Region,2023-01-30
CUST-04587,Angeles,Pampanga,Central Luzon,2023-04-09
CUST-04588,Makati,Metro Manila,NCR,2023-06-09
CUST-04589,Caloocan,Metro Manila,NCR,2023-04-23
CUST-04590,Malolos,Bulacan,Central Luzon,2023-08-07
CUST-04591,Lipa,Batangas,Calabarzon,2023-10-02
CUST-04592,Manila,Metro Manila,NCR,2023-01-23
CUST-04593,Bacoor,Cavite,Calabarzon,2023-01-05
CUST-04594,Angeles,Pampanga,Central Luzon,2023-10-15
CUST-04595,Taguig,Metro Manila,NCR,2023-03-15
CUST-04596,Baguio,Benguet,CAR,2023-07-24
CUST-04597,Quezon City,Metro Manila,NCR,2023-04-18
CUST-04598,Caloocan,Metro Manila,NCR,2023-11-23
CUST-04599,Bacolod,Negros Occidental,Western Visayas,2023-07-10
CUST-04600,Taguig,Metro Manila,NCR,2023-11-17
CUST-04601,Malolos,Bulacan,Central Luzon,2023-03-10
CUST-04602,Bacoor,Cavite,Calabarzon,2023-08-09
CUST-04603,Pasig,Metro Manila,NCR,2023-09-27
CUST-04604,Davao City,Davao del Sur,Davao Region,2023-04-21
CUST-04605,Caloocan,Metro Manila,NCR,2023-01-18
CUST-04606,Taguig,Metro Manila,NCR,2023-08-31
CUST-04607,Davao City,Davao del Sur,Davao Region,2023-04-15
CUST-04608,Mandaue,Cebu,Central Visayas,2023-04-25
CUST-04609,Cebu City,Cebu,Central Visayas,2023-07-07
CUST-04610,Quezon City,Metro Manila,NCR,2023-03-14
CUST-04611,Manila,Metro Manila,NCR,2023-11-16
CUST-04612,Legazpi,Albay,Bicol,2023-02-15
CUST-04613,Makati,Metro Manila,NCR,2023-08-07
CUST-04614,Makati,Metro Manila,NCR,2023-12-16
CUST-04615,Iloilo City,Iloilo,Western Visayas,2023-01-05
CUST-04616,Pasig,Metro Manila,NCR,2023-03-25
CUST-04617,Quezon City,Metro Manila,NCR,2023-03-10
CUST-04618,Quezon City,Metro Manila,NCR,2023-11-09
CUST-04619,Bacoor,Cavite,Calabarzon,2023-04-03
CUST-04620,Baguio,Benguet,CAR,2023-04-22
CUST-04621,Davao City,Davao del Sur,Davao Region,2023-02-06
CUST-04622,Manila,Metro Manila,NCR,2023-08-19
CUST-04623,Makati,Metro Manila,NCR,2023-01-28
CUST-04624,Angeles,Pampanga,Central Luzon,2023-04-18
CUST-04625,Antipolo,Rizal,Calabarzon,2023-10-01
CUST-04626,Santa Rosa,Laguna,Calabarzon,2023-10-15
CUST-04627,Cagayan de Oro,Misamis Oriental,Northern Mindanao,2023-02-06
CUST-04628,Angeles,Pampanga,Central Luzon,2023-05-11
CUST-04629,Bacoor,Cavite,Calabarzon,2023-11-19
CUST-04630,General Santos,South Cotabato,SOCCSKSARGEN,2023-11-17
CUST-04631,Quezon City,Metro Manila,NCR,2023-03-05
CUST-04632,Cagayan de Oro,Misamis Oriental,Northern Mindanao,2023-11-01
CUST-04633,Lipa,Batangas,Calabarzon,2023-10-14
CUST-04634,Lipa,Batangas,Calabarzon,2023-05-22
CUST-04635,Cagayan de Oro,Misamis Oriental,Northern Mindanao,2023-02-20
CUST-04636,Lipa,Batangas,Calabarzon,2023-09-01
CUST-04637,Bacoor,Cavite,Calabarzon,2023-05-04
CUST-04638,Taguig,Metro Manila,NCR,2023-04-20
CUST-04639,Cebu City,Cebu,Central Visayas,2023-05-27
CUST-04640,Angeles,Pampanga,Central Luzon,2023-04-26
CUST-04641,Makati,Metro Manila,NCR,2023-10-10
CUST-04642,Cebu City,Cebu,Central Visayas,2023-05-20
CUST-04643,Legazpi,Albay,Bicol,2023-12-31
CUST-04644,Antipolo,Rizal,Calabarzon,2023-04-10
CUST-04645,Quezon City,Metro Manila,NCR,2023-03-18
CUST-04646,Bacoor,Cavite,Calabarzon,2023-03-18
CUST-04647,Quezon City,Metro Manila,NCR,2023-12-22
CUST-04648,Quezon City,Metro Manila,NCR,2023-02-03
CUST-04649,Bacoor,Cavite,Calabarzon,2023-07-27
CUST-04650,Quezon City,Metro Manila,NCR,2023-12-03
CUST-04651,Pasig,Metro Manila,NCR,2023-06-20
CUST-04652,Cebu City,Cebu,Central Visayas,2023-06-07
CUST-04653,Pasig,Metro Manila,NCR,2023-08-08
CUST-04654,General Santos,South Cotabato,SOCCSKSARGEN,2023-04-03
CUST-04655,Davao City,Davao del Sur,Davao Region,2023-06-17
CUST-04656,Malolos,Bulacan,Central Luzon,2023-10-14
CUST-04657,Zamboanga City,Zamboanga del Sur,Zamboanga Peninsula,2023-05-20
CUST-04658,Davao City,Davao del Sur,Davao Region,2023-09-27
CUST-04659,Pasig,Metro Manila,NCR,2023-11-19
CUST-04660,Mandaue,Cebu,Central Visayas,2023-09-26
CUST-04661,Manila,Metro Manila,NCR,2023-02-05
CUST-04662,Cebu City,Cebu,Central Visayas,2023-06-07
CUST-04663,Lipa,Batangas,Calabarzon,2023-09-08
CUST-04664,Quezon City,Metro Manila,NCR,2023-08-21
CUST-04665,Pasig,Metro Manila,NCR,2023-02-22
CUST-04666,Zamboanga City,Zamboanga del Sur,Zamboanga Peninsula,2023-05-03
CUST-04667,Pasig,Metro Manila,NCR,2023-03-25
CUST-04668,Makati,Metro Manila,NCR,2023-05-24
CUST-04669,Makati,Metro Manila,NCR,2023-01-04
CUST-04670,Santa Rosa,Laguna,Calabarzon,2023-05-07
CUST-04671,Tacloban,Leyte,Eastern Visayas,2023-08-08
CUST-04672,Iloilo City,Iloilo,Western Visayas,2023-10-01
CUST-04673,Bacoor,Cavite,Calabarzon,2023-12-16
CUST-04674,Makati,Metro Manila,NCR,2023-03-27
CUST-04675,Quezon City,Metro Manila,NCR,2023-01-26
CUST-04676,Santa Rosa,Laguna,Calabarzon,2023-05-04
CUST-04677,Bacolod,Negros Occidental,Western Visayas,2023-07-08
CUST-04678,Mandaue,Cebu,Central Visayas,2023-11-15
CUST-04679,Bacoor,Cavite,Calabarzon,2023-05-11
CUST-04680,Malolos,Bulacan,Central Luzon,2023-10-20
CUST-04681,Bacoor,Cavite,Calabarzon,2023-05-19
CUST-04682,Malolos,Bulacan,Central Luzon,2023-09-14
CUST-04683,Lipa,Batangas,Calabarzon,2023-02-19
CUST-04684,Cebu City,Cebu,Central Visayas,2023-01-25
CUST-04685,Lipa,Batangas,Calabarzon,2023-10-08
CUST-04686,Cagayan de Oro,Misamis Oriental,Northern Mindanao,2023-09-04
CUST-04687,Bacoor,Cavite,Calabarzon,2023-01-30
CUST-04688,Quezon City,Metro Manila,NCR,2023-12-25
CUST-04689,Taguig,Metro Manila,NCR,2023-06-27
CUST-04690,Lipa,Batangas,Calabarzon,2023-11-11
CUST-04691,Angeles,Pampanga,Central Luzon,2023-07-27
CUST-04692,Angeles,Pampanga,Central Luzon,2023-12-21
CUST-04693,Cebu City,Cebu,Central Visayas,2023-11-11
CUST-04694,Pasig,Metro Manila,NCR,2023-08-07
CUST-04695,Cebu City,Cebu,Central Visayas,2023-12-11
CUST-04696,Cebu City,Cebu,Central Visayas,2023-03-17
CUST-04697,Bacoor,Cavite,Calabarzon,2023-06-05
CUST-04698,Antipolo,Rizal,Calabarzon,2023-07-21
CUST-04699,Makati,Metro Manila,NCR,2023-07-13
CUST-04700,Bacoor,Cavite,Calabarzon,2023-03-01
CUST-04701,Bacolod,Negros Occidental,Western Visayas,2023-02-27
CUST-04702,Davao City,Davao del Sur,Davao Region,2023-12-15
CUST-04703,Malolos,Bulacan,Central Luzon,2023-04-26
CUST-04704,Pasig,Metro Manila,NCR,2023-07-14
CUST-04705,Cebu City,Cebu,Central Visayas,2023-03-22
CUST-04706,Mandaue,Cebu,Central Visayas,2023-03-20
CUST-04707,Caloocan,Metro Manila,NCR,2023-04-18
CUST-04708,Tacloban,Leyte,Eastern Visayas,2023-04-30
CUST-04709,Quezon City,Metro Manila,NCR,2023-10-16
CUST-04710,Quezon City,Metro Manila,NCR,2023-02-24
CUST-04711,Manila,Metro Manila,NCR,2023-04-21
CUST-04712,Manila,Metro Manila,NCR,2023-09-24
CUST-04713,Davao City,Davao del Sur,Davao Region,2023-10-09
CUST-04714,Bacoor,Cavite,Calabarzon,2023-07-03
CUST-04715,Pasig,Metro Manila,NCR,2023-08-29
CUST-04716,Bacoor,Cavite,Calabarzon,2023-04-29
CUST-04717,Antipolo,Rizal,Calabarzon,2023-08-06
CUST-04718,Pasig,Metro Manila,NCR,2023-11-01
CUST-04719,Manila,Metro Manila,NCR,2023-08-10
CUST-04720,Cebu City,Cebu,Central Visayas,2023-03-10
CUST-04721,Manila,Metro Manila,NCR,2023-03-04
CUST-04722,Iloilo City,Iloilo,Western Visayas,2023-09-10
CUST-04723,Makati,Metro Manila,NCR,2023-03-17
CUST-04724,Mandaue,Cebu,Central Visayas,2023-11-28
CUST-04725,Bacolod,Negros Occidental,Western Visayas,2023-01-07
CUST-04726,Manila,Metro Manila,NCR,2023-03-28
CUST-04727,Quezon City,Metro Manila,NCR,2023-12-18
CUST-04728,Cagayan de Oro,Misamis Oriental,Northern Mindanao,2023-04-19
CUST-04729,Santa Rosa,Laguna,Calabarzon,2023-07-05
CUST-04730,Baguio,Benguet,CAR,2023-02-13
CUST-04731,Quezon City,Metro Manila,NCR,2023-10-06
CUST-04732,Pasig,Metro Manila,NCR,2023-02-10
CUST-04733,Lipa,Batangas,Calabarzon,2023-02-18
CUST-04734,Davao City,Davao del Sur,Davao Region,2023-09-22
CUST-04735,Taguig,Metro Manila,NCR,2023-07-28
CUST-04736,Iloilo City,Iloilo,Western Visayas,2023-05-12
CUST-04737,Cebu City,Cebu,Central Visayas,2023-10-06
CUST-04738,Manila,Metro Manila,NCR,2023-01-02
CUST-04739,Pasig,Metro Manila,NCR,2023-10-24
CUST-04740,Taguig,Metro Manila,NCR,2023-10-05
CUST-04741,Bacoor,Cavite,Calabarzon,2023-07-03
CUST-04742,Legazpi,Albay,Bicol,2023-07-13
CUST-04743,Bacoor,Cavite,Calabarzon,2023-12-14
CUST-04744,Taguig,Metro Manila,NCR,2023-02-03
CUST-04745,Cebu City,Cebu,Central Visayas,2023-10-06
CUST-04746,Malolos,Bulacan,Central Luzon,2023-11-25
CUST-04747,Lipa,Batangas,Calabarzon,2023-06-26
CUST-04748,Angeles,Pampanga,Central Luzon,2023-01-28
CUST-04749,Makati,Metro Manila,NCR,2024-01-01
CUST-04750,Cebu City,Cebu,Central Visayas,2023-07-07
CUST-04751,Antipolo,Rizal,Calabarzon,2023-02-03
CUST-04752,Antipolo,Rizal,Calabarzon,2023-02-10
CUST-04753,Manila,Metro Manila,NCR,2023-10-31
CUST-04754,Malolos,Bulacan,Central Luzon,2023-05-20
CUST-04755,Malolos,Bulacan,Central Luzon,2023-03-02
CUST-04756,Caloocan,Metro Manila,NCR,2023-05-01
CUST-04757,Davao City,Davao del Sur,Davao Region,2023-05-07
CUST-04758,Davao City,Davao del Sur,Davao Region,2023-03-25
CUST-04759,Manila,Metro Manila,NCR,2023-07-20
CUST-04760,Cebu City,Cebu,Central Visayas,2023-12-08
CUST-04761,Antipolo,Rizal,Calabarzon,2023-05-13
CUST-04762,General Santos,South Cotabato,SOCCSKSARGEN,2023-05-17
CUST-04763,Makati,Metro Manila,NCR,2023-02-25
CUST-04764,Pasig,Metro Manila,NCR,2023-01-29
CUST-04765,Bacoor,Cavite,Calabarzon,2023-08-31
CUST-04766,Taguig,Metro Manila,NCR,2023-01-18
CUST-04767,Cebu City,Cebu,Central Visayas,2023-12-29
CUST-04768,Santa Rosa,Laguna,Calabarzon,2023-01-13
CUST-04769,Makati,Metro Manila,NCR,2023-11-12
CUST-04770,Lipa,Batangas,Calabarzon,2023-05-11
CUST-04771,Davao City,Davao del Sur,Davao Region,2023-04-27
CUST-04772,Bacolod,Negros Occidental,Western Visayas,2023-05-15
CUST-04773,Lipa,Batangas,Calabarzon,2023-01-05
CUST-04774,Pasig,Metro Manila,NCR,2023-06-14
CUST-04775,Makati,Metro Manila,NCR,2023-11-15
CUST-04776,Davao City,Davao del Sur,Davao Region,2023-05-25
CUST-04777,Cebu City,Cebu,Central Visayas,2023-09-17
CUST-04778,Malolos,Bulacan,Central Luzon,2023-05-23
CUST-04779,Davao City,Davao del Sur,Davao Region,2023-08-16
CUST-04780,Manila,Metro Manila,NCR,2023-12-17
CUST-04781,Cebu City,Cebu,Central Visayas,2023-05-14
CUST-04782,Makati,Metro Manila,NCR,2023-11-30
CUST-04783,Manila,Metro Manila,NCR,2023-09-04
CUST-04784,Santa Rosa,Laguna,Calabarzon,2023-05-20
CUST-04785,Antipolo,Rizal,Calabarzon,2023-02-14
CUST-04786,Cagayan de Oro,Misamis Oriental,Northern Mindanao,2023-09-09
CUST-04787,Caloocan,Metro Manila,NCR,2023-09-15
CUST-04788,Bacolod,Negros Occidental,Western Visayas,2023-09-13
CUST-04789,Mandaue,Cebu,Central Visayas,2023-06-06
CUST-04790,Cebu City,Cebu,Central Visayas,2023-10-23
CUST-04791,Cagayan de Oro,Misamis Oriental,Northern Mindanao,2023-06-23
CUST-04792,Bacoor,Cavite,Calabarzon,2023-03-15
CUST-04793,Antipolo,Rizal,Calabarzon,2023-12-03
CUST-04794,Manila,Metro Manila,NCR,2023-01-15
CUST-04795,Pasig,Metro Manila,NCR,2023-06-21
CUST-04796,Davao City,Davao del Sur,Davao Region,2023-05-17
CUST-04797,Santa Rosa,Laguna,Calabarzon,2023-05-21
CUST-04798,Caloocan,Metro Manila,NCR,2023-01-21
CUST-04799,Makati,Metro Manila,NCR,2023-05-04
CUST-04800,Santa Rosa,Laguna,Calabarzon,2023-02-13
CUST-04801,Cebu City,Cebu,Central Visayas,2023-09-19
CUST-04802,Pasig,Metro Manila,NCR,2023-10-14
CUST-04803,Iloilo City,Iloilo,Western Visayas,2023-05-12
CUST-04804,Baguio,Benguet,CAR,2023-11-06
CUST-04805,Bacolod,Negros Occidental,Western Visayas,2023-11-22
CUST-04806,Taguig,Metro Manila,NCR,2023-10-16
CUST-04807,Legazpi,Albay,Bicol,2023-09-25
CUST-04808,Manila,Metro Manila,NCR,2023-11-27
CUST-04809,Antipolo,Rizal,Calabarzon,2023-04-11
CUST-04810,Cebu City,Cebu,Central Visayas,2023-06-03
CUST-04811,Legazpi,Albay,Bicol,2023-10-20
CUST-04812,Makati,Metro Manila,NCR,2023-09-20
CUST-04813,Davao City,Davao del Sur,Davao Region,2023-01-27
CUST-04814,Quezon City,Metro Manila,NCR,2023-02-02
CUST-04815,Malolos,Bulacan,Central Luzon,2023-11-18
CUST-04816,General Santos,South Cotabato,SOCCSKSARGEN,2023-05-23
CUST-04817,Angeles,Pampanga,Central Luzon,2023-09-06
CUST-04818,Bacolod,Negros Occidental,Western Visayas,2023-08-23
CUST-04819,Malolos,Bulacan,Central Luzon,2023-05-28
CUST-04820,Iloilo City,Iloilo,Western Visayas,2023-01-07
CUST-04821,Cebu City,Cebu,Central Visayas,2023-06-03
CUST-04822,Cebu City,Cebu,Central Visayas,2023-01-19
CUST-04823,Taguig,Metro Manila,NCR,2023-03-08
CUST-04824,Mandaue,Cebu,Central Visayas,2023-03-23
CUST-04825,Taguig,Metro Manila,NCR,2023-03-19
CUST-04826,General Santos,South Cotabato,SOCCSKSARGEN,2023-03-19
CUST-04827,Taguig,Metro Manila,NCR,2023-09-30
CUST-04828,Taguig,Metro Manila,NCR,2023-01-10
CUST-04829,Davao City,Davao del Sur,Davao Region,2023-01-31
CUST-04830,Taguig,Metro Manila,NCR,2023-05-27
CUST-04831,Antipolo,Rizal,Calabarzon,2023-04-17
CUST-04832,Cebu City,Cebu,Central Visayas,2023-02-14
CUST-04833,Manila,Metro Manila,NCR,2023-11-07
CUST-04834,Manila,Metro Manila,NCR,2023-12-09
CUST-04835,Santa Rosa,Laguna,Calabarzon,2023-01-03
CUST-04836,Taguig,Metro Manila,NCR,2023-06-13
CUST-04837,Taguig,Metro Manila,NCR,2023-04-13
CUST-04838,Quezon City,Metro Manila,NCR,2023-07-02
CUST-04839,Antipolo,Rizal,Calabarzon,2023-06-27
CUST-04840,Pasig,Metro Manila,NCR,2023-12-19
CUST-04841,Quezon City,Metro Manila,NCR,2023-09-18
CUST-04842,Baguio,Benguet,CAR,2023-12-01
CUST-04843,Baguio,Benguet,CAR,2023-07-28
CUST-04844,Quezon City,Metro Manila,NCR,2023-12-25
CUST-04845,Pasig,Metro Manila,NCR,2023-03-15
CUST-04846,Davao City,Davao del Sur,Davao Region,2023-09-16
CUST-04847,Malolos,Bulacan,Central Luzon,2023-04-06
CUST-04848,Bacoor,Cavite,Calabarzon,2023-12-13
CUST-04849,Santa Rosa,Laguna,Calabarzon,2023-12-20
CUST-04850,Makati,Metro Manila,NCR,2023-07-31
CUST-04851,Bacolod,Negros Occidental,Western Visayas,2023-03-20
CUST-04852,Davao City,Davao del Sur,Davao Region,2023-03-11
CUST-04853,Davao City,Davao del Sur,Davao Region,2023-06-17
CUST-04854,Makati,Metro Manila,NCR,2023-05-22
CUST-04855,Pasig,Metro Manila,NCR,2023-04-25
CUST-04856,Manila,Metro Manila,NCR,2023-05-01
CUST-04857,Pasig,Metro Manila,NCR,2023-04-06
CUST-04858,Caloocan,Metro Manila,NCR,2023-12-21
CUST-04859,Legazpi,Albay,Bicol,2023-07-29
CUST-04860,Makati,Metro Manila,NCR,2023-03-01
CUST-04861,Cagayan de Oro,Misamis Oriental,Northern Mindanao,2023-07-25
CUST-04862,Quezon City,Metro Manila,NCR,2023-11-09
CUST-04863,Quezon City,Metro Manila,NCR,2023-05-04
CUST-04864,Davao City,Davao del Sur,Davao Region,2023-09-13
CUST-04865,Cebu City,Cebu,Central Visayas,2023-06-29
CUST-04866,Caloocan,Metro Manila,NCR,2023-06-27
CUST-04867,Malolos,Bulacan,Central Luzon,2023-04-22
CUST-04868,Makati,Metro Manila,NCR,2023-01-27
CUST-04869,Manila,Metro Manila,NCR,2023-04-23
CUST-04870,Santa Rosa,Laguna,Calabarzon,2023-01-02
CUST-04871,Caloocan,Metro Manila,NCR,2023-12-26
CUST-04872,Baguio,Benguet,CAR,2023-03-22
CUST-04873,Makati,Metro Manila,NCR,2023-08-02
CUST-04874,Cebu City,Cebu,Central Visayas,2023-04-10
CUST-04875,Iloilo City,Iloilo,Western Visayas,2023-12-01
CUST-04876,Manila,Metro Manila,NCR,2023-06-23
CUST-04877,Quezon City,Metro Manila,NCR,2023-12-22
CUST-04878,Bacoor,Cavite,Calabarzon,2023-05-04
CUST-04879,Iloilo City,Iloilo,Western Visayas,2023-10-14
CUST-04880,Legazpi,Albay,Bicol,2023-11-10
CUST-04881,Cebu City,Cebu,Central Visayas,2023-12-04
CUST-04882,Antipolo,Rizal,Calabarzon,2023-09-25
CUST-04883,Taguig,Metro Manila,NCR,2023-01-16
CUST-04884,Angeles,Pampanga,Central Luzon,2023-01-07
CUST-04885,Makati,Metro Manila,NCR,2023-12-03
CUST-04886,Mandaue,Cebu,Central Visayas,2023-01-09
CUST-04887,Makati,Metro Manila,NCR,2023-06-01
CUST-04888,Pasig,Metro Manila,NCR,2023-09-06
CUST-04889,Lipa,Batangas,Calabarzon,2023-01-23
CUST-04890,Santa Rosa,Laguna,Calabarzon,2023-10-06
CUST-04891,Malolos,Bulacan,Central Luzon,2023-10-27
CUST-04892,Bacoor,Cavite,Calabarzon,2023-10-10
CUST-04893,Cagayan de Oro,Misamis Oriental,Northern Mindanao,2023-11-09
CUST-04894,Tacloban,Leyte,Eastern Visayas,2023-07-09
CUST-04895,Davao City,Davao del Sur,Davao Region,2023-11-11
CUST-04896,Baguio,Benguet,CAR,2023-10-12
CUST-04897,Legazpi,Albay,Bicol,2023-08-19
CUST-04898,Baguio,Benguet,CAR,2023-05-10
CUST-04899,Bacoor,Cavite,Calabarzon,2023-02-22
CUST-04900,Caloocan,Metro Manila,NCR,2023-12-05
CUST-04901,Malolos,Bulacan,Central Luzon,2023-05-16
CUST-04902,Quezon City,Metro Manila,NCR,2023-11-25
CUST-04903,Quezon City,Metro Manila,NCR,2023-01-05
CUST-04904,Davao City,Davao del Sur,Davao Region,2023-09-22
CUST-04905,Quezon City,Metro Manila,NCR,2023-02-23
CUST-04906,Angeles,Pampanga,Central Luzon,2023-03-24
CUST-04907,Baguio,Benguet,CAR,2023-09-05
CUST-04908,Makati,Metro Manila,NCR,2023-09-05
CUST-04909,Davao City,Davao del Sur,Davao Region,2023-09-08
CUST-04910,Makati,Metro Manila,NCR,2023-07-14
CUST-04911,Davao City,Davao del Sur,Davao Region,2023-07-24
CUST-04912,Iloilo City,Iloilo,Western Visayas,2023-05-07
CUST-04913,Taguig,Metro Manila,NCR,2023-07-16
CUST-04914,Manila,Metro Manila,NCR,2023-03-20
CUST-04915,Pasig,Metro Manila,NCR,2023-07-15
CUST-04916,Antipolo,Rizal,Calabarzon,2023-09-11
CUST-04917,Taguig,Metro Manila,NCR,2023-09-04
CUST-04918,General Santos,South Cotabato,SOCCSKSARGEN,2023-04-10
CUST-04919,Taguig,Metro Manila,NCR,2023-11-11
CUST-04920,Tacloban,Leyte,Eastern Visayas,2023-09-19
CUST-04921,Manila,Metro Manila,NCR,2023-09-10
CUST-04922,General Santos,South Cotabato,SOCCSKSARGEN,2023-05-11
CUST-04923,Makati,Metro Manila,NCR,2023-11-15
CUST-04924,Bacoor,Cavite,Calabarzon,2023-07-21
CUST-04925,Angeles,Pampanga,Central Luzon,2023-04-30
CUST-04926,Manila,Metro Manila,NCR,2023-01-28
CUST-04927,Bacolod,Negros Occidental,Western Visayas,2023-07-26
CUST-04928,Pasig,Metro Manila,NCR,2023-01-08
CUST-04929,Angeles,Pampanga,Central Luzon,2023-05-25
CUST-04930,Angeles,Pampanga,Central Luzon,2023-03-25
CUST-04931,Malolos,Bulacan,Central Luzon,2023-10-05
CUST-04932,Quezon City,Metro Manila,NCR,2023-02-01
CUST-04933,Manila,Metro Manila,NCR,2023-09-29
CUST-04934,Manila,Metro Manila,NCR,2023-11-13
CUST-04935,Pasig,Metro Manila,NCR,2023-12-04
CUST-04936,Manila,Metro Manila,NCR,2023-05-08
CUST-04937,Cagayan de Oro,Misamis Oriental,Northern Mindanao,2023-05-17
CUST-04938,Lipa,Batangas,Calabarzon,2023-10-21
CUST-04939,Baguio,Benguet,CAR,2023-02-15
CUST-04940,Antipolo,Rizal,Calabarzon,2023-09-22
CUST-04941,Pasig,Metro Manila,NCR,2023-05-24
CUST-04942,Lipa,Batangas,Calabarzon,2023-06-25
CUST-04943,Pasig,Metro Manila,NCR,2023-05-30
CUST-04944,Caloocan,Metro Manila,NCR,2023-04-06
CUST-04945,Santa Rosa,Laguna,Calabarzon,2023-01-28
CUST-04946,Lipa,Batangas,Calabarzon,2023-04-13
CUST-04947,General Santos,South Cotabato,SOCCSKSARGEN,2023-02-04
CUST-04948,Makati,Metro Manila,NCR,2023-02-18
CUST-04949,Santa Rosa,Laguna,Calabarzon,2023-08-23
CUST-04950,Manila,Metro Manila,NCR,2023-06-11
CUST-04951,Caloocan,Metro Manila,NCR,2023-10-21
CUST-04952,Cebu City,Cebu,Central Visayas,2023-01-28
CUST-04953,Manila,Metro Manila,NCR,2023-01-14
CUST-04954,Malolos,Bulacan,Central Luzon,2023-02-11
CUST-04955,Bacoor,Cavite,Calabarzon,2023-04-05
CUST-04956,Quezon City,Metro Manila,NCR,2023-02-26
CUST-04957,Cagayan de Oro,Misamis Oriental,Northern Mindanao,2023-03-18
CUST-04958,Bacoor,Cavite,Calabarzon,2023-10-10
CUST-04959,Iloilo City,Iloilo,Western Visayas,2023-09-27
CUST-04960,Bacoor,Cavite,Calabarzon,2023-06-22
CUST-04961,Cagayan de Oro,Misamis Oriental,Northern Mindanao,2023-08-01
CUST-04962,Pasig,Metro Manila,NCR,2023-04-08
CUST-04963,Bacoor,Cavite,Calabarzon,2023-04-08
CUST-04964,Iloilo City,Iloilo,Western Visayas,2023-01-10
CUST-04965,Caloocan,Metro Manila,NCR,2023-03-20
CUST-04966,Antipolo,Rizal,Calabarzon,2023-12-28
CUST-04967,General Santos,South Cotabato,SOCCSKSARGEN,2023-08-30
CUST-04968,Angeles,Pampanga,Central Luzon,2023-09-04
CUST-04969,Cebu City,Cebu,Central Visayas,2023-05-15
CUST-04970,Legazpi,Albay,Bicol,2023-08-30
CUST-04971,Tacloban,Leyte,Eastern Visayas,2023-01-09
CUST-04972,Davao City,Davao del Sur,Davao Region,2023-09-18
CUST-04973,Angeles,Pampanga,Central Luzon,2023-07-26
CUST-04974,Pasig,Metro Manila,NCR,2023-03-09
CUST-04975,Quezon City,Metro Manila,NCR,2023-08-20
CUST-04976,Baguio,Benguet,CAR,2023-12-16
CUST-04977,Tacloban,Leyte,Eastern Visayas,2023-09-02
CUST-04978,Bacoor,Cavite,Calabarzon,2023-08-23
CUST-04979,Manila,Metro Manila,NCR,2023-05-23
CUST-04980,Pasig,Metro Manila,NCR,2023-04-17
CUST-04981,Lipa,Batangas,Calabarzon,2023-06-15
CUST-04982,Tacloban,Leyte,Eastern Visayas,2023-08-06
CUST-04983,Manila,Metro Manila,NCR,2023-07-02
CUST-04984,Baguio,Benguet,CAR,2023-11-10
CUST-04985,Iloilo City,Iloilo,Western Visayas,2023-10-27
CUST-04986,Cagayan de Oro,Misamis Oriental,Northern Mindanao,2023-05-24
CUST-04987,Manila,Metro Manila,NCR,2023-02-20
CUST-04988,Cagayan de Oro,Misamis Oriental,Northern Mindanao,2023-06-25
CUST-04989,Malolos,Bulacan,Central Luzon,2023-12-10
CUST-04990,Iloilo City,Iloilo,Western Visayas,2023-01-08
CUST-04991,Quezon City,Metro Manila,NCR,2023-09-05
CUST-04992,Lipa,Batangas,Calabarzon,2023-04-03
CUST-04993,Baguio,Benguet,CAR,2023-02-08
CUST-04994,Pasig,Metro Manila,NCR,2023-01-07
CUST-04995,Bacoor,Cavite,Calabarzon,2023-11-20
CUST-04996,Angeles,Pampanga,Central Luzon,2023-10-25
CUST-04997,Angeles,Pampanga,Central Luzon,2023-05-11
CUST-04998,Quezon City,Metro Manila,NCR,2023-03-30
CUST-04999,Bacoor,Cavite,Calabarzon,2023-03-03
CUST-05000,Makati,Metro Manila,NCR,2023-06-14
CUST-05001,Cagayan de Oro,Misamis Oriental,Northern Mindanao,2023-11-05
CUST-05002,General Santos,South Cotabato,SOCCSKSARGEN,2023-04-16
CUST-05003,Pasig,Metro Manila,NCR,2023-05-03
CUST-05004,Manila,Metro Manila,NCR,2023-07-15
CUST-05005,Makati,Metro Manila,NCR,2023-05-14
CUST-05006,Santa Rosa,Laguna,Calabarzon,2023-10-16
CUST-05007,Davao City,Davao del Sur,Davao Region,2023-03-12
CUST-05008,Lipa,Batangas,Calabarzon,2023-12-16
CUST-05009,Quezon City,Metro Manila,NCR,2023-03-01
CUST-05010,Quezon City,Metro Manila,NCR,2023-03-02
CUST-05011,Taguig,Metro Manila,NCR,2023-04-26
CUST-05012,Tacloban,Leyte,Eastern Visayas,2023-03-10
CUST-05013,Baguio,Benguet,CAR,2023-02-02
CUST-05014,Angeles,Pampanga,Central Luzon,2023-11-03
CUST-05015,Pasig,Metro Manila,NCR,2023-06-17
CUST-05016,Cagayan de Oro,Misamis Oriental,Northern Mindanao,2023-05-11
CUST-05017,Caloocan,Metro Manila,NCR,2023-01-22
CUST-05018,Tacloban,Leyte,Eastern Visayas,2023-04-07
CUST-05019,Davao City,Davao del Sur,Davao Region,2023-05-30
CUST-05020,Santa Rosa,Laguna,Calabarzon,2023-06-12
CUST-05021,Davao City,Davao del Sur,Davao Region,2023-11-10
CUST-05022,Pasig,Metro Manila,NCR,2023-09-08
CUST-05023,Cebu City,Cebu,Central Visayas,2023-07-27
CUST-05024,Quezon City,Metro Manila,NCR,2023-02-14
CUST-05025,Santa Rosa,Laguna,Calabarzon,2023-02-21
CUST-05026,Makati,Metro Manila,NCR,2023-05-12
CUST-05027,Quezon City,Metro Manila,NCR,2023-11-24
CUST-05028,Quezon City,Metro Manila,NCR,2023-04-14
CUST-05029,Caloocan,Metro Manila,NCR,2023-07-18
CUST-05030,Malolos,Bulacan,Central Luzon,2023-05-08
CUST-05031,Santa Rosa,Laguna,Calabarzon,2023-07-27
CUST-05032,Pasig,Metro Manila,NCR,2023-04-13
CUST-05033,General Santos,South Cotabato,SOCCSKSARGEN,2023-10-14
CUST-05034,Cagayan de Oro,Misamis Oriental,Northern Mindanao,2023-11-10
CUST-05035,Manila,Metro Manila,NCR,2023-10-13
CUST-05036,Bacoor,Cavite,Calabarzon,2023-01-30
CUST-05037,Legazpi,Albay,Bicol,2023-12-05
CUST-05038,Mandaue,Cebu,Central Visayas,2023-09-19
CUST-05039,Antipolo,Rizal,Calabarzon,2023-08-29
CUST-05040,Mandaue,Cebu,Central Visayas,2023-03-02
CUST-05041,Manila,Metro Manila,NCR,2023-08-23
CUST-05042,Caloocan,Metro Manila,NCR,2023-02-09
CUST-05043,Cebu City,Cebu,Central Visayas,2023-01-06
CUST-05044,Baguio,Benguet,CAR,2023-05-09
CUST-05045,Tacloban,Leyte,Eastern Visayas,2023-08-29
CUST-05046,Quezon City,Metro Manila,NCR,2023-05-28
CUST-05047,Manila,Metro Manila,NCR,2023-05-02
CUST-05048,Quezon City,Metro Manila,NCR,2023-11-23
CUST-05049,Makati,Metro Manila,NCR,2023-03-03
CUST-05050,Quezon City,Metro Manila,NCR,2023-07-26
CUST-05051,Lipa,Batangas,Calabarzon,2023-02-27
CUST-05052,Angeles,Pampanga,Central Luzon,2023-05-23
CUST-05053,Cebu City,Cebu,Central Visayas,2023-02-21
CUST-05054,Antipolo,Rizal,Calabarzon,2023-12-03
CUST-05055,Quezon City,Metro Manila,NCR,2023-12-17
CUST-05056,Cebu City,Cebu,Central Visayas,2023-11-22
CUST-05057,Quezon City,Metro Manila,NCR,2023-02-16
CUST-05058,Davao City,Davao del Sur,Davao Region,2023-01-04
CUST-05059,Quezon City,Metro Manila,NCR,2023-01-02
CUST-05060,Angeles,Pampanga,Central Luzon,2023-09-02
CUST-05061,Davao City,Davao del Sur,Davao Region,2023-09-27
CUST-05062,Malolos,Bulacan,Central Luzon,2023-08-27
CUST-05063,Baguio,Benguet,CAR,2023-03-09
CUST-05064,Cebu City,Cebu,Central Visayas,2023-10-02
CUST-05065,Manila,Metro Manila,NCR,2023-06-16
CUST-05066,Cebu City,Cebu,Central Visayas,2023-05-11
CUST-05067,Davao City,Davao del Sur,Davao Region,2023-08-23
CUST-05068,Zamboanga City,Zamboanga del Sur,Zamboanga Peninsula,2023-07-13
CUST-05069,Bacoor,Cavite,Calabarzon,2023-05-04
CUST-05070,Caloocan,Metro Manila,NCR,2023-03-19
CUST-05071,Iloilo City,Iloilo,Western Visayas,2023-10-24
CUST-05072,Angeles,Pampanga,Central Luzon,2023-06-28
CUST-05073,Taguig,Metro Manila,NCR,2023-11-06
CUST-05074,Manila,Metro Manila,NCR,2023-12-27
CUST-05075,Manila,Metro Manila,NCR,2023-05-11
CUST-05076,Santa Rosa,Laguna,Calabarzon,2023-07-09
CUST-05077,Manila,Metro Manila,NCR,2023-09-29
CUST-05078,Quezon City,Metro Manila,NCR,2023-12-12
CUST-05079,Quezon City,Metro Manila,NCR,2023-01-21
CUST-05080,Cagayan de Oro,Misamis Oriental,Northern Mindanao,2023-03-06
CUST-05081,Quezon City,Metro Manila,NCR,2023-01-25
CUST-05082,Quezon City,Metro Manila,NCR,2023-11-21
CUST-05083,Bacoor,Cavite,Calabarzon,2023-12-27
CUST-05084,Taguig,Metro Manila,NCR,2023-10-14
CUST-05085,Zamboanga City,Zamboanga del Sur,Zamboanga Peninsula,2023-11-26
CUST-05086,Davao City,Davao del Sur,Davao Region,2023-07-18
CUST-05087,Antipolo,Rizal,Calabarzon,2023-05-11
CUST-05088,Bacoor,Cavite,Calabarzon,2023-10-22
CUST-05089,Antipolo,Rizal,Calabarzon,2023-08-10
CUST-05090,Quezon City,Metro Manila,NCR,2023-06-19
CUST-05091,Pasig,Metro Manila,NCR,2023-09-08
CUST-05092,Manila,Metro Manila,NCR,2023-07-17
CUST-05093,Quezon City,Metro Manila,NCR,2023-05-31
CUST-05094,Angeles,Pampanga,Central Luzon,2023-01-19
CUST-05095,Quezon City,Metro Manila,NCR,2023-09-10
CUST-05096,Quezon City,Metro Manila,NCR,2023-11-30
CUST-05097,Santa Rosa,Laguna,Calabarzon,2023-02-18
CUST-05098,Bacoor,Cavite,Calabarzon,2023-06-05
CUST-05099,Manila,Metro Manila,NCR,2023-07-13
CUST-05100,Quezon City,Metro Manila,NCR,2023-04-14
CUST-05101,Makati,Metro Manila,NCR,2023-01-08
CUST-05102,Taguig,Metro Manila,NCR,2023-11-16
CUST-05103,Bacolod,Negros Occidental,Western Visayas,2023-02-21
CUST-05104,Davao City,Davao del Sur,Davao Region,2023-05-14
CUST-05105,Bacoor,Cavite,Calabarzon,2023-06-02
CUST-05106,Bacoor,Cavite,Calabarzon,2023-02-20
CUST-05107,Cebu City,Cebu,Central Visayas,2023-09-12
CUST-05108,Baguio,Benguet,CAR,2023-03-20
CUST-05109,Makati,Metro Manila,NCR,2023-06-07
CUST-05110,Manila,Metro Manila,NCR,2023-01-25
CUST-05111,Bacoor,Cavite,Calabarzon,2023-07-15
CUST-05112,Angeles,Pampanga,Central Luzon,2023-04-13
CUST-05113,Manila,Metro Manila,NCR,2023-07-04
CUST-05114,Pasig,Metro Manila,NCR,2023-08-11
CUST-05115,Pasig,Metro Manila,NCR,2023-08-17
CUST-05116,Taguig,Metro Manila,NCR,2023-01-31
CUST-05117,Santa Rosa,Laguna,Calabarzon,2023-03-02
CUST-05118,Legazpi,Albay,Bicol,2023-10-11
CUST-05119,Lipa,Batangas,Calabarzon,2023-02-20
CUST-05120,Makati,Metro Manila,NCR,2023-06-02
CUST-05121,Quezon City,Metro Manila,NCR,2023-11-24
CUST-05122,Tacloban,Leyte,Eastern Visayas,2023-03-28
CUST-05123,Santa Rosa,Laguna,Calabarzon,2023-11-03
CUST-05124,Quezon City,Metro Manila,NCR,2023-02-17
CUST-05125,Taguig,Metro Manila,NCR,2023-07-20
CUST-05126,Bacolod,Negros Occidental,Western Visayas,2023-02-01
CUST-05127,Iloilo City,Iloilo,Western Visayas,2023-07-09
CUST-05128,Davao City,Davao del Sur,Davao Region,2023-12-01
CUST-05129,Malolos,Bulacan,Central Luzon,2023-03-28
CUST-05130,Bacoor,Cavite,Calabarzon,2023-04-11
CUST-05131,Bacoor,Cavite,Calabarzon,2023-09-13
CUST-05132,Makati,Metro Manila,NCR,2023-10-19
CUST-05133,Legazpi,Albay,Bicol,2023-02-20
CUST-05134,Malolos,Bulacan,Central Luzon,2023-03-23
CUST-05135,Manila,Metro Manila,NCR,2023-09-15
CUST-05136,Davao City,Davao del Sur,Davao Region,2023-04-21
CUST-05137,Antipolo,Rizal,Calabarzon,2023-10-06
CUST-05138,Quezon City,Metro Manila,NCR,2023-10-27
CUST-05139,Caloocan,Metro Manila,NCR,2023-05-04
CUST-05140,Davao City,Davao del Sur,Davao Region,2023-03-04
CUST-05141,Cagayan de Oro,Misamis Oriental,Northern Mindanao,2023-01-31
CUST-05142,Lipa,Batangas,Calabarzon,2023-07-17
CUST-05143,Zamboanga City,Zamboanga del Sur,Zamboanga Peninsula,2023-11-10
CUST-05144,Davao City,Davao del Sur,Davao Region,2023-06-17
CUST-05145,Tacloban,Leyte,Eastern Visayas,2023-04-28
CUST-05146,Davao City,Davao del Sur,Davao Region,2023-01-12
CUST-05147,Antipolo,Rizal,Calabarzon,2023-11-22
CUST-05148,Iloilo City,Iloilo,Western Visayas,2023-05-07
CUST-05149,Malolos,Bulacan,Central Luzon,2023-06-29
CUST-05150,Cebu City,Cebu,Central Visayas,2023-06-01
CUST-05151,Manila,Metro Manila,NCR,2023-11-29
CUST-05152,Mandaue,Cebu,Central Visayas,2023-12-26
CUST-05153,Zamboanga City,Zamboanga del Sur,Zamboanga Peninsula,2023-05-25
CUST-05154,Pasig,Metro Manila,NCR,2023-10-21
CUST-05155,General Santos,South Cotabato,SOCCSKSARGEN,2023-05-22
CUST-05156,Antipolo,Rizal,Calabarzon,2023-12-23
CUST-05157,Makati,Metro Manila,NCR,2023-03-15
CUST-05158,Manila,Metro Manila,NCR,2023-09-02
CUST-05159,Iloilo City,Iloilo,Western Visayas,2023-07-21
CUST-05160,Angeles,Pampanga,Central Luzon,2023-08-29
CUST-05161,Pasig,Metro Manila,NCR,2023-08-02
CUST-05162,Baguio,Benguet,CAR,2023-06-22
CUST-05163,Caloocan,Metro Manila,NCR,2023-05-11
CUST-05164,Bacoor,Cavite,Calabarzon,2023-04-25
CUST-05165,Davao City,Davao del Sur,Davao Region,2023-01-05
CUST-05166,Cebu City,Cebu,Central Visayas,2023-10-28
CUST-05167,Iloilo City,Iloilo,Western Visayas,2023-02-17
CUST-05168,Malolos,Bulacan,Central Luzon,2023-05-27
CUST-05169,General Santos,South Cotabato,SOCCSKSARGEN,2023-09-11
CUST-05170,Taguig,Metro Manila,NCR,2023-02-01
CUST-05171,Taguig,Metro Manila,NCR,2023-04-18
CUST-05172,Quezon City,Metro Manila,NCR,2023-10-26
CUST-05173,Angeles,Pampanga,Central Luzon,2023-10-30
CUST-05174,Baguio,Benguet,CAR,2023-05-06
CUST-05175,Cebu City,Cebu,Central Visayas,2023-04-10
CUST-05176,Caloocan,Metro Manila,NCR,2023-12-16
CUST-05177,Quezon City,Metro Manila,NCR,2023-05-17
CUST-05178,Legazpi,Albay,Bicol,2023-06-22
CUST-05179,General Santos,South Cotabato,SOCCSKSARGEN,2023-01-13
CUST-05180,Pasig,Metro Manila,NCR,2023-04-06
CUST-05181,Makati,Metro Manila,NCR,2023-02-04
CUST-05182,Pasig,Metro Manila,NCR,2023-12-20
CUST-05183,Bacoor,Cavite,Calabarzon,2023-03-29
CUST-05184,Taguig,Metro Manila,NCR,2023-09-02
CUST-05185,Caloocan,Metro Manila,NCR,2023-06-14
CUST-05186,Legazpi,Albay,Bicol,2023-02-15
CUST-05187,Caloocan,Metro Manila,NCR,2023-02-18
CUST-05188,Antipolo,Rizal,Calabarzon,2023-10-11
CUST-05189,Quezon City,Metro Manila,NCR,2023-10-06
CUST-05190,Cagayan de Oro,Misamis Oriental,Northern Mindanao,2023-04-13
CUST-05191,Bacoor,Cavite,Calabarzon,2023-02-15
CUST-05192,Caloocan,Metro Manila,NCR,2023-05-23
CUST-05193,Quezon City,Metro Manila,NCR,2023-12-13
CUST-05194,Legazpi,Albay,Bicol,2023-11-03
CUST-05195,Davao City,Davao del Sur,Davao Region,2023-04-03
CUST-05196,Quezon City,Metro Manila,NCR,2023-04-06
CUST-05197,Manila,Metro Manila,NCR,2023-02-08
CUST-05198,Manila,Metro Manila,NCR,2023-06-21
CUST-05199,Malolos,Bulacan,Central Luzon,2023-07-29
CUST-05200,Cagayan de Oro,Misamis Oriental,Northern Mindanao,2023-11-22
CUST-05201,Bacoor,Cavite,Calabarzon,2023-03-22
CUST-05202,Caloocan,Metro Manila,NCR,2023-01-20
CUST-05203,Iloilo City,Iloilo,Western Visayas,2023-12-16
CUST-05204,Mandaue,Cebu,Central Visayas,2023-07-06
CUST-05205,Taguig,Metro Manila,NCR,2023-08-25
CUST-05206,Manila,Metro Manila,NCR,2023-04-05
CUST-05207,Antipolo,Rizal,Calabarzon,2023-03-29
CUST-05208,Iloilo City,Iloilo,Western Visayas,2023-10-14
CUST-05209,Cebu City,Cebu,Central Visayas,2023-01-19
CUST-05210,Cebu City,Cebu,Central Visayas,2023-11-12
CUST-05211,Tacloban,Leyte,Eastern Visayas,2023-03-22
CUST-05212,Pasig,Metro Manila,NCR,2023-04-06
CUST-05213,Caloocan,Metro Manila,NCR,2023-11-03
CUST-05214,Quezon City,Metro Manila,NCR,2023-05-01
CUST-05215,Davao City,Davao del Sur,Davao Region,2023-09-25
CUST-05216,Malolos,Bulacan,Central Luzon,2023-09-23
CUST-05217,Pasig,Metro Manila,NCR,2023-12-01
CUST-05218,Quezon City,Metro Manila,NCR,2023-04-04
CUST-05219,Cebu City,Cebu,Central Visayas,2023-03-13
CUST-05220,Mandaue,Cebu,Central Visayas,2023-07-01
CUST-05221,Cebu City,Cebu,Central Visayas,2023-03-24
CUST-05222,Makati,Metro Manila,NCR,2023-08-27
CUST-05223,Davao City,Davao del Sur,Davao Region,2023-06-09
CUST-05224,Iloilo City,Iloilo,Western Visayas,2023-03-20
CUST-05225,Cebu City,Cebu,Central Visayas,2023-07-28
CUST-05226,Legazpi,Albay,Bicol,2023-05-21
CUST-05227,Davao City,Davao del Sur,Davao Region,2023-11-10
CUST-05228,Cagayan de Oro,Misamis Oriental,Northern Mindanao,2023-06-30
CUST-05229,Malolos,Bulacan,Central Luzon,2023-02-25
CUST-05230,Bacoor,Cavite,Calabarzon,2023-03-25
CUST-05231,Antipolo,Rizal,Calabarzon,2023-09-14
CUST-05232,Bacolod,Negros Occidental,Western Visayas,2023-06-17
CUST-05233,Legazpi,Albay,Bicol,2023-05-20
CUST-05234,Quezon City,Metro Manila,NCR,2023-01-24
CUST-05235,Manila,Metro Manila,NCR,2023-03-05
CUST-05236,Davao City,Davao del Sur,Davao Region,2023-03-09
CUST-05237,Davao City,Davao del Sur,Davao Region,2023-04-02
CUST-05238,Cagayan de Oro,Misamis Oriental,Northern Mindanao,2023-08-24
CUST-05239,Bacoor,Cavite,Calabarzon,2023-08-17
CUST-05240,Iloilo City,Iloilo,Western Visayas,2023-07-16
CUST-05241,Tacloban,Leyte,Eastern Visayas,2023-07-30
CUST-05242,Pasig,Metro Manila,NCR,2023-01-17
CUST-05243,Manila,Metro Manila,NCR,2023-02-16
CUST-05244,General Santos,South Cotabato,SOCCSKSARGEN,2023-02-09
CUST-05245,Quezon City,Metro Manila,NCR,2023-05-25
CUST-05246,Malolos,Bulacan,Central Luzon,2023-10-24
CUST-05247,Legazpi,Albay,Bicol,2023-11-10
CUST-05248,Cebu City,Cebu,Central Visayas,2023-09-23
CUST-05249,Taguig,Metro Manila,NCR,2023-05-09
CUST-05250,Cebu City,Cebu,Central Visayas,2023-08-21
CUST-05251,Makati,Metro Manila,NCR,2023-05-07
CUST-05252,Tacloban,Leyte,Eastern Visayas,2023-02-14
CUST-05253,Makati,Metro Manila,NCR,2023-09-01
CUST-05254,Cebu City,Cebu,Central Visayas,2023-01-28
CUST-05255,Iloilo City,Iloilo,Western Visayas,2023-06-29
CUST-05256,Makati,Metro Manila,NCR,2023-03-15
CUST-05257,Taguig,Metro Manila,NCR,2023-12-11
CUST-05258,Iloilo City,Iloilo,Western Visayas,2023-09-23
CUST-05259,Quezon City,Metro Manila,NCR,2023-01-27
CUST-05260,Makati,Metro Manila,NCR,2023-02-12
CUST-05261,Santa Rosa,Laguna,Calabarzon,2023-06-07
CUST-05262,Cagayan de Oro,Misamis Oriental,Northern Mindanao,2023-12-20
CUST-05263,Angeles,Pampanga,Central Luzon,2023-12-11
CUST-05264,Antipolo,Rizal,Calabarzon,2023-07-31
CUST-05265,General Santos,South Cotabato,SOCCSKSARGEN,2023-02-08
CUST-05266,Santa Rosa,Laguna,Calabarzon,2023-08-17
CUST-05267,Bacoor,Cavite,Calabarzon,2023-02-13
CUST-05268,Bacoor,Cavite,Calabarzon,2023-06-20
CUST-05269,Pasig,Metro Manila,NCR,2023-11-13
CUST-05270,Caloocan,Metro Manila,NCR,2023-06-11
CUST-05271,Cebu City,Cebu,Central Visayas,2023-08-22
CUST-05272,Quezon City,Metro Manila,NCR,2023-10-11
CUST-05273,Cebu City,Cebu,Central Visayas,2023-04-30
CUST-05274,Makati,Metro Manila,NCR,2023-10-19
CUST-05275,Antipolo,Rizal,Calabarzon,2023-02-05
CUST-05276,Manila,Metro Manila,NCR,2023-03-14
CUST-05277,Angeles,Pampanga,Central Luzon,2023-03-22
CUST-05278,Mandaue,Cebu,Central Visayas,2023-12-05
CUST-05279,Caloocan,Metro Manila,NCR,2023-01-16
CUST-05280,Manila,Metro Manila,NCR,2023-07-05
CUST-05281,Taguig,Metro Manila,NCR,2023-04-09
CUST-05282,Bacolod,Negros Occidental,Western Visayas,2023-10-24
CUST-05283,Taguig,Metro Manila,NCR,2023-03-27
CUST-05284,Iloilo City,Iloilo,Western Visayas,2023-09-07
CUST-05285,Caloocan,Metro Manila,NCR,2023-04-18
CUST-05286,Makati,Metro Manila,NCR,2023-09-22
CUST-05287,Mandaue,Cebu,Central Visayas,2023-01-26
CUST-05288,Santa Rosa,Laguna,Calabarzon,2023-04-18
CUST-05289,Quezon City,Metro Manila,NCR,2023-07-20
CUST-05290,Zamboanga City,Zamboanga del Sur,Zamboanga Peninsula,2023-07-19
CUST-05291,Manila,Metro Manila,NCR,2024-01-01
CUST-05292,Caloocan,Metro Manila,NCR,2023-09-14
CUST-05293,Antipolo,Rizal,Calabarzon,2023-03-19
CUST-05294,Lipa,Batangas,Calabarzon,2023-03-04
CUST-05295,Iloilo City,Iloilo,Western Visayas,2023-01-02
CUST-05296,Quezon City,Metro Manila,NCR,2023-12-01
CUST-05297,Cagayan de Oro,Misamis Oriental,Northern Mindanao,2023-10-02
CUST-05298,Legazpi,Albay,Bicol,2023-03-28
CUST-05299,Cagayan de Oro,Misamis Oriental,Northern Mindanao,2023-08-23
CUST-05300,Bacolod,Negros Occidental,Western Visayas,2023-10-03
CUST-05301,Cagayan de Oro,Misamis Oriental,Northern Mindanao,2023-09-21
CUST-05302,Malolos,Bulacan,Central Luzon,2023-01-31
CUST-05303,Antipolo,Rizal,Calabarzon,2023-02-22
CUST-05304,Bacoor,Cavite,Calabarzon,2023-12-30
CUST-05305,Cebu City,Cebu,Central Visayas,2023-03-01
CUST-05306,Bacoor,Cavite,Calabarzon,2023-06-12
CUST-05307,Mandaue,Cebu,Central Visayas,2023-02-27
CUST-05308,Quezon City,Metro Manila,NCR,2023-05-19
CUST-05309,Tacloban,Leyte,Eastern Visayas,2023-04-25
CUST-05310,Makati,Metro Manila,NCR,2023-06-05
CUST-05311,Cagayan de Oro,Misamis Oriental,Northern Mindanao,2023-04-08
CUST-05312,Manila,Metro Manila,NCR,2023-03-10
CUST-05313,Manila,Metro Manila,NCR,2023-06-30
CUST-05314,Bacolod,Negros Occidental,Western Visayas,2023-11-22
CUST-05315,Bacolod,Negros Occidental,Western Visayas,2023-11-29
CUST-05316,Mandaue,Cebu,Central Visayas,2023-08-03
CUST-05317,Zamboanga City,Zamboanga del Sur,Zamboanga Peninsula,2023-07-13
CUST-05318,Taguig,Metro Manila,NCR,2023-02-20
CUST-05319,Tacloban,Leyte,Eastern Visayas,2023-12-20
CUST-05320,Caloocan,Metro Manila,NCR,2023-02-11
CUST-05321,Angeles,Pampanga,Central Luzon,2023-12-12
CUST-05322,Bacoor,Cavite,Calabarzon,2023-07-04
CUST-05323,Quezon City,Metro Manila,NCR,2023-07-31
CUST-05324,Malolos,Bulacan,Central Luzon,2023-06-12
CUST-05325,Mandaue,Cebu,Central Visayas,2023-12-17
CUST-05326,Manila,Metro Manila,NCR,2023-03-29
CUST-05327,Cagayan de Oro,Misamis Oriental,Northern Mindanao,2023-11-13
CUST-05328,Angeles,Pampanga,Central Luzon,2023-03-23
CUST-05329,Manila,Metro Manila,NCR,2023-06-09
CUST-05330,Legazpi,Albay,Bicol,2023-02-11
CUST-05331,Makati,Metro Manila,NCR,2023-01-09
CUST-05332,Quezon City,Metro Manila,NCR,2023-02-27
CUST-05333,Cebu City,Cebu,Central Visayas,2023-07-20
CUST-05334,Manila,Metro Manila,NCR,2023-08-03
CUST-05335,Quezon City,Metro Manila,NCR,2023-05-05
CUST-05336,Mandaue,Cebu,Central Visayas,2023-05-09
CUST-05337,Quezon City,Metro Manila,NCR,2023-03-19
CUST-05338,Bacolod,Negros Occidental,Western Visayas,2023-07-09
CUST-05339,Bacolod,Negros Occidental,Western Visayas,2023-07-17
CUST-05340,Manila,Metro Manila,NCR,2023-11-19
CUST-05341,Lipa,Batangas,Calabarzon,2023-11-01
CUST-05342,Quezon City,Metro Manila,NCR,2023-03-08
CUST-05343,Legazpi,Albay,Bicol,2023-01-05
CUST-05344,Quezon City,Metro Manila,NCR,2023-05-27
CUST-05345,Cagayan de Oro,Misamis Oriental,Northern Mindanao,2023-08-29
CUST-05346,Makati,Metro Manila,NCR,2023-12-11
CUST-05347,Cebu City,Cebu,Central Visayas,2023-12-17
CUST-05348,Manila,Metro Manila,NCR,2023-04-29
CUST-05349,Makati,Metro Manila,NCR,2023-05-12
CUST-05350,Bacoor,Cavite,Calabarzon,2023-09-20
CUST-05351,Malolos,Bulacan,Central Luzon,2023-10-25
CUST-05352,General Santos,South Cotabato,SOCCSKSARGEN,2023-12-07
CUST-05353,Quezon City,Metro Manila,NCR,2023-04-27
CUST-05354,Quezon City,Metro Manila,NCR,2023-05-25
CUST-05355,Caloocan,Metro Manila,NCR,2023-09-02
CUST-05356,Antipolo,Rizal,Calabarzon,2023-04-09
CUST-05357,Davao City,Davao del Sur,Davao Region,2023-02-27
CUST-05358,Davao City,Davao del Sur,Davao Region,2023-06-27
CUST-05359,Davao City,Davao del Sur,Davao Region,2023-09-28
CUST-05360,Manila,Metro Manila,NCR,2023-12-30
CUST-05361,Bacoor,Cavite,Calabarzon,2023-03-17
CUST-05362,Mandaue,Cebu,Central Visayas,2023-06-05
CUST-05363,Pasig,Metro Manila,NCR,2023-08-28
CUST-05364,Cebu City,Cebu,Central Visayas,2023-12-30
CUST-05365,Taguig,Metro Manila,NCR,2023-03-10
CUST-05366,Caloocan,Metro Manila,NCR,2023-01-28
CUST-05367,Davao City,Davao del Sur,Davao Region,2023-07-10
CUST-05368,Taguig,Metro Manila,NCR,2023-09-26
CUST-05369,Zamboanga City,Zamboanga del Sur,Zamboanga Peninsula,2023-05-20
CUST-05370,Pasig,Metro Manila,NCR,2023-02-18
CUST-05371,Quezon City,Metro Manila,NCR,2023-06-01
CUST-05372,Taguig,Metro Manila,NCR,2023-12-28
CUST-05373,Manila,Metro Manila,NCR,2023-10-22
CUST-05374,Lipa,Batangas,Calabarzon,2023-11-27
CUST-05375,Manila,Metro Manila,NCR,2023-08-04
CUST-05376,Baguio,Benguet,CAR,2023-07-21
CUST-05377,Davao City,Davao del Sur,Davao Region,2023-06-20
CUST-05378,Antipolo,Rizal,Calabarzon,2023-03-31
CUST-05379,Manila,Metro Manila,NCR,2023-11-21
CUST-05380,Antipolo,Rizal,Calabarzon,2023-01-22
CUST-05381,Bacolod,Negros Occidental,Western Visayas,2023-09-27
CUST-05382,Malolos,Bulacan,Central Luzon,2023-06-25
CUST-05383,Quezon City,Metro Manila,NCR,2023-10-17
CUST-05384,Angeles,Pampanga,Central Luzon,2023-08-25
CUST-05385,Santa Rosa,Laguna,Calabarzon,2023-03-04
CUST-05386,Caloocan,Metro Manila,NCR,2023-12-16
CUST-05387,Manila,Metro Manila,NCR,2023-07-09
CUST-05388,General Santos,South Cotabato,SOCCSKSARGEN,2023-06-02
CUST-05389,Manila,Metro Manila,NCR,2023-06-07
CUST-05390,Makati,Metro Manila,NCR,2023-08-16
CUST-05391,Manila,Metro Manila,NCR,2023-08-17
CUST-05392,Angeles,Pampanga,Central Luzon,2023-02-04
CUST-05393,Bacoor,Cavite,Calabarzon,2023-10-06
CUST-05394,Taguig,Metro Manila,NCR,2023-07-10
CUST-05395,Bacoor,Cavite,Calabarzon,2023-08-22
CUST-05396,Cebu City,Cebu,Central Visayas,2023-03-28
CUST-05397,Pasig,Metro Manila,NCR,2023-03-13
CUST-05398,Davao City,Davao del Sur,Davao Region,2023-02-26
CUST-05399,Pasig,Metro Manila,NCR,2023-12-01
CUST-05400,Makati,Metro Manila,NCR,2023-11-27
CUST-05401,Zamboanga City,Zamboanga del Sur,Zamboanga Peninsula,2023-08-17
CUST-05402,Bacolod,Negros Occidental,Western Visayas,2023-07-25
CUST-05403,Caloocan,Metro Manila,NCR,2023-12-09
CUST-05404,Tacloban,Leyte,Eastern Visayas,2023-02-09
CUST-05405,Lipa,Batangas,Calabarzon,2023-02-08
CUST-05406,Caloocan,Metro Manila,NCR,2023-07-31
CUST-05407,Tacloban,Leyte,Eastern Visayas,2023-03-27
CUST-05408,Iloilo City,Iloilo,Western Visayas,2023-06-09
CUST-05409,Pasig,Metro Manila,NCR,2023-05-07
CUST-05410,Malolos,Bulacan,Central Luzon,2023-02-17
CUST-05411,Antipolo,Rizal,Calabarzon,2023-11-29
CUST-05412,Quezon City,Metro Manila,NCR,2023-10-09
CUST-05413,Zamboanga City,Zamboanga del Sur,Zamboanga Peninsula,2023-07-29
CUST-05414,Angeles,Pampanga,Central Luzon,2023-02-09
CUST-05415,Malolos,Bulacan,Central Luzon,2023-05-30
CUST-05416,Malolos,Bulacan,Central Luzon,2023-08-10
CUST-05417,Angeles,Pampanga,Central Luzon,2023-12-22
CUST-05418,Pasig,Metro Manila,NCR,2023-05-30
CUST-05419,Zamboanga City,Zamboanga del Sur,Zamboanga Peninsula,2023-09-25
CUST-05420,Baguio,Benguet,CAR,2023-09-04
CUST-05421,Cebu City,Cebu,Central Visayas,2023-01-03
CUST-05422,Santa Rosa,Laguna,Calabarzon,2023-06-23
CUST-05423,Pasig,Metro Manila,NCR,2023-11-12
CUST-05424,Quezon City,Metro Manila,NCR,2023-12-15
CUST-05425,Caloocan,Metro Manila,NCR,2023-08-13
CUST-05426,Manila,Metro Manila,NCR,2023-12-09
CUST-05427,Cebu City,Cebu,Central Visayas,2023-07-29
CUST-05428,Davao City,Davao del Sur,Davao Region,2023-08-03
CUST-05429,Pasig,Metro Manila,NCR,2023-02-14
CUST-05430,Caloocan,Metro Manila,NCR,2023-09-01
CUST-05431,Cebu City,Cebu,Central Visayas,2023-09-23
CUST-05432,Manila,Metro Manila,NCR,2023-05-22
CUST-05433,Cagayan de Oro,Misamis Oriental,Northern Mindanao,2023-05-13
CUST-05434,Antipolo,Rizal,Calabarzon,2023-12-19
CUST-05435,Quezon City,Metro Manila,NCR,2023-12-02
CUST-05436,Manila,Metro Manila,NCR,2023-11-01
CUST-05437,Cagayan de Oro,Misamis Oriental,Northern Mindanao,2023-03-24
CUST-05438,Taguig,Metro Manila,NCR,2023-10-17
CUST-05439,Cebu City,Cebu,Central Visayas,2023-01-04
CUST-05440,Manila,Metro Manila,NCR,2023-07-25
CUST-05441,Makati,Metro Manila,NCR,2023-01-26
CUST-05442,Davao City,Davao del Sur,Davao Region,2023-10-03
CUST-05443,Manila,Metro Manila,NCR,2023-07-31
CUST-05444,Quezon City,Metro Manila,NCR,2023-11-12
CUST-05445,Lipa,Batangas,Calabarzon,2023-02-27
CUST-05446,Davao City,Davao del Sur,Davao Region,2023-05-28
CUST-05447,Caloocan,Metro Manila,NCR,2023-12-05
CUST-05448,Manila,Metro Manila,NCR,2023-04-05
CUST-05449,General Santos,South Cotabato,SOCCSKSARGEN,2023-02-12
CUST-05450,Cebu City,Cebu,Central Visayas,2023-04-26
CUST-05451,Davao City,Davao del Sur,Davao Region,2023-03-12
CUST-05452,Iloilo City,Iloilo,Western Visayas,2023-09-23
CUST-05453,Cebu City,Cebu,Central Visayas,2023-07-28
CUST-05454,Antipolo,Rizal,Calabarzon,2023-02-24
CUST-05455,Caloocan,Metro Manila,NCR,2023-05-25
CUST-05456,Cebu City,Cebu,Central Visayas,2023-05-23
CUST-05457,Cebu City,Cebu,Central Visayas,2023-03-28
CUST-05458,Cagayan de Oro,Misamis Oriental,Northern Mindanao,2023-05-22
CUST-05459,Angeles,Pampanga,Central Luzon,2023-11-16
CUST-05460,Pasig,Metro Manila,NCR,2023-10-16
CUST-05461,Lipa,Batangas,Calabarzon,2023-03-23
CUST-05462,Baguio,Benguet,CAR,2023-10-05
CUST-05463,Bacoor,Cavite,Calabarzon,2023-05-04
CUST-05464,Bacolod,Negros Occidental,Western Visayas,2023-07-12
CUST-05465,Malolos,Bulacan,Central Luzon,2023-05-20
CUST-05466,Quezon City,Metro Manila,NCR,2023-10-07
CUST-05467,Angeles,Pampanga,Central Luzon,2023-09-10
CUST-05468,Legazpi,Albay,Bicol,2023-04-25
CUST-05469,Davao City,Davao del Sur,Davao Region,2023-10-31
CUST-05470,Bacoor,Cavite,Calabarzon,2023-09-11
CUST-05471,Malolos,Bulacan,Central Luzon,2023-01-02
CUST-05472,Santa Rosa,Laguna,Calabarzon,2023-11-07
CUST-05473,Angeles,Pampanga,Central Luzon,2023-06-05
CUST-05474,Quezon City,Metro Manila,NCR,2023-11-07
CUST-05475,Davao City,Davao del Sur,Davao Region,2023-04-18
CUST-05476,Davao City,Davao del Sur,Davao Region,2023-11-16
CUST-05477,Angeles,Pampanga,Central Luzon,2023-06-06
CUST-05478,Angeles,Pampanga,Central Luzon,2023-07-25
CUST-05479,Quezon City,Metro Manila,NCR,2023-04-24
CUST-05480,Malolos,Bulacan,Central Luzon,2023-12-31
CUST-05481,Bacoor,Cavite,Calabarzon,2023-06-27
CUST-05482,Cebu City,Cebu,Central Visayas,2023-06-18
CUST-05483,Quezon City,Metro Manila,NCR,2023-10-06
CUST-05484,Cebu City,Cebu,Central Visayas,2023-09-15
CUST-05485,Pasig,Metro Manila,NCR,2023-04-19
CUST-05486,Legazpi,Albay,Bicol,2023-06-14
CUST-05487,Baguio,Benguet,CAR,2023-06-04
CUST-05488,Taguig,Metro Manila,NCR,2023-01-25
CUST-05489,Bacoor,Cavite,Calabarzon,2023-08-07
CUST-05490,Tacloban,Leyte,Eastern Visayas,2023-02-18
CUST-05491,Malolos,Bulacan,Central Luzon,2023-01-11
CUST-05492,Quezon City,Metro Manila,NCR,2023-06-05
CUST-05493,Bacoor,Cavite,Calabarzon,2023-10-16
CUST-05494,Pasig,Metro Manila,NCR,2023-08-02
CUST-05495,Legazpi,Albay,Bicol,2023-12-16
CUST-05496,Baguio,Benguet,CAR,2023-04-22
CUST-05497,Quezon City,Metro Manila,NCR,2023-09-24
CUST-05498,Baguio,Benguet,CAR,2023-01-30
CUST-05499,Mandaue,Cebu,Central Visayas,2023-05-08
CUST-05500,Iloilo City,Iloilo,Western Visayas,2023-07-07
CUST-05501,Quezon City,Metro Manila,NCR,2023-10-25
CUST-05502,Pasig,Metro Manila,NCR,2023-11-26
CUST-05503,Bacoor,Cavite,Calabarzon,2023-05-01
CUST-05504,Makati,Metro Manila,NCR,2023-03-28
CUST-05505,Bacoor,Cavite,Calabarzon,2023-09-26
CUST-05506,Quezon City,Metro Manila,NCR,2023-12-29
CUST-05507,Manila,Metro Manila,NCR,2023-09-07
CUST-05508,Cebu City,Cebu,Central Visayas,2023-03-28
CUST-05509,Taguig,Metro Manila,NCR,2023-06-04
CUST-05510,Cebu City,Cebu,Central Visayas,2023-12-02
CUST-05511,Quezon City,Metro Manila,NCR,2023-11-21
CUST-05512,Angeles,Pampanga,Central Luzon,2023-11-24
CUST-05513,Antipolo,Rizal,Calabarzon,2023-03-31
CUST-05514,Bacolod,Negros Occidental,Western Visayas,2023-03-22
CUST-05515,Iloilo City,Iloilo,Western Visayas,2023-08-06
CUST-05516,Antipolo,Rizal,Calabarzon,2023-04-25
CUST-05517,Baguio,Benguet,CAR,2023-12-25
CUST-05518,Taguig,Metro Manila,NCR,2023-06-10
CUST-05519,Malolos,Bulacan,Central Luzon,2023-09-24
CUST-05520,Quezon City,Metro Manila,NCR,2023-03-08
CUST-05521,Bacoor,Cavite,Calabarzon,2023-07-07
CUST-05522,Makati,Metro Manila,NCR,2023-02-25
CUST-05523,Davao City,Davao del Sur,Davao Region,2023-06-10
CUST-05524,Bacoor,Cavite,Calabarzon,2023-07-19
CUST-05525,Malolos,Bulacan,Central Luzon,2023-01-21
CUST-05526,Antipolo,Rizal,Calabarzon,2023-01-03
CUST-05527,Pasig,Metro Manila,NCR,2023-07-19
CUST-05528,Makati,Metro Manila,NCR,2023-08-24
CUST-05529,Davao City,Davao del Sur,Davao Region,2023-05-11
CUST-05530,Bacolod,Negros Occidental,Western Visayas,2023-10-31
CUST-05531,Manila,Metro Manila,NCR,2023-08-13
CUST-05532,Mandaue,Cebu,Central Visayas,2023-02-27
CUST-05533,Bacoor,Cavite,Calabarzon,2023-02-08
CUST-05534,Quezon City,Metro Manila,NCR,2023-08-03
CUST-05535,Angeles,Pampanga,Central Luzon,2023-08-12
CUST-05536,Manila,Metro Manila,NCR,2023-02-16
CUST-05537,Makati,Metro Manila,NCR,2023-10-20
CUST-05538,Cebu City,Cebu,Central Visayas,2023-12-10
CUST-05539,Taguig,Metro Manila,NCR,2023-12-06
CUST-05540,Davao City,Davao del Sur,Davao Region,2023-11-22
CUST-05541,Cebu City,Cebu,Central Visayas,2023-02-14
CUST-05542,Tacloban,Leyte,Eastern Visayas,2023-12-18
CUST-05543,Baguio,Benguet,CAR,2023-09-02
CUST-05544,Davao City,Davao del Sur,Davao Region,2023-05-27
CUST-05545,Antipolo,Rizal,Calabarzon,2023-05-24
CUST-05546,Angeles,Pampanga,Central Luzon,2023-03-04
CUST-05547,Lipa,Batangas,Calabarzon,2023-01-08
CUST-05548,Davao City,Davao del Sur,Davao Region,2023-08-08
CUST-05549,Manila,Metro Manila,NCR,2023-10-08
CUST-05550,Malolos,Bulacan,Central Luzon,2023-11-29
CUST-05551,Iloilo City,Iloilo,Western Visayas,2023-02-10
CUST-05552,Antipolo,Rizal,Calabarzon,2023-08-18
CUST-05553,Davao City,Davao del Sur,Davao Region,2023-02-08
CUST-05554,Antipolo,Rizal,Calabarzon,2023-08-27
CUST-05555,Manila,Metro Manila,NCR,2023-04-01
CUST-05556,Malolos,Bulacan,Central Luzon,2023-05-12
CUST-05557,Bacoor,Cavite,Calabarzon,2023-04-16
CUST-05558,Quezon City,Metro Manila,NCR,2023-05-08
CUST-05559,Quezon City,Metro Manila,NCR,2023-09-11
CUST-05560,Makati,Metro Manila,NCR,2023-11-25
CUST-05561,Iloilo City,Iloilo,Western Visayas,2023-12-29
CUST-05562,Davao City,Davao del Sur,Davao Region,2023-08-01
CUST-05563,Angeles,Pampanga,Central Luzon,2023-02-10
CUST-05564,Quezon City,Metro Manila,NCR,2023-05-12
CUST-05565,Angeles,Pampanga,Central Luzon,2023-04-30
CUST-05566,Davao City,Davao del Sur,Davao Region,2023-09-29
CUST-05567,Mandaue,Cebu,Central Visayas,2023-07-08
CUST-05568,Pasig,Metro Manila,NCR,2023-08-06
CUST-05569,Manila,Metro Manila,NCR,2023-11-13
CUST-05570,Davao City,Davao del Sur,Davao Region,2023-05-23
CUST-05571,Davao City,Davao del Sur,Davao Region,2023-08-22
CUST-05572,Quezon City,Metro Manila,NCR,2023-08-07
CUST-05573,Tacloban,Leyte,Eastern Visayas,2023-05-29
CUST-05574,Quezon City,Metro Manila,NCR,2023-12-21
CUST-05575,Quezon City,Metro Manila,NCR,2023-01-25
CUST-05576,Iloilo City,Iloilo,Western Visayas,2023-10-12
CUST-05577,Angeles,Pampanga,Central Luzon,2023-04-29
CUST-05578,Bacoor,Cavite,Calabarzon,2023-03-24
CUST-05579,Davao City,Davao del Sur,Davao Region,2023-11-06
CUST-05580,Tacloban,Leyte,Eastern Visayas,2023-10-03
CUST-05581,Quezon City,Metro Manila,NCR,2023-08-04
CUST-05582,Baguio,Benguet,CAR,2023-03-09
CUST-05583,Iloilo City,Iloilo,Western Visayas,2023-05-14
CUST-05584,Angeles,Pampanga,Central Luzon,2023-07-15
CUST-05585,General Santos,South Cotabato,SOCCSKSARGEN,2023-02-25
CUST-05586,Cebu City,Cebu,Central Visayas,2023-07-13
CUST-05587,Quezon City,Metro Manila,NCR,2023-02-12
CUST-05588,Makati,Metro Manila,NCR,2023-03-26
CUST-05589,Tacloban,Leyte,Eastern Visayas,2023-10-31
CUST-05590,General Santos,South Cotabato,SOCCSKSARGEN,2023-08-15
CUST-05591,Quezon City,Metro Manila,NCR,2023-12-23
CUST-05592,Quezon City,Metro Manila,NCR,2023-10-06
CUST-05593,Iloilo City,Iloilo,Western Visayas,2023-12-24
CUST-05594,Quezon City,Metro Manila,NCR,2023-11-24
CUST-05595,Quezon City,Metro Manila,NCR,2023-12-31
CUST-05596,Davao City,Davao del Sur,Davao Region,2023-05-01
CUST-05597,Bacolod,Negros Occidental,Western Visayas,2023-08-05
CUST-05598,Davao City,Davao del Sur,Davao Region,2023-07-14
CUST-05599,Legazpi,Albay,Bicol,2023-03-28
CUST-05600,Caloocan,Metro Manila,NCR,2023-03-12
CUST-05601,Davao City,Davao del Sur,Davao Region,2023-06-21
CUST-05602,Pasig,Metro Manila,NCR,2023-07-18
CUST-05603,Pasig,Metro Manila,NCR,2023-05-09
CUST-05604,Davao City,Davao del Sur,Davao Region,2023-08-03
CUST-05605,Cebu City,Cebu,Central Visayas,2023-07-24
CUST-05606,Davao City,Davao del Sur,Davao Region,2023-09-14
CUST-05607,Manila,Metro Manila,NCR,2023-10-24
CUST-05608,Cagayan de Oro,Misamis Oriental,Northern Mindanao,2023-10-21
CUST-05609,Baguio,Benguet,CAR,2023-05-07
CUST-05610,Cebu City,Cebu,Central Visayas,2023-03-04
CUST-05611,Davao City,Davao del Sur,Davao Region,2023-07-31
CUST-05612,Antipolo,Rizal,Calabarzon,2023-11-28
CUST-05613,Cebu City,Cebu,Central Visayas,2023-05-24
CUST-05614,Legazpi,Albay,Bicol,2023-02-06
CUST-05615,Bacolod,Negros Occidental,Western Visayas,2023-06-23
CUST-05616,Davao City,Davao del Sur,Davao Region,2023-12-23
CUST-05617,Cebu City,Cebu,Central Visayas,2023-12-03
CUST-05618,Quezon City,Metro Manila,NCR,2023-06-25
CUST-05619,Makati,Metro Manila,NCR,2023-02-21
CUST-05620,Zamboanga City,Zamboanga del Sur,Zamboanga Peninsula,2023-12-11
CUST-05621,Zamboanga City,Zamboanga del Sur,Zamboanga Peninsula,2023-04-01
CUST-05622,Zamboanga City,Zamboanga del Sur,Zamboanga Peninsula,2023-03-23
CUST-05623,Quezon City,Metro Manila,NCR,2023-12-14
CUST-05624,Antipolo,Rizal,Calabarzon,2023-10-16
CUST-05625,Iloilo City,Iloilo,Western Visayas,2023-12-31
CUST-05626,Iloilo City,Iloilo,Western Visayas,2023-06-09
CUST-05627,Quezon City,Metro Manila,NCR,2023-10-30
CUST-05628,Baguio,Benguet,CAR,2023-02-01
CUST-05629,Manila,Metro Manila,NCR,2023-11-29
CUST-05630,Lipa,Batangas,Calabarzon,2023-05-10
CUST-05631,Taguig,Metro Manila,NCR,2023-03-20
CUST-05632,Quezon City,Metro Manila,NCR,2023-10-28
CUST-05633,Quezon City,Metro Manila,NCR,2023-10-01
CUST-05634,Davao City,Davao del Sur,Davao Region,2023-03-17
CUST-05635,Mandaue,Cebu,Central Visayas,2023-11-29
CUST-05636,Cagayan de Oro,Misamis Oriental,Northern Mindanao,2023-07-24
CUST-05637,Santa Rosa,Laguna,Calabarzon,2023-10-02
CUST-05638,Bacoor,Cavite,Calabarzon,2023-12-28
CUST-05639,Antipolo,Rizal,Calabarzon,2023-07-21
CUST-05640,Baguio,Benguet,CAR,2023-07-08
CUST-05641,Caloocan,Metro Manila,NCR,2023-08-28
CUST-05642,Mandaue,Cebu,Central Visayas,2023-03-11
CUST-05643,Bacolod,Negros Occidental,Western Visayas,2023-11-27
CUST-05644,Davao City,Davao del Sur,Davao Region,2023-07-29
CUST-05645,Taguig,Metro Manila,NCR,2023-10-28
CUST-05646,Angeles,Pampanga,Central Luzon,2023-03-31
CUST-05647,Makati,Metro Manila,NCR,2023-06-12
CUST-05648,Quezon City,Metro Manila,NCR,2023-04-19
CUST-05649,Cebu City,Cebu,Central Visayas,2023-11-23
CUST-05650,Angeles,Pampanga,Central Luzon,2023-07-19
CUST-05651,Cebu City,Cebu,Central Visayas,2023-12-14
CUST-05652,Quezon City,Metro Manila,NCR,2023-09-06
CUST-05653,General Santos,South Cotabato,SOCCSKSARGEN,2023-01-21
CUST-05654,General Santos,South Cotabato,SOCCSKSARGEN,2023-04-11
CUST-05655,Santa Rosa,Laguna,Calabarzon,2023-12-04
CUST-05656,Davao City,Davao del Sur,Davao Region,2023-08-20
CUST-05657,Taguig,Metro Manila,NCR,2023-02-18
CUST-05658,Mandaue,Cebu,Central Visayas,2023-10-31
CUST-05659,Davao City,Davao del Sur,Davao Region,2023-03-31
CUST-05660,Bacolod,Negros Occidental,Western Visayas,2023-09-06
CUST-05661,Bacolod,Negros Occidental,Western Visayas,2023-07-11
CUST-05662,Santa Rosa,Laguna,Calabarzon,2023-02-15
CUST-05663,Bacolod,Negros Occidental,Western Visayas,2023-05-01
CUST-05664,Cebu City,Cebu,Central Visayas,2023-09-20
CUST-05665,Manila,Metro Manila,NCR,2023-12-29
CUST-05666,Manila,Metro Manila,NCR,2023-10-08
CUST-05667,Iloilo City,Iloilo,Western Visayas,2023-08-02
CUST-05668,Baguio,Benguet,CAR,2023-11-14
CUST-05669,Lipa,Batangas,Calabarzon,2023-02-14
CUST-05670,Davao City,Davao del Sur,Davao Region,2023-12-12
CUST-05671,Cebu City,Cebu,Central Visayas,2023-06-18
CUST-05672,Antipolo,Rizal,Calabarzon,2023-01-10
CUST-05673,Bacoor,Cavite,Calabarzon,2023-09-01
CUST-05674,Malolos,Bulacan,Central Luzon,2023-06-20
CUST-05675,Iloilo City,Iloilo,Western Visayas,2023-12-06
CUST-05676,Angeles,Pampanga,Central Luzon,2023-04-10
CUST-05677,Lipa,Batangas,Calabarzon,2023-01-10
CUST-05678,Mandaue,Cebu,Central Visayas,2023-03-25
CUST-05679,Cebu City,Cebu,Central Visayas,2023-11-08
CUST-05680,Tacloban,Leyte,Eastern Visayas,2023-08-26
CUST-05681,Quezon City,Metro Manila,NCR,2023-04-12
CUST-05682,Iloilo City,Iloilo,Western Visayas,2023-03-16
CUST-05683,Lipa,Batangas,Calabarzon,2023-08-07
CUST-05684,Quezon City,Metro Manila,NCR,2023-01-16
CUST-05685,Cebu City,Cebu,Central Visayas,2023-10-19
CUST-05686,Cebu City,Cebu,Central Visayas,2023-04-06
CUST-05687,Lipa,Batangas,Calabarzon,2023-07-04
CUST-05688,Bacolod,Negros Occidental,Western Visayas,2023-04-17
CUST-05689,Pasig,Metro Manila,NCR,2023-05-29
CUST-05690,Makati,Metro Manila,NCR,2023-07-28
CUST-05691,Caloocan,Metro Manila,NCR,2023-03-10
CUST-05692,Bacoor,Cavite,Calabarzon,2023-02-28
CUST-05693,Cebu City,Cebu,Central Visayas,2023-03-09
CUST-05694,Davao City,Davao del Sur,Davao Region,2023-11-30
CUST-05695,Cebu City,Cebu,Central Visayas,2023-07-31
CUST-05696,Manila,Metro Manila,NCR,2023-04-03
CUST-05697,Antipolo,Rizal,Calabarzon,2023-02-19
CUST-05698,Manila,Metro Manila,NCR,2023-08-22
CUST-05699,Cebu City,Cebu,Central Visayas,2023-04-06
CUST-05700,Taguig,Metro Manila,NCR,2023-06-09
CUST-05701,Angeles,Pampanga,Central Luzon,2023-10-13
CUST-05702,Bacolod,Negros Occidental,Western Visayas,2023-02-10
CUST-05703,Cebu City,Cebu,Central Visayas,2023-07-23
CUST-05704,Pasig,Metro Manila,NCR,2023-05-26
CUST-05705,Caloocan,Metro Manila,NCR,2023-09-18
CUST-05706,Legazpi,Albay,Bicol,2023-12-23
CUST-05707,Angeles,Pampanga,Central Luzon,2023-07-20
CUST-05708,Quezon City,Metro Manila,NCR,2023-04-13
CUST-05709,Davao City,Davao del Sur,Davao Region,2023-09-04
CUST-05710,Lipa,Batangas,Calabarzon,2023-01-27
CUST-05711,Santa Rosa,Laguna,Calabarzon,2023-04-03
CUST-05712,Makati,Metro Manila,NCR,2023-05-12
CUST-05713,Antipolo,Rizal,Calabarzon,2023-03-13
CUST-05714,Caloocan,Metro Manila,NCR,2023-02-21
CUST-05715,Taguig,Metro Manila,NCR,2023-04-13
CUST-05716,Angeles,Pampanga,Central Luzon,2023-03-06
CUST-05717,Santa Rosa,Laguna,Calabarzon,2023-04-16
CUST-05718,Davao City,Davao del Sur,Davao Region,2023-02-21
CUST-05719,Cagayan de Oro,Misamis Oriental,Northern Mindanao,2023-11-25
CUST-05720,Makati,Metro Manila,NCR,2023-08-29
CUST-05721,Quezon City,Metro Manila,NCR,2023-02-11
CUST-05722,Iloilo City,Iloilo,Western Visayas,2023-07-12
CUST-05723,General Santos,South Cotabato,SOCCSKSARGEN,2023-12-27
CUST-05724,Davao City,Davao del Sur,Davao Region,2023-02-26
CUST-05725,Quezon City,Metro Manila,NCR,2023-05-07
CUST-05726,Taguig,Metro Manila,NCR,2023-02-03
CUST-05727,Quezon City,Metro Manila,NCR,2023-12-27
CUST-05728,Bacolod,Negros Occidental,Western Visayas,2023-11-09
CUST-05729,Malolos,Bulacan,Central Luzon,2023-06-29
CUST-05730,Lipa,Batangas,Calabarzon,2023-10-27
CUST-05731,Angeles,Pampanga,Central Luzon,2023-06-25
CUST-05732,Taguig,Metro Manila,NCR,2023-08-28
CUST-05733,Malolos,Bulacan,Central Luzon,2023-10-17
CUST-05734,Quezon City,Metro Manila,NCR,2023-03-26
CUST-05735,Legazpi,Albay,Bicol,2023-12-18
CUST-05736,Mandaue,Cebu,Central Visayas,2023-02-16
CUST-05737,Cebu City,Cebu,Central Visayas,2023-11-06
CUST-05738,Caloocan,Metro Manila,NCR,2023-06-04
CUST-05739,Tacloban,Leyte,Eastern Visayas,2023-01-05
CUST-05740,Cebu City,Cebu,Central Visayas,2023-11-21
CUST-05741,Manila,Metro Manila,NCR,2023-01-28
CUST-05742,Makati,Metro Manila,NCR,2023-09-13
CUST-05743,Legazpi,Albay,Bicol,2023-04-06
CUST-05744,Pasig,Metro Manila,NCR,2023-02-23
CUST-05745,Manila,Metro Manila,NCR,2023-10-09
CUST-05746,Manila,Metro Manila,NCR,2023-08-28
CUST-05747,Manila,Metro Manila,NCR,2023-02-21
CUST-05748,Santa Rosa,Laguna,Calabarzon,2023-11-25
CUST-05749,Baguio,Benguet,CAR,2023-11-23
CUST-05750,Manila,Metro Manila,NCR,2023-09-13
CUST-05751,Cebu City,Cebu,Central Visayas,2023-05-26
CUST-05752,Pasig,Metro Manila,NCR,2023-03-13
CUST-05753,Pasig,Metro Manila,NCR,2023-06-10
CUST-05754,Makati,Metro Manila,NCR,2023-07-05
CUST-05755,Iloilo City,Iloilo,Western Visayas,2023-02-18
CUST-05756,Zamboanga City,Zamboanga del Sur,Zamboanga Peninsula,2023-10-31
CUST-05757,Lipa,Batangas,Calabarzon,2023-02-06
CUST-05758,Quezon City,Metro Manila,NCR,2023-09-09
CUST-05759,Taguig,Metro Manila,NCR,2023-09-23
CUST-05760,Manila,Metro Manila,NCR,2023-01-18
CUST-05761,Tacloban,Leyte,Eastern Visayas,2023-05-11
CUST-05762,Quezon City,Metro Manila,NCR,2023-07-28
CUST-05763,Zamboanga City,Zamboanga del Sur,Zamboanga Peninsula,2023-09-03
CUST-05764,Malolos,Bulacan,Central Luzon,2023-07-24
CUST-05765,Lipa,Batangas,Calabarzon,2023-03-19
CUST-05766,Davao City,Davao del Sur,Davao Region,2023-11-07
CUST-05767,Quezon City,Metro Manila,NCR,2023-10-30
CUST-05768,Iloilo City,Iloilo,Western Visayas,2023-09-12
CUST-05769,Manila,Metro Manila,NCR,2023-07-09
CUST-05770,Tacloban,Leyte,Eastern Visayas,2023-03-10
CUST-05771,Angeles,Pampanga,Central Luzon,2023-10-17
CUST-05772,Quezon City,Metro Manila,NCR,2023-03-21
CUST-05773,Tacloban,Leyte,Eastern Visayas,2023-02-04
CUST-05774,Quezon City,Metro Manila,NCR,2023-07-27
CUST-05775,Manila,Metro Manila,NCR,2023-01-16
CUST-05776,Bacolod,Negros Occidental,Western Visayas,2023-02-09
CUST-05777,Santa Rosa,Laguna,Calabarzon,2023-03-17
CUST-05778,Davao City,Davao del Sur,Davao Region,2023-08-16
CUST-05779,Legazpi,Albay,Bicol,2023-09-14
CUST-05780,Baguio,Benguet,CAR,2023-02-20
CUST-05781,Pasig,Metro Manila,NCR,2023-07-24
CUST-05782,Manila,Metro Manila,NCR,2023-12-21
CUST-05783,Zamboanga City,Zamboanga del Sur,Zamboanga Peninsula,2023-04-15
CUST-05784,Quezon City,Metro Manila,NCR,2023-08-28
CUST-05785,Angeles,Pampanga,Central Luzon,2023-01-25
CUST-05786,Taguig,Metro Manila,NCR,2023-02-23
CUST-05787,Taguig,Metro Manila,NCR,2023-11-24
CUST-05788,Malolos,Bulacan,Central Luzon,2023-02-07
CUST-05789,Bacolod,Negros Occidental,Western Visayas,2023-01-20
CUST-05790,Iloilo City,Iloilo,Western Visayas,2023-03-31
CUST-05791,Davao City,Davao del Sur,Davao Region,2023-09-23
CUST-05792,Pasig,Metro Manila,NCR,2023-05-02
CUST-05793,Santa Rosa,Laguna,Calabarzon,2023-02-19
CUST-05794,Quezon City,Metro Manila,NCR,2023-03-10
CUST-05795,Mandaue,Cebu,Central Visayas,2023-07-28
CUST-05796,Pasig,Metro Manila,NCR,2023-04-18
CUST-05797,Angeles,Pampanga,Central Luzon,2023-08-14
CUST-05798,Manila,Metro Manila,NCR,2023-10-01
CUST-05799,Bacolod,Negros Occidental,Western Visayas,2023-05-01
CUST-05800,Bacolod,Negros Occidental,Western Visayas,2023-07-15
CUST-05801,Davao City,Davao del Sur,Davao Region,2023-10-11
CUST-05802,Quezon City,Metro Manila,NCR,2023-05-05
CUST-05803,General Santos,South Cotabato,SOCCSKSARGEN,2023-09-06
CUST-05804,Taguig,Metro Manila,NCR,2023-06-01
CUST-05805,Pasig,Metro Manila,NCR,2023-08-23
CUST-05806,Taguig,Metro Manila,NCR,2023-02-12
CUST-05807,Taguig,Metro Manila,NCR,2023-02-25
CUST-05808,Angeles,Pampanga,Central Luzon,2023-07-13
CUST-05809,Taguig,Metro Manila,NCR,2023-04-17
CUST-05810,Antipolo,Rizal,Calabarzon,2023-10-29
CUST-05811,Cebu City,Cebu,Central Visayas,2023-01-02
CUST-05812,Tacloban,Leyte,Eastern Visayas,2023-10-15
CUST-05813,Cebu City,Cebu,Central Visayas,2023-02-19
CUST-05814,Malolos,Bulacan,Central Luzon,2023-02-27
CUST-05815,Manila,Metro Manila,NCR,2023-10-28
CUST-05816,Bacolod,Negros Occidental,Western Visayas,2023-12-29
CUST-05817,Quezon City,Metro Manila,NCR,2023-04-07
CUST-05818,Taguig,Metro Manila,NCR,2023-02-18
CUST-05819,Quezon City,Metro Manila,NCR,2023-04-15
CUST-05820,Cebu City,Cebu,Central Visayas,2023-12-12
CUST-05821,Antipolo,Rizal,Calabarzon,2023-05-11
CUST-05822,Legazpi,Albay,Bicol,2023-08-12
CUST-05823,Caloocan,Metro Manila,NCR,2023-02-01
CUST-05824,Santa Rosa,Laguna,Calabarzon,2023-03-15
CUST-05825,Santa Rosa,Laguna,Calabarzon,2023-03-16
CUST-05826,Quezon City,Metro Manila,NCR,2023-08-06
CUST-05827,Bacoor,Cavite,Calabarzon,2023-09-06
CUST-05828,Legazpi,Albay,Bicol,2023-03-07
CUST-05829,Angeles,Pampanga,Central Luzon,2023-11-20
CUST-05830,Quezon City,Metro Manila,NCR,2023-11-26
CUST-05831,Cebu City,Cebu,Central Visayas,2023-12-10
CUST-05832,Pasig,Metro Manila,NCR,2023-06-29
CUST-05833,Quezon City,Metro Manila,NCR,2023-12-05
CUST-05834,Manila,Metro Manila,NCR,2023-06-03
CUST-05835,Lipa,Batangas,Calabarzon,2023-11-01
CUST-05836,Pasig,Metro Manila,NCR,2023-02-10
CUST-05837,Cebu City,Cebu,Central Visayas,2023-07-28
CUST-05838,Taguig,Metro Manila,NCR,2023-11-28
CUST-05839,Iloilo City,Iloilo,Western Visayas,2023-04-23
CUST-05840,Pasig,Metro Manila,NCR,2023-08-31
CUST-05841,Baguio,Benguet,CAR,2023-09-28
CUST-05842,Bacolod,Negros Occidental,Western Visayas,2023-05-06
CUST-05843,Antipolo,Rizal,Calabarzon,2023-01-18
CUST-05844,Quezon City,Metro Manila,NCR,2023-01-09
CUST-05845,Angeles,Pampanga,Central Luzon,2023-07-27
CUST-05846,General Santos,South Cotabato,SOCCSKSARGEN,2023-02-26
CUST-05847,Zamboanga City,Zamboanga del Sur,Zamboanga Peninsula,2023-10-17
CUST-05848,Makati,Metro Manila,NCR,2023-02-27
CUST-05849,Iloilo City,Iloilo,Western Visayas,2023-01-23
CUST-05850,Caloocan,Metro Manila,NCR,2023-06-27
CUST-05851,Manila,Metro Manila,NCR,2023-06-25
CUST-05852,Cebu City,Cebu,Central Visayas,2023-06-10
CUST-05853,Lipa,Batangas,Calabarzon,2023-12-06
CUST-05854,Angeles,Pampanga,Central Luzon,2023-02-22
CUST-05855,Tacloban,Leyte,Eastern Visayas,2023-04-07
CUST-05856,Caloocan,Metro Manila,NCR,2023-02-18
CUST-05857,Cebu City,Cebu,Central Visayas,2023-11-20
CUST-05858,Antipolo,Rizal,Calabarzon,2023-03-15
CUST-05859,Quezon City,Metro Manila,NCR,2023-08-22
CUST-05860,Antipolo,Rizal,Calabarzon,2023-03-09
CUST-05861,Cagayan de Oro,Misamis Oriental,Northern Mindanao,2023-01-04
CUST-05862,Santa Rosa,Laguna,Calabarzon,2023-02-14
CUST-05863,Manila,Metro Manila,NCR,2023-02-01
CUST-05864,Cebu City,Cebu,Central Visayas,2023-11-21
CUST-05865,Zamboanga City,Zamboanga del Sur,Zamboanga Peninsula,2023-09-04
CUST-05866,Davao City,Davao del Sur,Davao Region,2023-09-17
CUST-05867,Malolos,Bulacan,Central Luzon,2023-06-28
CUST-05868,Antipolo,Rizal,Calabarzon,2023-01-10
CUST-05869,Malolos,Bulacan,Central Luzon,2023-04-26
CUST-05870,Bacolod,Negros Occidental,Western Visayas,2023-06-17
CUST-05871,Davao City,Davao del Sur,Davao Region,2023-03-14
CUST-05872,Bacolod,Negros Occidental,Western Visayas,2023-10-29
CUST-05873,Santa Rosa,Laguna,Calabarzon,2023-05-05
CUST-05874,Manila,Metro Manila,NCR,2023-07-02
CUST-05875,Angeles,Pampanga,Central Luzon,2023-10-19
CUST-05876,Manila,Metro Manila,NCR,2023-05-11
CUST-05877,Quezon City,Metro Manila,NCR,2023-03-01
CUST-05878,Lipa,Batangas,Calabarzon,2023-03-05
CUST-05879,Cebu City,Cebu,Central Visayas,2023-02-28
CUST-05880,Davao City,Davao del Sur,Davao Region,2023-03-11
CUST-05881,Iloilo City,Iloilo,Western Visayas,2023-07-14
CUST-05882,Davao City,Davao del Sur,Davao Region,2023-12-15
CUST-05883,Iloilo City,Iloilo,Western Visayas,2023-01-14
CUST-05884,Cebu City,Cebu,Central Visayas,2023-07-20
CUST-05885,Quezon City,Metro Manila,NCR,2023-05-16
CUST-05886,Baguio,Benguet,CAR,2023-12-25
CUST-05887,Manila,Metro Manila,NCR,2023-02-11
CUST-05888,Quezon City,Metro Manila,NCR,2023-02-11
CUST-05889,Manila,Metro Manila,NCR,2023-01-28
CUST-05890,Tacloban,Leyte,Eastern Visayas,2023-10-30
CUST-05891,Mandaue,Cebu,Central Visayas,2023-02-28
CUST-05892,Cagayan de Oro,Misamis Oriental,Northern Mindanao,2023-05-18
CUST-05893,General Santos,South Cotabato,SOCCSKSARGEN,2023-11-09
CUST-05894,Davao City,Davao del Sur,Davao Region,2023-06-07
CUST-05895,Manila,Metro Manila,NCR,2023-07-12
CUST-05896,Davao City,Davao del Sur,Davao Region,2023-05-18
CUST-05897,Tacloban,Leyte,Eastern Visayas,2023-12-02
CUST-05898,Davao City,Davao del Sur,Davao Region,2023-06-10
CUST-05899,Manila,Metro Manila,NCR,2023-04-29
CUST-05900,Manila,Metro Manila,NCR,2023-04-15
CUST-05901,Cagayan de Oro,Misamis Oriental,Northern Mindanao,2023-03-27
CUST-05902,Manila,Metro Manila,NCR,2023-05-18
CUST-05903,Antipolo,Rizal,Calabarzon,2023-04-20
CUST-05904,Santa Rosa,Laguna,Calabarzon,2023-11-30
CUST-05905,Manila,Metro Manila,NCR,2023-03-16
CUST-05906,Quezon City,Metro Manila,NCR,2023-08-21
CUST-05907,General Santos,South Cotabato,SOCCSKSARGEN,2023-06-16
CUST-05908,Davao City,Davao del Sur,Davao Region,2023-06-16
CUST-05909,Davao City,Davao del Sur,Davao Region,2023-01-10
CUST-05910,Pasig,Metro Manila,NCR,2023-09-05
CUST-05911,Makati,Metro Manila,NCR,2023-08-14
CUST-05912,Bacoor,Cavite,Calabarzon,2023-03-30
CUST-05913,Santa Rosa,Laguna,Calabarzon,2023-05-15
CUST-05914,Quezon City,Metro Manila,NCR,2023-09-07
CUST-05915,Iloilo City,Iloilo,Western Visayas,2023-08-29
CUST-05916,General Santos,South Cotabato,SOCCSKSARGEN,2023-03-05
CUST-05917,Angeles,Pampanga,Central Luzon,2023-03-02
CUST-05918,Antipolo,Rizal,Calabarzon,2023-11-09
CUST-05919,Antipolo,Rizal,Calabarzon,2023-08-09
CUST-05920,Quezon City,Metro Manila,NCR,2023-03-27
CUST-05921,Taguig,Metro Manila,NCR,2023-11-19
CUST-05922,Lipa,Batangas,Calabarzon,2023-10-27
CUST-05923,Bacoor,Cavite,Calabarzon,2023-11-05
CUST-05924,Angeles,Pampanga,Central Luzon,2023-06-23
CUST-05925,Davao City,Davao del Sur,Davao Region,2023-07-21
CUST-05926,Makati,Metro Manila,NCR,2023-09-07
CUST-05927,Quezon City,Metro Manila,NCR,2023-11-13
CUST-05928,Quezon City,Metro Manila,NCR,2023-05-14
CUST-05929,Manila,Metro Manila,NCR,2023-03-13
CUST-05930,Angeles,Pampanga,Central Luzon,2023-10-16
CUST-05931,Bacolod,Negros Occidental,Western Visayas,2023-05-03
CUST-05932,Davao City,Davao del Sur,Davao Region,2023-03-17
CUST-05933,Legazpi,Albay,Bicol,2023-06-12
CUST-05934,Antipolo,Rizal,Calabarzon,2023-06-06
CUST-05935,Manila,Metro Manila,NCR,2023-11-02
CUST-05936,Antipolo,Rizal,Calabarzon,2023-01-17
CUST-05937,Caloocan,Metro Manila,NCR,2023-01-17
CUST-05938,Davao City,Davao del Sur,Davao Region,2023-04-17
CUST-05939,Santa Rosa,Laguna,Calabarzon,2023-02-06
CUST-05940,Taguig,Metro Manila,NCR,2023-05-25
CUST-05941,Pasig,Metro Manila,NCR,2023-05-05
CUST-05942,Manila,Metro Manila,NCR,2023-03-05
CUST-05943,Cagayan de Oro,Misamis Oriental,Northern Mindanao,2023-12-19
CUST-05944,Quezon City,Metro Manila,NCR,2023-10-13
CUST-05945,Quezon City,Metro Manila,NCR,2023-10-19
CUST-05946,Makati,Metro Manila,NCR,2023-05-16
CUST-05947,Bacolod,Negros Occidental,Western Visayas,2023-10-05
CUST-05948,Lipa,Batangas,Calabarzon,2023-08-12
CUST-05949,Baguio,Benguet,CAR,2023-07-05
CUST-05950,Antipolo,Rizal,Calabarzon,2023-04-05
CUST-05951,Quezon City,Metro Manila,NCR,2023-06-27
CUST-05952,Davao City,Davao del Sur,Davao Region,2023-12-24
CUST-05953,Makati,Metro Manila,NCR,2023-04-26
CUST-05954,Quezon City,Metro Manila,NCR,2023-07-29
CUST-05955,Malolos,Bulacan,Central Luzon,2023-11-21
CUST-05956,Quezon City,Metro Manila,NCR,2023-05-09
CUST-05957,Quezon City,Metro Manila,NCR,2023-09-25
CUST-05958,Bacolod,Negros Occidental,Western Visayas,2023-07-17
CUST-05959,Lipa,Batangas,Calabarzon,2023-01-13
CUST-05960,Taguig,Metro Manila,NCR,2023-10-07
CUST-05961,Caloocan,Metro Manila,NCR,2023-02-12
CUST-05962,Mandaue,Cebu,Central Visayas,2023-07-16
CUST-05963,Quezon City,Metro Manila,NCR,2023-01-26
CUST-05964,Manila,Metro Manila,NCR,2023-02-25
CUST-05965,Baguio,Benguet,CAR,2023-03-04
CUST-05966,Malolos,Bulacan,Central Luzon,2023-10-18
CUST-05967,Zamboanga City,Zamboanga del Sur,Zamboanga Peninsula,2023-03-19
CUST-05968,Antipolo,Rizal,Calabarzon,2023-08-20
CUST-05969,Quezon City,Metro Manila,NCR,2023-02-03
CUST-05970,Angeles,Pampanga,Central Luzon,2023-01-05
CUST-05971,Legazpi,Albay,Bicol,2023-05-23
CUST-05972,Manila,Metro Manila,NCR,2023-02-02
CUST-05973,Angeles,Pampanga,Central Luzon,2023-06-21
CUST-05974,Makati,Metro Manila,NCR,2023-12-20
CUST-05975,Tacloban,Leyte,Eastern Visayas,2023-02-16
CUST-05976,Tacloban,Leyte,Eastern Visayas,2023-06-22
CUST-05977,Bacoor,Cavite,Calabarzon,2023-12-16
CUST-05978,Zamboanga City,Zamboanga del Sur,Zamboanga Peninsula,2023-12-09
CUST-05979,General Santos,South Cotabato,SOCCSKSARGEN,2023-04-13
CUST-05980,Manila,Metro Manila,NCR,2023-01-29
CUST-05981,Antipolo,Rizal,Calabarzon,2023-04-22
CUST-05982,Malolos,Bulacan,Central Luzon,2023-07-24
CUST-05983,Quezon City,Metro Manila,NCR,2023-09-11
CUST-05984,Antipolo,Rizal,Calabarzon,2023-08-02
CUST-05985,Taguig,Metro Manila,NCR,2023-09-06
CUST-05986,Cagayan de Oro,Misamis Oriental,Northern Mindanao,2023-09-24
CUST-05987,Bacoor,Cavite,Calabarzon,2023-11-16
CUST-05988,Iloilo City,Iloilo,Western Visayas,2023-06-08
CUST-05989,Antipolo,Rizal,Calabarzon,2023-10-14
CUST-05990,Manila,Metro Manila,NCR,2023-11-10
CUST-05991,Davao City,Davao del Sur,Davao Region,2023-09-23
CUST-05992,Quezon City,Metro Manila,NCR,2023-03-16
CUST-05993,Quezon City,Metro Manila,NCR,2023-06-06
CUST-05994,Antipolo,Rizal,Calabarzon,2023-07-06
CUST-05995,Cebu City,Cebu,Central Visayas,2023-05-30
CUST-05996,Caloocan,Metro Manila,NCR,2023-06-09
CUST-05997,Quezon City,Metro Manila,NCR,2023-07-04
CUST-05998,Pasig,Metro Manila,NCR,2023-03-01
CUST-05999,Taguig,Metro Manila,NCR,2023-04-10
CUST-06000,Quezon City,Metro Manila,NCR,2023-10-26
CUST-06001,Angeles,Pampanga,Central Luzon,2023-03-09
CUST-06002,Manila,Metro Manila,NCR,2023-10-30
CUST-06003,Pasig,Metro Manila,NCR,2023-12-04
CUST-06004,Legazpi,Albay,Bicol,2023-08-01
CUST-06005,Cebu City,Cebu,Central Visayas,2023-08-11
CUST-06006,Taguig,Metro Manila,NCR,2023-03-21
CUST-06007,Caloocan,Metro Manila,NCR,2023-04-23
CUST-06008,Taguig,Metro Manila,NCR,2023-12-11
CUST-06009,Zamboanga City,Zamboanga del Sur,Zamboanga Peninsula,2023-07-03
CUST-06010,Makati,Metro Manila,NCR,2023-03-17
CUST-06011,Makati,Metro Manila,NCR,2023-04-09
CUST-06012,Bacoor,Cavite,Calabarzon,2023-07-03
CUST-06013,Makati,Metro Manila,NCR,2023-05-22
CUST-06014,Manila,Metro Manila,NCR,2023-06-10
CUST-06015,Quezon City,Metro Manila,NCR,2023-10-09
CUST-06016,Legazpi,Albay,Bicol,2023-06-09
CUST-06017,Baguio,Benguet,CAR,2023-04-30
CUST-06018,Legazpi,Albay,Bicol,2023-12-12
CUST-06019,Iloilo City,Iloilo,Western Visayas,2023-04-23
CUST-06020,Caloocan,Metro Manila,NCR,2023-10-02
CUST-06021,Cagayan de Oro,Misamis Oriental,Northern Mindanao,2023-12-30
CUST-06022,Mandaue,Cebu,Central Visayas,2023-04-01
CUST-06023,Bacolod,Negros Occidental,Western Visayas,2023-08-12
CUST-06024,Cebu City,Cebu,Central Visayas,2023-08-04
CUST-06025,Antipolo,Rizal,Calabarzon,2023-05-19
CUST-06026,Pasig,Metro Manila,NCR,2023-06-11
CUST-06027,Bacoor,Cavite,Calabarzon,2023-05-20
CUST-06028,Quezon City,Metro Manila,NCR,2023-01-22
CUST-06029,Bacoor,Cavite,Calabarzon,2023-05-09
CUST-06030,Quezon City,Metro Manila,NCR,2023-12-16
CUST-06031,Quezon City,Metro Manila,NCR,2023-10-12
CUST-06032,Cagayan de Oro,Misamis Oriental,Northern Mindanao,2023-07-21
CUST-06033,Cebu City,Cebu,Central Visayas,2023-07-13
CUST-06034,Angeles,Pampanga,Central Luzon,2023-08-23
CUST-06035,Caloocan,Metro Manila,NCR,2023-10-26
CUST-06036,Angeles,Pampanga,Central Luzon,2023-11-24
CUST-06037,Davao City,Davao del Sur,Davao Region,2023-11-10
CUST-06038,Legazpi,Albay,Bicol,2023-01-19
CUST-06039,Malolos,Bulacan,Central Luzon,2023-08-10
CUST-06040,Santa Rosa,Laguna,Calabarzon,2023-01-16
CUST-06041,Caloocan,Metro Manila,NCR,2023-09-01
CUST-06042,Cebu City,Cebu,Central Visayas,2023-09-10
CUST-06043,General Santos,South Cotabato,SOCCSKSARGEN,2023-07-07
CUST-06044,Bacoor,Cavite,Calabarzon,2023-01-21
CUST-06045,Antipolo,Rizal,Calabarzon,2023-06-10
CUST-06046,Bacoor,Cavite,Calabarzon,2023-12-20
CUST-06047,Bacoor,Cavite,Calabarzon,2023-09-24
CUST-06048,General Santos,South Cotabato,SOCCSKSARGEN,2023-01-08
CUST-06049,Cebu City,Cebu,Central Visayas,2023-11-06
CUST-06050,Antipolo,Rizal,Calabarzon,2023-03-02
CUST-06051,Antipolo,Rizal,Calabarzon,2023-01-28
CUST-06052,Bacoor,Cavite,Calabarzon,2023-10-15
CUST-06053,Quezon City,Metro Manila,NCR,2023-06-11
CUST-06054,Angeles,Pampanga,Central Luzon,2023-05-28
CUST-06055,Bacolod,Negros Occidental,Western Visayas,2023-03-18
CUST-06056,Cebu City,Cebu,Central Visayas,2023-03-16
CUST-06057,Makati,Metro Manila,NCR,2023-12-11
CUST-06058,Mandaue,Cebu,Central Visayas,2023-09-07
CUST-06059,Cebu City,Cebu,Central Visayas,2023-01-23
CUST-06060,Taguig,Metro Manila,NCR,2023-08-25
CUST-06061,Baguio,Benguet,CAR,2023-10-04
CUST-06062,Baguio,Benguet,CAR,2023-05-17
CUST-06063,Tacloban,Leyte,Eastern Visayas,2023-10-22
CUST-06064,Manila,Metro Manila,NCR,2023-11-09
CUST-06065,Makati,Metro Manila,NCR,2023-03-16
CUST-06066,Santa Rosa,Laguna,Calabarzon,2023-11-19
CUST-06067,Quezon City,Metro Manila,NCR,2023-02-10
CUST-06068,Bacoor,Cavite,Calabarzon,2023-10-02
CUST-06069,Bacolod,Negros Occidental,Western Visayas,2023-11-24
CUST-06070,Manila,Metro Manila,NCR,2023-04-06
CUST-06071,Santa Rosa,Laguna,Calabarzon,2023-10-29
CUST-06072,General Santos,South Cotabato,SOCCSKSARGEN,2023-08-21
CUST-06073,Lipa,Batangas,Calabarzon,2023-08-26
CUST-06074,Lipa,Batangas,Calabarzon,2023-06-30
CUST-06075,Angeles,Pampanga,Central Luzon,2023-07-13
CUST-06076,Makati,Metro Manila,NCR,2023-10-22
CUST-06077,Manila,Metro Manila,NCR,2023-10-08
CUST-06078,Cebu City,Cebu,Central Visayas,2023-10-23
CUST-06079,Antipolo,Rizal,Calabarzon,2023-12-12
CUST-06080,Pasig,Metro Manila,NCR,2023-05-09
CUST-06081,Quezon City,Metro Manila,NCR,2023-07-14
CUST-06082,Davao City,Davao del Sur,Davao Region,2023-11-23
CUST-06083,Quezon City,Metro Manila,NCR,2023-09-03
CUST-06084,Mandaue,Cebu,Central Visayas,2023-05-03
CUST-06085,Antipolo,Rizal,Calabarzon,2023-09-19
CUST-06086,Malolos,Bulacan,Central Luzon,2023-08-08
CUST-06087,Taguig,Metro Manila,NCR,2023-04-05
CUST-06088,Manila,Metro Manila,NCR,2023-05-01
CUST-06089,Angeles,Pampanga,Central Luzon,2023-04-21
CUST-06090,Cebu City,Cebu,Central Visayas,2023-08-15
CUST-06091,Makati,Metro Manila,NCR,2023-07-09
CUST-06092,Bacoor,Cavite,Calabarzon,2023-02-27
CUST-06093,Bacoor,Cavite,Calabarzon,2023-02-17
CUST-06094,Makati,Metro Manila,NCR,2023-12-12
CUST-06095,Angeles,Pampanga,Central Luzon,2023-03-02
CUST-06096,Manila,Metro Manila,NCR,2023-02-09
CUST-06097,Lipa,Batangas,Calabarzon,2023-01-22
CUST-06098,Manila,Metro Manila,NCR,2023-09-25
CUST-06099,Santa Rosa,Laguna,Calabarzon,2023-07-03
CUST-06100,Pasig,Metro Manila,NCR,2023-12-17
CUST-06101,Bacoor,Cavite,Calabarzon,2023-11-22
CUST-06102,Bacoor,Cavite,Calabarzon,2023-06-10
CUST-06103,Davao City,Davao del Sur,Davao Region,2023-10-18
CUST-06104,Lipa,Batangas,Calabarzon,2023-10-12
CUST-06105,Bacolod,Negros Occidental,Western Visayas,2023-09-15
CUST-06106,Makati,Metro Manila,NCR,2023-07-18
CUST-06107,Caloocan,Metro Manila,NCR,2023-11-07
CUST-06108,Quezon City,Metro Manila,NCR,2023-03-15
CUST-06109,Bacoor,Cavite,Calabarzon,2023-05-03
CUST-06110,Cebu City,Cebu,Central Visayas,2023-03-19
CUST-06111,Tacloban,Leyte,Eastern Visayas,2023-01-28
CUST-06112,Angeles,Pampanga,Central Luzon,2023-05-27
CUST-06113,Legazpi,Albay,Bicol,2023-08-22
CUST-06114,Manila,Metro Manila,NCR,2023-01-10
CUST-06115,Quezon City,Metro Manila,NCR,2023-06-09
CUST-06116,Bacolod,Negros Occidental,Western Visayas,2023-07-16
CUST-06117,Manila,Metro Manila,NCR,2023-08-03
CUST-06118,Quezon City,Metro Manila,NCR,2023-12-18
CUST-06119,Cagayan de Oro,Misamis Oriental,Northern Mindanao,2023-01-18
CUST-06120,Zamboanga City,Zamboanga del Sur,Zamboanga Peninsula,2023-03-08
CUST-06121,Baguio,Benguet,CAR,2023-04-21
CUST-06122,Antipolo,Rizal,Calabarzon,2023-10-13
CUST-06123,Tacloban,Leyte,Eastern Visayas,2023-01-28
CUST-06124,Makati,Metro Manila,NCR,2023-10-29
CUST-06125,Bacoor,Cavite,Calabarzon,2023-10-05
CUST-06126,Caloocan,Metro Manila,NCR,2023-12-07
CUST-06127,Davao City,Davao del Sur,Davao Region,2023-09-18
CUST-06128,Cagayan de Oro,Misamis Oriental,Northern Mindanao,2023-09-04
CUST-06129,Legazpi,Albay,Bicol,2023-03-17
CUST-06130,Manila,Metro Manila,NCR,2023-09-04
CUST-06131,Santa Rosa,Laguna,Calabarzon,2023-01-18
CUST-06132,Taguig,Metro Manila,NCR,2023-09-13
CUST-06133,Davao City,Davao del Sur,Davao Region,2023-06-24
CUST-06134,Manila,Metro Manila,NCR,2023-05-30
CUST-06135,Quezon City,Metro Manila,NCR,2023-03-05
CUST-06136,Cebu City,Cebu,Central Visayas,2023-04-02
CUST-06137,Santa Rosa,Laguna,Calabarzon,2023-02-19
CUST-06138,Tacloban,Leyte,Eastern Visayas,2023-01-24
CUST-06139,Quezon City,Metro Manila,NCR,2023-11-20
CUST-06140,Bacolod,Negros Occidental,Western Visayas,2023-11-28
CUST-06141,Quezon City,Metro Manila,NCR,2023-07-22
CUST-06142,Quezon City,Metro Manila,NCR,2023-11-08
CUST-06143,Santa Rosa,Laguna,Calabarzon,2023-07-05
CUST-06144,Makati,Metro Manila,NCR,2023-05-31
CUST-06145,Malolos,Bulacan,Central Luzon,2023-09-23
CUST-06146,Quezon City,Metro Manila,NCR,2023-11-27
CUST-06147,Quezon City,Metro Manila,NCR,2023-01-14
CUST-06148,Mandaue,Cebu,Central Visayas,2023-08-19
CUST-06149,Makati,Metro Manila,NCR,2023-03-01
CUST-06150,Cebu City,Cebu,Central Visayas,2023-05-19
CUST-06151,Mandaue,Cebu,Central Visayas,2023-05-05
CUST-06152,Quezon City,Metro Manila,NCR,2023-03-23
CUST-06153,Iloilo City,Iloilo,Western Visayas,2023-09-27
CUST-06154,Taguig,Metro Manila,NCR,2023-10-14
CUST-06155,Antipolo,Rizal,Calabarzon,2023-01-03
CUST-06156,Quezon City,Metro Manila,NCR,2023-05-03
CUST-06157,Tacloban,Leyte,Eastern Visayas,2023-09-17
CUST-06158,Angeles,Pampanga,Central Luzon,2023-05-11
CUST-06159,Lipa,Batangas,Calabarzon,2023-08-11
CUST-06160,Zamboanga City,Zamboanga del Sur,Zamboanga Peninsula,2023-02-22
CUST-06161,Caloocan,Metro Manila,NCR,2023-06-30
CUST-06162,Davao City,Davao del Sur,Davao Region,2023-09-09
CUST-06163,Cebu City,Cebu,Central Visayas,2023-04-25
CUST-06164,Cagayan de Oro,Misamis Oriental,Northern Mindanao,2023-04-03
CUST-06165,Davao City,Davao del Sur,Davao Region,2023-08-18
CUST-06166,General Santos,South Cotabato,SOCCSKSARGEN,2023-04-02
CUST-06167,Manila,Metro Manila,NCR,2023-10-08
CUST-06168,Bacolod,Negros Occidental,Western Visayas,2023-10-06
CUST-06169,Bacolod,Negros Occidental,Western Visayas,2023-03-06
CUST-06170,Legazpi,Albay,Bicol,2023-05-20
CUST-06171,Pasig,Metro Manila,NCR,2023-12-20
CUST-06172,Zamboanga City,Zamboanga del Sur,Zamboanga Peninsula,2023-04-30
CUST-06173,Makati,Metro Manila,NCR,2023-09-12
CUST-06174,Lipa,Batangas,Calabarzon,2023-09-23
CUST-06175,Lipa,Batangas,Calabarzon,2023-07-31
CUST-06176,Manila,Metro Manila,NCR,2023-07-21
CUST-06177,Cebu City,Cebu,Central Visayas,2023-02-10
CUST-06178,Quezon City,Metro Manila,NCR,2023-07-26
CUST-06179,Cebu City,Cebu,Central Visayas,2023-09-15
CUST-06180,Davao City,Davao del Sur,Davao Region,2023-03-25
CUST-06181,Caloocan,Metro Manila,NCR,2023-06-17
CUST-06182,Cebu City,Cebu,Central Visayas,2024-01-01
CUST-06183,Manila,Metro Manila,NCR,2023-05-16
CUST-06184,Davao City,Davao del Sur,Davao Region,2023-07-03
CUST-06185,Cagayan de Oro,Misamis Oriental,Northern Mindanao,2023-06-06
CUST-06186,Manila,Metro Manila,NCR,2023-10-26
CUST-06187,Cebu City,Cebu,Central Visayas,2023-07-11
CUST-06188,Lipa,Batangas,Calabarzon,2023-05-10
CUST-06189,Angeles,Pampanga,Central Luzon,2023-04-29
CUST-06190,Cebu City,Cebu,Central Visayas,2023-04-28
CUST-06191,Lipa,Batangas,Calabarzon,2023-01-02
CUST-06192,Malolos,Bulacan,Central Luzon,2023-07-03
CUST-06193,Taguig,Metro Manila,NCR,2023-07-29
CUST-06194,Antipolo,Rizal,Calabarzon,2023-06-18
CUST-06195,Davao City,Davao del Sur,Davao Region,2023-09-03
CUST-06196,Manila,Metro Manila,NCR,2023-09-09
CUST-06197,Malolos,Bulacan,Central Luzon,2023-04-25
CUST-06198,Makati,Metro Manila,NCR,2023-09-09
CUST-06199,Davao City,Davao del Sur,Davao Region,2023-04-03
CUST-06200,Malolos,Bulacan,Central Luzon,2023-04-05
CUST-06201,Antipolo,Rizal,Calabarzon,2023-01-19
CUST-06202,Taguig,Metro Manila,NCR,2023-11-14
CUST-06203,Bacoor,Cavite,Calabarzon,2023-08-22
CUST-06204,Zamboanga City,Zamboanga del Sur,Zamboanga Peninsula,2023-03-26
CUST-06205,Lipa,Batangas,Calabarzon,2023-07-29
CUST-06206,Santa Rosa,Laguna,Calabarzon,2023-05-07
CUST-06207,Mandaue,Cebu,Central Visayas,2023-04-08
CUST-06208,Antipolo,Rizal,Calabarzon,2023-02-13
CUST-06209,Bacoor,Cavite,Calabarzon,2023-10-11
CUST-06210,Caloocan,Metro Manila,NCR,2023-09-29
CUST-06211,Manila,Metro Manila,NCR,2023-07-14
CUST-06212,Cebu City,Cebu,Central Visayas,2023-07-01
CUST-06213,Davao City,Davao del Sur,Davao Region,2023-02-05
CUST-06214,Davao City,Davao del Sur,Davao Region,2023-12-18
CUST-06215,Davao City,Davao del Sur,Davao Region,2023-10-04
CUST-06216,Bacoor,Cavite,Calabarzon,2023-02-02
CUST-06217,Pasig,Metro Manila,NCR,2023-05-22
CUST-06218,Legazpi,Albay,Bicol,2023-04-30
CUST-06219,Zamboanga City,Zamboanga del Sur,Zamboanga Peninsula,2023-10-02
CUST-06220,Mandaue,Cebu,Central Visayas,2023-05-19
CUST-06221,Lipa,Batangas,Calabarzon,2023-08-20
CUST-06222,Cebu City,Cebu,Central Visayas,2023-04-09
CUST-06223,Iloilo City,Iloilo,Western Visayas,2023-11-29
CUST-06224,Cagayan de Oro,Misamis Oriental,Northern Mindanao,2023-09-20
CUST-06225,Iloilo City,Iloilo,Western Visayas,2023-05-11
CUST-06226,Bacoor,Cavite,Calabarzon,2023-05-26
CUST-06227,Taguig,Metro Manila,NCR,2023-03-01
CUST-06228,Lipa,Batangas,Calabarzon,2023-03-15
CUST-06229,Caloocan,Metro Manila,NCR,2023-12-27
CUST-06230,Cagayan de Oro,Misamis Oriental,Northern Mindanao,2023-11-30
CUST-06231,Lipa,Batangas,Calabarzon,2023-08-25
CUST-06232,Santa Rosa,Laguna,Calabarzon,2023-01-17
CUST-06233,Caloocan,Metro Manila,NCR,2023-07-11
CUST-06234,Legazpi,Albay,Bicol,2023-02-10
CUST-06235,Lipa,Batangas,Calabarzon,2023-12-11
CUST-06236,Manila,Metro Manila,NCR,2023-01-15
CUST-06237,Davao City,Davao del Sur,Davao Region,2023-12-10
CUST-06238,Antipolo,Rizal,Calabarzon,2023-03-12
CUST-06239,Bacoor,Cavite,Calabarzon,2023-02-15
CUST-06240,Makati,Metro Manila,NCR,2023-09-16
CUST-06241,Angeles,Pampanga,Central Luzon,2023-09-14
CUST-06242,Cebu City,Cebu,Central Visayas,2023-06-03
CUST-06243,Davao City,Davao del Sur,Davao Region,2023-04-13
CUST-06244,Quezon City,Metro Manila,NCR,2023-11-19
CUST-06245,Zamboanga City,Zamboanga del Sur,Zamboanga Peninsula,2023-10-07
CUST-06246,Cebu City,Cebu,Central Visayas,2023-04-01
CUST-06247,Pasig,Metro Manila,NCR,2023-03-13
CUST-06248,Makati,Metro Manila,NCR,2023-11-06
CUST-06249,Pasig,Metro Manila,NCR,2023-02-11
CUST-06250,Davao City,Davao del Sur,Davao Region,2023-02-19
CUST-06251,Pasig,Metro Manila,NCR,2023-02-19
CUST-06252,Santa Rosa,Laguna,Calabarzon,2023-10-06
CUST-06253,Cebu City,Cebu,Central Visayas,2023-05-02
CUST-06254,Davao City,Davao del Sur,Davao Region,2023-11-04
CUST-06255,Cebu City,Cebu,Central Visayas,2023-10-22
CUST-06256,Iloilo City,Iloilo,Western Visayas,2023-12-07
CUST-06257,Manila,Metro Manila,NCR,2023-07-06
CUST-06258,Davao City,Davao del Sur,Davao Region,2023-04-17
CUST-06259,Pasig,Metro Manila,NCR,2023-10-21
CUST-06260,Manila,Metro Manila,NCR,2023-10-26
CUST-06261,General Santos,South Cotabato,SOCCSKSARGEN,2023-09-22
CUST-06262,Makati,Metro Manila,NCR,2023-10-21
CUST-06263,Manila,Metro Manila,NCR,2023-03-03
CUST-06264,Baguio,Benguet,CAR,2023-11-01
CUST-06265,Pasig,Metro Manila,NCR,2023-09-22
CUST-06266,Manila,Metro Manila,NCR,2023-09-12
CUST-06267,Malolos,Bulacan,Central Luzon,2023-10-20
CUST-06268,Iloilo City,Iloilo,Western Visayas,2023-01-23
CUST-06269,Bacolod,Negros Occidental,Western Visayas,2023-10-17
CUST-06270,Manila,Metro Manila,NCR,2023-07-08
CUST-06271,Angeles,Pampanga,Central Luzon,2023-06-09
CUST-06272,Bacolod,Negros Occidental,Western Visayas,2023-09-28
CUST-06273,Manila,Metro Manila,NCR,2023-07-13
CUST-06274,Makati,Metro Manila,NCR,2023-10-31
CUST-06275,Quezon City,Metro Manila,NCR,2023-07-09
CUST-06276,Angeles,Pampanga,Central Luzon,2023-12-26
CUST-06277,Makati,Metro Manila,NCR,2023-07-25
CUST-06278,Cebu City,Cebu,Central Visayas,2023-08-21
CUST-06279,Zamboanga City,Zamboanga del Sur,Zamboanga Peninsula,2023-08-27
CUST-06280,Makati,Metro Manila,NCR,2023-11-22
CUST-06281,Legazpi,Albay,Bicol,2023-01-02
CUST-06282,Makati,Metro Manila,NCR,2023-12-23
CUST-06283,Quezon City,Metro Manila,NCR,2023-11-09
CUST-06284,Iloilo City,Iloilo,Western Visayas,2023-11-25
CUST-06285,Bacoor,Cavite,Calabarzon,2023-01-10
CUST-06286,Cagayan de Oro,Misamis Oriental,Northern Mindanao,2023-09-07
CUST-06287,Angeles,Pampanga,Central Luzon,2023-07-28
CUST-06288,Manila,Metro Manila,NCR,2023-04-02
CUST-06289,Bacoor,Cavite,Calabarzon,2023-12-14
CUST-06290,Makati,Metro Manila,NCR,2023-12-08
CUST-06291,Davao City,Davao del Sur,Davao Region,2023-10-27
CUST-06292,Cebu City,Cebu,Central Visayas,2023-04-29
CUST-06293,Caloocan,Metro Manila,NCR,2023-01-09
CUST-06294,Angeles,Pampanga,Central Luzon,2023-05-20
CUST-06295,Cebu City,Cebu,Central Visayas,2023-02-17
CUST-06296,Iloilo City,Iloilo,Western Visayas,2023-02-14
CUST-06297,Quezon City,Metro Manila,NCR,2023-09-23
CUST-06298,Quezon City,Metro Manila,NCR,2023-10-26
CUST-06299,Manila,Metro Manila,NCR,2023-11-04
CUST-06300,Antipolo,Rizal,Calabarzon,2023-03-18
CUST-06301,Santa Rosa,Laguna,Calabarzon,2023-05-02
CUST-06302,Manila,Metro Manila,NCR,2023-02-20
CUST-06303,Bacoor,Cavite,Calabarzon,2023-06-30
CUST-06304,Bacoor,Cavite,Calabarzon,2023-01-10
CUST-06305,Manila,Metro Manila,NCR,2023-02-09
CUST-06306,Davao City,Davao del Sur,Davao Region,2023-03-12
CUST-06307,Malolos,Bulacan,Central Luzon,2023-03-14
CUST-06308,Antipolo,Rizal,Calabarzon,2023-11-17
CUST-06309,Lipa,Batangas,Calabarzon,2023-04-05
CUST-06310,Pasig,Metro Manila,NCR,2023-01-21
CUST-06311,Davao City,Davao del Sur,Davao Region,2023-09-17
CUST-06312,Malolos,Bulacan,Central Luzon,2023-03-10
CUST-06313,Lipa,Batangas,Calabarzon,2023-08-27
CUST-06314,Davao City,Davao del Sur,Davao Region,2023-10-16
CUST-06315,Tacloban,Leyte,Eastern Visayas,2023-04-10
CUST-06316,Bacolod,Negros Occidental,Western Visayas,2023-11-02
CUST-06317,Makati,Metro Manila,NCR,2023-07-10
CUST-06318,Manila,Metro Manila,NCR,2023-01-25
CUST-06319,Cebu City,Cebu,Central Visayas,2023-11-05
CUST-06320,Santa Rosa,Laguna,Calabarzon,2023-11-06
CUST-06321,Cebu City,Cebu,Central Visayas,2023-01-22
CUST-06322,Iloilo City,Iloilo,Western Visayas,2023-03-24
CUST-06323,Pasig,Metro Manila,NCR,2023-07-17
CUST-06324,Pasig,Metro Manila,NCR,2023-08-07
CUST-06325,Lipa,Batangas,Calabarzon,2023-01-15
CUST-06326,Taguig,Metro Manila,NCR,2023-04-12
CUST-06327,Cebu City,Cebu,Central Visayas,2023-02-04
CUST-06328,Mandaue,Cebu,Central Visayas,2023-11-29
CUST-06329,Santa Rosa,Laguna,Calabarzon,2023-06-22
CUST-06330,Cebu City,Cebu,Central Visayas,2023-04-12
CUST-06331,Lipa,Batangas,Calabarzon,2023-12-19
CUST-06332,Cebu City,Cebu,Central Visayas,2023-06-29
CUST-06333,Makati,Metro Manila,NCR,2023-12-12
CUST-06334,Mandaue,Cebu,Central Visayas,2023-02-07
CUST-06335,Cebu City,Cebu,Central Visayas,2023-04-28
CUST-06336,Taguig,Metro Manila,NCR,2023-10-25
CUST-06337,Angeles,Pampanga,Central Luzon,2023-06-25
CUST-06338,Davao City,Davao del Sur,Davao Region,2023-11-23
CUST-06339,Taguig,Metro Manila,NCR,2023-03-14
CUST-06340,Mandaue,Cebu,Central Visayas,2023-10-22
CUST-06341,Zamboanga City,Zamboanga del Sur,Zamboanga Peninsula,2023-05-25
CUST-06342,Davao City,Davao del Sur,Davao Region,2023-12-04
CUST-06343,Antipolo,Rizal,Calabarzon,2023-11-05
CUST-06344,Baguio,Benguet,CAR,2023-01-09
CUST-06345,General Santos,South Cotabato,SOCCSKSARGEN,2023-08-14
CUST-06346,Angeles,Pampanga,Central Luzon,2023-11-18
CUST-06347,Manila,Metro Manila,NCR,2023-04-21
CUST-06348,Quezon City,Metro Manila,NCR,2023-10-20
CUST-06349,Bacolod,Negros Occidental,Western Visayas,2023-05-31
CUST-06350,Bacoor,Cavite,Calabarzon,2023-03-12
CUST-06351,Taguig,Metro Manila,NCR,2023-04-27
CUST-06352,Caloocan,Metro Manila,NCR,2023-10-03
CUST-06353,Iloilo City,Iloilo,Western Visayas,2023-10-07
CUST-06354,Santa Rosa,Laguna,Calabarzon,2023-10-12
CUST-06355,Davao City,Davao del Sur,Davao Region,2023-05-16
CUST-06356,Mandaue,Cebu,Central Visayas,2023-05-01
CUST-06357,Zamboanga City,Zamboanga del Sur,Zamboanga Peninsula,2023-06-25
CUST-06358,Davao City,Davao del Sur,Davao Region,2023-08-09
CUST-06359,Taguig,Metro Manila,NCR,2023-12-10
CUST-06360,Cebu City,Cebu,Central Visayas,2023-03-03
CUST-06361,Quezon City,Metro Manila,NCR,2023-05-06
CUST-06362,General Santos,South Cotabato,SOCCSKSARGEN,2023-05-14
CUST-06363,Taguig,Metro Manila,NCR,2023-11-25
CUST-06364,Cebu City,Cebu,Central Visayas,2023-09-18
CUST-06365,Davao City,Davao del Sur,Davao Region,2023-09-13
CUST-06366,Manila,Metro Manila,NCR,2023-05-28
CUST-06367,Davao City,Davao del Sur,Davao Region,2023-03-20
CUST-06368,Quezon City,Metro Manila,NCR,2023-02-19
CUST-06369,Bacoor,Cavite,Calabarzon,2023-06-25
CUST-06370,Santa Rosa,Laguna,Calabarzon,2023-08-21
CUST-06371,Antipolo,Rizal,Calabarzon,2023-08-06
CUST-06372,Malolos,Bulacan,Central Luzon,2023-04-08
CUST-06373,Davao City,Davao del Sur,Davao Region,2023-09-07
CUST-06374,Caloocan,Metro Manila,NCR,2023-08-03
CUST-06375,Malolos,Bulacan,Central Luzon,2023-03-21
CUST-06376,Davao City,Davao del Sur,Davao Region,2023-06-17
CUST-06377,Iloilo City,Iloilo,Western Visayas,2023-07-15
CUST-06378,Quezon City,Metro Manila,NCR,2023-04-09
CUST-06379,Cagayan de Oro,Misamis Oriental,Northern Mindanao,2023-09-18
CUST-06380,Quezon City,Metro Manila,NCR,2023-12-10
CUST-06381,Malolos,Bulacan,Central Luzon,2023-03-20
CUST-06382,Malolos,Bulacan,Central Luzon,2023-07-19
CUST-06383,Bacolod,Negros Occidental,Western Visayas,2023-09-05
CUST-06384,Manila,Metro Manila,NCR,2023-11-28
CUST-06385,Makati,Metro Manila,NCR,2023-01-28
CUST-06386,Iloilo City,Iloilo,Western Visayas,2023-04-12
CUST-06387,Manila,Metro Manila,NCR,2023-09-23
CUST-06388,Santa Rosa,Laguna,Calabarzon,2023-05-25
CUST-06389,Mandaue,Cebu,Central Visayas,2023-07-16
CUST-06390,Legazpi,Albay,Bicol,2023-09-04
CUST-06391,Makati,Metro Manila,NCR,2023-09-10
CUST-06392,Pasig,Metro Manila,NCR,2023-12-05
CUST-06393,Zamboanga City,Zamboanga del Sur,Zamboanga Peninsula,2023-01-11
CUST-06394,Bacoor,Cavite,Calabarzon,2023-01-29
CUST-06395,Quezon City,Metro Manila,NCR,2023-02-18
CUST-06396,Makati,Metro Manila,NCR,2023-09-09
CUST-06397,Caloocan,Metro Manila,NCR,2023-01-03
CUST-06398,General Santos,South Cotabato,SOCCSKSARGEN,2023-09-23
CUST-06399,Pasig,Metro Manila,NCR,2023-03-07
CUST-06400,Quezon City,Metro Manila,NCR,2023-11-26
CUST-06401,Lipa,Batangas,Calabarzon,2023-09-10
CUST-06402,Quezon City,Metro Manila,NCR,2023-06-05
CUST-06403,Pasig,Metro Manila,NCR,2023-01-13
CUST-06404,General Santos,South Cotabato,SOCCSKSARGEN,2023-09-27
CUST-06405,Cebu City,Cebu,Central Visayas,2023-07-28
CUST-06406,Quezon City,Metro Manila,NCR,2023-02-28
CUST-06407,Bacoor,Cavite,Calabarzon,2023-07-13
CUST-06408,Manila,Metro Manila,NCR,2023-04-27
CUST-06409,Manila,Metro Manila,NCR,2023-08-02
CUST-06410,Malolos,Bulacan,Central Luzon,2023-12-31
CUST-06411,Lipa,Batangas,Calabarzon,2023-09-20
CUST-06412,Mandaue,Cebu,Central Visayas,2023-06-09
CUST-06413,Davao City,Davao del Sur,Davao Region,2023-12-25
CUST-06414,Taguig,Metro Manila,NCR,2023-10-09
CUST-06415,Cagayan de Oro,Misamis Oriental,Northern Mindanao,2023-01-19
CUST-06416,Lipa,Batangas,Calabarzon,2023-12-27
CUST-06417,Taguig,Metro Manila,NCR,2023-10-03
CUST-06418,Davao City,Davao del Sur,Davao Region,2023-05-20
CUST-06419,Quezon City,Metro Manila,NCR,2023-06-10
CUST-06420,Angeles,Pampanga,Central Luzon,2023-10-19
CUST-06421,Cebu City,Cebu,Central Visayas,2023-12-11
CUST-06422,Pasig,Metro Manila,NCR,2023-02-07
CUST-06423,Davao City,Davao del Sur,Davao Region,2023-06-14
CUST-06424,Taguig,Metro Manila,NCR,2023-06-06
CUST-06425,Tacloban,Leyte,Eastern Visayas,2023-12-11
CUST-06426,Quezon City,Metro Manila,NCR,2023-10-17
CUST-06427,Manila,Metro Manila,NCR,2023-12-06
CUST-06428,Antipolo,Rizal,Calabarzon,2023-01-09
CUST-06429,Davao City,Davao del Sur,Davao Region,2023-03-27
CUST-06430,Manila,Metro Manila,NCR,2023-06-16
CUST-06431,Davao City,Davao del Sur,Davao Region,2023-04-28
CUST-06432,Taguig,Metro Manila,NCR,2023-11-02
CUST-06433,Santa Rosa,Laguna,Calabarzon,2023-01-06
CUST-06434,Caloocan,Metro Manila,NCR,2023-06-27
CUST-06435,Manila,Metro Manila,NCR,2023-06-27
CUST-06436,Cagayan de Oro,Misamis Oriental,Northern Mindanao,2023-01-16
CUST-06437,Bacoor,Cavite,Calabarzon,2023-11-27
CUST-06438,Cebu City,Cebu,Central Visayas,2023-07-31
CUST-06439,Malolos,Bulacan,Central Luzon,2023-11-30
CUST-06440,Lipa,Batangas,Calabarzon,2023-07-30
CUST-06441,Baguio,Benguet,CAR,2023-09-26
CUST-06442,Davao City,Davao del Sur,Davao Region,2023-07-17
CUST-06443,Cebu City,Cebu,Central Visayas,2023-04-20
CUST-06444,Angeles,Pampanga,Central Luzon,2023-09-21
CUST-06445,Legazpi,Albay,Bicol,2023-12-14
CUST-06446,Malolos,Bulacan,Central Luzon,2023-11-03
CUST-06447,Bacoor,Cavite,Calabarzon,2023-04-15
CUST-06448,Baguio,Benguet,CAR,2023-06-04
CUST-06449,Bacoor,Cavite,Calabarzon,2023-01-09
CUST-06450,Iloilo City,Iloilo,Western Visayas,2023-02-09
CUST-06451,Zamboanga City,Zamboanga del Sur,Zamboanga Peninsula,2023-11-04
CUST-06452,Zamboanga City,Zamboanga del Sur,Zamboanga Peninsula,2023-04-08
CUST-06453,Bacolod,Negros Occidental,Western Visayas,2023-11-30
CUST-06454,Malolos,Bulacan,Central Luzon,2023-11-27
CUST-06455,Mandaue,Cebu,Central Visayas,2023-03-18
CUST-06456,Manila,Metro Manila,NCR,2023-08-08
CUST-06457,Santa Rosa,Laguna,Calabarzon,2023-01-02
CUST-06458,Taguig,Metro Manila,NCR,2023-12-31
CUST-06459,Quezon City,Metro Manila,NCR,2023-07-02
CUST-06460,Zamboanga City,Zamboanga del Sur,Zamboanga Peninsula,2023-09-11
CUST-06461,Davao City,Davao del Sur,Davao Region,2023-01-07
CUST-06462,Lipa,Batangas,Calabarzon,2023-05-02
CUST-06463,Taguig,Metro Manila,NCR,2023-03-26
CUST-06464,Cebu City,Cebu,Central Visayas,2023-09-18
CUST-06465,Bacoor,Cavite,Calabarzon,2023-02-09
CUST-06466,Bacolod,Negros Occidental,Western Visayas,2023-03-01
CUST-06467,General Santos,South Cotabato,SOCCSKSARGEN,2023-03-21
CUST-06468,Caloocan,Metro Manila,NCR,2023-07-11
CUST-06469,Taguig,Metro Manila,NCR,2023-01-30
CUST-06470,Taguig,Metro Manila,NCR,2023-05-02
CUST-06471,Quezon City,Metro Manila,NCR,2023-12-09
CUST-06472,Antipolo,Rizal,Calabarzon,2023-02-13
CUST-06473,Quezon City,Metro Manila,NCR,2023-12-25
CUST-06474,Manila,Metro Manila,NCR,2023-04-27
CUST-06475,Taguig,Metro Manila,NCR,2023-10-02
CUST-06476,Manila,Metro Manila,NCR,2023-02-08
CUST-06477,Mandaue,Cebu,Central Visayas,2023-04-10
CUST-06478,Quezon City,Metro Manila,NCR,2023-03-13
CUST-06479,Davao City,Davao del Sur,Davao Region,2023-04-21
CUST-06480,Makati,Metro Manila,NCR,2023-06-09
CUST-06481,Manila,Metro Manila,NCR,2023-02-20
CUST-06482,Quezon City,Metro Manila,NCR,2023-09-15
CUST-06483,Cebu City,Cebu,Central Visayas,2023-06-23
CUST-06484,Taguig,Metro Manila,NCR,2023-09-15
CUST-06485,Lipa,Batangas,Calabarzon,2023-11-21
CUST-06486,Manila,Metro Manila,NCR,2023-02-16
CUST-06487,General Santos,South Cotabato,SOCCSKSARGEN,2023-07-04
CUST-06488,Manila,Metro Manila,NCR,2023-12-13
CUST-06489,Bacoor,Cavite,Calabarzon,2023-03-06
CUST-06490,Davao City,Davao del Sur,Davao Region,2023-01-23
CUST-06491,Taguig,Metro Manila,NCR,2023-05-05
CUST-06492,Taguig,Metro Manila,NCR,2023-09-04
CUST-06493,Bacolod,Negros Occidental,Western Visayas,2023-02-22
CUST-06494,Taguig,Metro Manila,NCR,2023-04-07
CUST-06495,Quezon City,Metro Manila,NCR,2023-09-20
CUST-06496,Bacoor,Cavite,Calabarzon,2023-09-03
CUST-06497,Quezon City,Metro Manila,NCR,2023-01-06
CUST-06498,Davao City,Davao del Sur,Davao Region,2023-01-19
CUST-06499,Legazpi,Albay,Bicol,2023-04-30
CUST-06500,Malolos,Bulacan,Central Luzon,2023-12-19
CUST-06501,Makati,Metro Manila,NCR,2023-10-10
CUST-06502,Cebu City,Cebu,Central Visayas,2023-08-26
CUST-06503,Cebu City,Cebu,Central Visayas,2023-06-20
CUST-06504,Quezon City,Metro Manila,NCR,2023-02-19
CUST-06505,Davao City,Davao del Sur,Davao Region,2023-02-26
CUST-06506,Malolos,Bulacan,Central Luzon,2023-09-23
CUST-06507,Bacolod,Negros Occidental,Western Visayas,2023-11-23
CUST-06508,Taguig,Metro Manila,NCR,2023-09-23
CUST-06509,Manila,Metro Manila,NCR,2023-10-08
CUST-06510,Cebu City,Cebu,Central Visayas,2023-02-07
CUST-06511,Bacolod,Negros Occidental,Western Visayas,2023-12-27
CUST-06512,Antipolo,Rizal,Calabarzon,2023-03-04
CUST-06513,Quezon City,Metro Manila,NCR,2023-05-07
CUST-06514,Bacolod,Negros Occidental,Western Visayas,2023-11-24
CUST-06515,Makati,Metro Manila,NCR,2023-04-26
CUST-06516,Caloocan,Metro Manila,NCR,2023-06-04
CUST-06517,Baguio,Benguet,CAR,2023-12-31
CUST-06518,Quezon City,Metro Manila,NCR,2023-10-12
CUST-06519,Quezon City,Metro Manila,NCR,2023-08-27
CUST-06520,Quezon City,Metro Manila,NCR,2023-10-15
CUST-06521,Davao City,Davao del Sur,Davao Region,2023-06-04
CUST-06522,Pasig,Metro Manila,NCR,2023-05-22
CUST-06523,Cebu City,Cebu,Central Visayas,2023-11-01
CUST-06524,General Santos,South Cotabato,SOCCSKSARGEN,2023-11-17
CUST-06525,Cebu City,Cebu,Central Visayas,2023-05-07
CUST-06526,Angeles,Pampanga,Central Luzon,2023-07-14
CUST-06527,Lipa,Batangas,Calabarzon,2023-09-27
CUST-06528,Antipolo,Rizal,Calabarzon,2023-09-30
CUST-06529,Malolos,Bulacan,Central Luzon,2023-12-18
CUST-06530,Zamboanga City,Zamboanga del Sur,Zamboanga Peninsula,2023-02-24
CUST-06531,Bacolod,Negros Occidental,Western Visayas,2023-02-28
CUST-06532,Bacoor,Cavite,Calabarzon,2023-06-13
CUST-06533,Caloocan,Metro Manila,NCR,2023-08-27
CUST-06534,Davao City,Davao del Sur,Davao Region,2023-10-15
CUST-06535,Manila,Metro Manila,NCR,2023-09-11
CUST-06536,Davao City,Davao del Sur,Davao Region,2023-01-28
CUST-06537,Taguig,Metro Manila,NCR,2023-11-30
CUST-06538,Cebu City,Cebu,Central Visayas,2023-03-07
CUST-06539,Bacolod,Negros Occidental,Western Visayas,2023-09-12
CUST-06540,Santa Rosa,Laguna,Calabarzon,2023-09-27
CUST-06541,Makati,Metro Manila,NCR,2023-03-12
CUST-06542,Tacloban,Leyte,Eastern Visayas,2023-01-16
CUST-06543,Antipolo,Rizal,Calabarzon,2023-01-05
CUST-06544,Pasig,Metro Manila,NCR,2023-09-26
CUST-06545,Lipa,Batangas,Calabarzon,2023-05-31
CUST-06546,Bacoor,Cavite,Calabarzon,2023-09-17
CUST-06547,Cebu City,Cebu,Central Visayas,2023-10-23
CUST-06548,Manila,Metro Manila,NCR,2023-08-14
CUST-06549,Bacoor,Cavite,Calabarzon,2023-12-10
CUST-06550,Davao City,Davao del Sur,Davao Region,2023-11-02
CUST-06551,Quezon City,Metro Manila,NCR,2023-05-29
CUST-06552,Santa Rosa,Laguna,Calabarzon,2023-04-26
CUST-06553,Cebu City,Cebu,Central Visayas,2023-09-25
CUST-06554,Davao City,Davao del Sur,Davao Region,2023-06-12
CUST-06555,Malolos,Bulacan,Central Luzon,2023-03-28
CUST-06556,Tacloban,Leyte,Eastern Visayas,2023-02-09
CUST-06557,Makati,Metro Manila,NCR,2023-06-08
CUST-06558,Caloocan,Metro Manila,NCR,2023-10-06
CUST-06559,Cagayan de Oro,Misamis Oriental,Northern Mindanao,2023-04-16
CUST-06560,Davao City,Davao del Sur,Davao Region,2023-10-31
CUST-06561,Angeles,Pampanga,Central Luzon,2023-11-12
CUST-06562,Santa Rosa,Laguna,Calabarzon,2023-08-24
CUST-06563,Bacoor,Cavite,Calabarzon,2023-09-03
CUST-06564,Quezon City,Metro Manila,NCR,2023-11-09
CUST-06565,Davao City,Davao del Sur,Davao Region,2023-12-13
CUST-06566,Bacolod,Negros Occidental,Western Visayas,2023-01-21
CUST-06567,Santa Rosa,Laguna,Calabarzon,2023-04-29
CUST-06568,Pasig,Metro Manila,NCR,2023-04-15
CUST-06569,Caloocan,Metro Manila,NCR,2023-12-08
CUST-06570,Manila,Metro Manila,NCR,2023-03-17
CUST-06571,Cebu City,Cebu,Central Visayas,2023-08-21
CUST-06572,Angeles,Pampanga,Central Luzon,2023-04-03
CUST-06573,Taguig,Metro Manila,NCR,2023-07-07
CUST-06574,Baguio,Benguet,CAR,2023-10-05
CUST-06575,General Santos,South Cotabato,SOCCSKSARGEN,2023-09-28
CUST-06576,Manila,Metro Manila,NCR,2023-11-11
CUST-06577,Santa Rosa,Laguna,Calabarzon,2023-03-05
CUST-06578,Lipa,Batangas,Calabarzon,2023-07-29
CUST-06579,Manila,Metro Manila,NCR,2023-03-23
CUST-06580,Angeles,Pampanga,Central Luzon,2023-03-05
CUST-06581,Malolos,Bulacan,Central Luzon,2023-11-02
CUST-06582,Manila,Metro Manila,NCR,2023-09-03
CUST-06583,Manila,Metro Manila,NCR,2023-11-17
CUST-06584,Davao City,Davao del Sur,Davao Region,2023-12-29
CUST-06585,Pasig,Metro Manila,NCR,2023-01-06
CUST-06586,Baguio,Benguet,CAR,2023-05-06
CUST-06587,Baguio,Benguet,CAR,2023-07-21
CUST-06588,Tacloban,Leyte,Eastern Visayas,2023-10-20
CUST-06589,Mandaue,Cebu,Central Visayas,2023-05-31
CUST-06590,Tacloban,Leyte,Eastern Visayas,2023-06-17
CUST-06591,Baguio,Benguet,CAR,2023-10-12
CUST-06592,Bacoor,Cavite,Calabarzon,2023-12-27
CUST-06593,Antipolo,Rizal,Calabarzon,2023-07-14
CUST-06594,Antipolo,Rizal,Calabarzon,2023-06-30
CUST-06595,Bacoor,Cavite,Calabarzon,2023-03-16
CUST-06596,Manila,Metro Manila,NCR,2023-08-11
CUST-06597,Bacoor,Cavite,Calabarzon,2023-11-27
CUST-06598,Antipolo,Rizal,Calabarzon,2023-02-14
CUST-06599,Quezon City,Metro Manila,NCR,2023-08-04
CUST-06600,Pasig,Metro Manila,NCR,2023-04-13
CUST-06601,Iloilo City,Iloilo,Western Visayas,2023-12-17
CUST-06602,Malolos,Bulacan,Central Luzon,2023-12-19
CUST-06603,Bacolod,Negros Occidental,Western Visayas,2023-12-24
CUST-06604,Angeles,Pampanga,Central Luzon,2023-03-19
CUST-06605,Davao City,Davao del Sur,Davao Region,2023-10-06
CUST-06606,Bacolod,Negros Occidental,Western Visayas,2023-03-19
CUST-06607,Quezon City,Metro Manila,NCR,2023-01-22
CUST-06608,General Santos,South Cotabato,SOCCSKSARGEN,2023-05-04
CUST-06609,Quezon City,Metro Manila,NCR,2023-01-07
CUST-06610,Malolos,Bulacan,Central Luzon,2023-01-27
CUST-06611,Bacolod,Negros Occidental,Western Visayas,2023-04-13
CUST-06612,Caloocan,Metro Manila,NCR,2023-03-14
CUST-06613,Malolos,Bulacan,Central Luzon,2023-05-26
CUST-06614,Antipolo,Rizal,Calabarzon,2023-10-14
CUST-06615,Quezon City,Metro Manila,NCR,2023-11-25
CUST-06616,Quezon City,Metro Manila,NCR,2023-08-15
CUST-06617,Quezon City,Metro Manila,NCR,2023-07-12
CUST-06618,Quezon City,Metro Manila,NCR,2023-08-27
CUST-06619,Baguio,Benguet,CAR,2023-11-25
CUST-06620,Angeles,Pampanga,Central Luzon,2023-07-01
CUST-06621,Santa Rosa,Laguna,Calabarzon,2023-07-04
CUST-06622,Cebu City,Cebu,Central Visayas,2023-01-18
CUST-06623,Quezon City,Metro Manila,NCR,2023-01-18
CUST-06624,Taguig,Metro Manila,NCR,2023-05-22
CUST-06625,Iloilo City,Iloilo,Western Visayas,2023-02-25
CUST-06626,Davao City,Davao del Sur,Davao Region,2023-09-09
CUST-06627,Bacoor,Cavite,Calabarzon,2023-01-13
CUST-06628,Quezon City,Metro Manila,NCR,2023-01-23
CUST-06629,Bacolod,Negros Occidental,Western Visayas,2023-11-17
CUST-06630,Davao City,Davao del Sur,Davao Region,2023-04-21
CUST-06631,Bacoor,Cavite,Calabarzon,2023-07-18
CUST-06632,Taguig,Metro Manila,NCR,2023-09-26
CUST-06633,Quezon City,Metro Manila,NCR,2023-08-04
CUST-06634,Malolos,Bulacan,Central Luzon,2023-02-05
CUST-06635,Davao City,Davao del Sur,Davao Region,2023-01-29
CUST-06636,Cebu City,Cebu,Central Visayas,2023-08-29
CUST-06637,Pasig,Metro Manila,NCR,2023-07-17
CUST-06638,Legazpi,Albay,Bicol,2023-06-27
CUST-06639,Tacloban,Leyte,Eastern Visayas,2023-04-09
CUST-06640,Santa Rosa,Laguna,Calabarzon,2023-07-11
CUST-06641,Bacolod,Negros Occidental,Western Visayas,2023-08-10
CUST-06642,Antipolo,Rizal,Calabarzon,2023-01-29
CUST-06643,Caloocan,Metro Manila,NCR,2023-08-18
CUST-06644,Malolos,Bulacan,Central Luzon,2023-09-27
CUST-06645,Santa Rosa,Laguna,Calabarzon,2023-09-04
CUST-06646,General Santos,South Cotabato,SOCCSKSARGEN,2023-09-02
CUST-06647,Lipa,Batangas,Calabarzon,2023-06-13
CUST-06648,Antipolo,Rizal,Calabarzon,2023-05-06
CUST-06649,Antipolo,Rizal,Calabarzon,2023-11-13
CUST-06650,Angeles,Pampanga,Central Luzon,2023-02-12
CUST-06651,Caloocan,Metro Manila,NCR,2023-10-01
CUST-06652,Cebu City,Cebu,Central Visayas,2023-11-21
CUST-06653,Antipolo,Rizal,Calabarzon,2023-05-03
CUST-06654,Antipolo,Rizal,Calabarzon,2023-10-17
CUST-06655,Baguio,Benguet,CAR,2023-04-03
CUST-06656,Quezon City,Metro Manila,NCR,2023-01-20
CUST-06657,Cebu City,Cebu,Central Visayas,2023-04-24
CUST-06658,Lipa,Batangas,Calabarzon,2023-03-24
CUST-06659,Santa Rosa,Laguna,Calabarzon,2023-07-05
CUST-06660,Cebu City,Cebu,Central Visayas,2023-08-28
CUST-06661,Iloilo City,Iloilo,Western Visayas,2023-05-23
CUST-06662,Davao City,Davao del Sur,Davao Region,2023-08-24
CUST-06663,Antipolo,Rizal,Calabarzon,2023-02-16
CUST-06664,Caloocan,Metro Manila,NCR,2023-07-14
CUST-06665,Cebu City,Cebu,Central Visayas,2023-07-03
CUST-06666,Malolos,Bulacan,Central Luzon,2023-05-01
CUST-06667,Legazpi,Albay,Bicol,2023-10-24
CUST-06668,Angeles,Pampanga,Central Luzon,2023-06-11
CUST-06669,Iloilo City,Iloilo,Western Visayas,2023-04-01
CUST-06670,Makati,Metro Manila,NCR,2023-03-24
CUST-06671,Angeles,Pampanga,Central Luzon,2023-10-11
CUST-06672,Manila,Metro Manila,NCR,2023-12-13
CUST-06673,Bacoor,Cavite,Calabarzon,2023-10-23
CUST-06674,Cebu City,Cebu,Central Visayas,2023-03-09
CUST-06675,Lipa,Batangas,Calabarzon,2023-09-27
CUST-06676,Antipolo,Rizal,Calabarzon,2023-12-11
CUST-06677,Davao City,Davao del Sur,Davao Region,2023-05-29
CUST-06678,Iloilo City,Iloilo,Western Visayas,2023-02-14
CUST-06679,Angeles,Pampanga,Central Luzon,2023-10-12
CUST-06680,Cagayan de Oro,Misamis Oriental,Northern Mindanao,2023-12-17
CUST-06681,Bacoor,Cavite,Calabarzon,2023-11-11
CUST-06682,Bacolod,Negros Occidental,Western Visayas,2023-11-16
CUST-06683,Manila,Metro Manila,NCR,2023-10-19
CUST-06684,Pasig,Metro Manila,NCR,2023-10-28
CUST-06685,Caloocan,Metro Manila,NCR,2023-05-14
CUST-06686,Quezon City,Metro Manila,NCR,2023-10-12
CUST-06687,Lipa,Batangas,Calabarzon,2023-06-15
CUST-06688,Makati,Metro Manila,NCR,2023-08-08
CUST-06689,Legazpi,Albay,Bicol,2023-05-08
CUST-06690,Makati,Metro Manila,NCR,2023-05-07
CUST-06691,Manila,Metro Manila,NCR,2023-05-30
CUST-06692,Zamboanga City,Zamboanga del Sur,Zamboanga Peninsula,2023-02-10
CUST-06693,Cebu City,Cebu,Central Visayas,2023-10-22
CUST-06694,Cagayan de Oro,Misamis Oriental,Northern Mindanao,2023-06-24
CUST-06695,Lipa,Batangas,Calabarzon,2023-08-11
CUST-06696,Quezon City,Metro Manila,NCR,2023-06-21
CUST-06697,Malolos,Bulacan,Central Luzon,2023-11-11
CUST-06698,Angeles,Pampanga,Central Luzon,2023-09-07
CUST-06699,Quezon City,Metro Manila,NCR,2023-01-23
CUST-06700,Davao City,Davao del Sur,Davao Region,2023-03-15
CUST-06701,Baguio,Benguet,CAR,2023-07-30
CUST-06702,Mandaue,Cebu,Central Visayas,2023-11-22
CUST-06703,Lipa,Batangas,Calabarzon,2023-05-10
CUST-06704,Baguio,Benguet,CAR,2023-09-14
CUST-06705,Taguig,Metro Manila,NCR,2023-09-03
CUST-06706,Zamboanga City,Zamboanga del Sur,Zamboanga Peninsula,2023-11-27
CUST-06707,Antipolo,Rizal,Calabarzon,2023-09-18
CUST-06708,Manila,Metro Manila,NCR,2023-10-15
CUST-06709,Quezon City,Metro Manila,NCR,2023-12-20
CUST-06710,Legazpi,Albay,Bicol,2023-06-01
CUST-06711,General Santos,South Cotabato,SOCCSKSARGEN,2023-01-13
CUST-06712,Davao City,Davao del Sur,Davao Region,2023-11-17
CUST-06713,Cebu City,Cebu,Central Visayas,2023-12-13
CUST-06714,General Santos,South Cotabato,SOCCSKSARGEN,2023-11-26
CUST-06715,Cebu City,Cebu,Central Visayas,2023-06-16
CUST-06716,Caloocan,Metro Manila,NCR,2023-03-06
CUST-06717,Malolos,Bulacan,Central Luzon,2023-09-10
CUST-06718,Quezon City,Metro Manila,NCR,2023-11-19
CUST-06719,Makati,Metro Manila,NCR,2023-11-27
CUST-06720,Bacoor,Cavite,Calabarzon,2023-05-25
CUST-06721,Makati,Metro Manila,NCR,2023-08-24
CUST-06722,Zamboanga City,Zamboanga del Sur,Zamboanga Peninsula,2023-08-26
CUST-06723,General Santos,South Cotabato,SOCCSKSARGEN,2023-10-06
CUST-06724,Antipolo,Rizal,Calabarzon,2023-02-08
CUST-06725,Cebu City,Cebu,Central Visayas,2023-08-18
CUST-06726,Bacoor,Cavite,Calabarzon,2023-04-18
CUST-06727,Manila,Metro Manila,NCR,2023-04-06
CUST-06728,Caloocan,Metro Manila,NCR,2023-12-11
CUST-06729,Taguig,Metro Manila,NCR,2023-10-03
CUST-06730,Caloocan,Metro Manila,NCR,2023-02-09
CUST-06731,Makati,Metro Manila,NCR,2023-02-13
CUST-06732,Manila,Metro Manila,NCR,2023-08-03
CUST-06733,Makati,Metro Manila,NCR,2023-11-05
CUST-06734,Davao City,Davao del Sur,Davao Region,2023-09-15
CUST-06735,Quezon City,Metro Manila,NCR,2023-01-20
CUST-06736,Caloocan,Metro Manila,NCR,2023-05-01
CUST-06737,Angeles,Pampanga,Central Luzon,2023-12-05
CUST-06738,Caloocan,Metro Manila,NCR,2023-04-14
CUST-06739,Lipa,Batangas,Calabarzon,2023-11-09
CUST-06740,Quezon City,Metro Manila,NCR,2023-09-13
CUST-06741,Legazpi,Albay,Bicol,2023-07-10
CUST-06742,Angeles,Pampanga,Central Luzon,2023-08-26
CUST-06743,Cebu City,Cebu,Central Visayas,2023-04-22
CUST-06744,Angeles,Pampanga,Central Luzon,2023-11-05
CUST-06745,Bacoor,Cavite,Calabarzon,2023-02-15
CUST-06746,Caloocan,Metro Manila,NCR,2023-05-30
CUST-06747,Taguig,Metro Manila,NCR,2023-09-12
CUST-06748,Lipa,Batangas,Calabarzon,2023-01-17
CUST-06749,Quezon City,Metro Manila,NCR,2023-07-11
CUST-06750,Caloocan,Metro Manila,NCR,2023-08-02
CUST-06751,Cebu City,Cebu,Central Visayas,2023-12-25
CUST-06752,Manila,Metro Manila,NCR,2023-01-03
CUST-06753,Quezon City,Metro Manila,NCR,2023-02-27
CUST-06754,Legazpi,Albay,Bicol,2023-10-29
CUST-06755,Antipolo,Rizal,Calabarzon,2023-01-21
CUST-06756,Bacolod,Negros Occidental,Western Visayas,2023-03-17
CUST-06757,Cagayan de Oro,Misamis Oriental,Northern Mindanao,2023-08-01
CUST-06758,Zamboanga City,Zamboanga del Sur,Zamboanga Peninsula,2023-01-28
CUST-06759,Bacoor,Cavite,Calabarzon,2023-06-11
CUST-06760,Taguig,Metro Manila,NCR,2023-04-25
CUST-06761,Baguio,Benguet,CAR,2023-10-27
CUST-06762,Baguio,Benguet,CAR,2023-11-23
CUST-06763,Baguio,Benguet,CAR,2023-06-23
CUST-06764,Caloocan,Metro Manila,NCR,2023-09-04
CUST-06765,Quezon City,Metro Manila,NCR,2023-01-08
CUST-06766,Makati,Metro Manila,NCR,2023-12-01
CUST-06767,Manila,Metro Manila,NCR,2023-03-29
CUST-06768,Manila,Metro Manila,NCR,2023-05-27
CUST-06769,Cagayan de Oro,Misamis Oriental,Northern Mindanao,2023-02-15
CUST-06770,Quezon City,Metro Manila,NCR,2023-01-02
CUST-06771,Malolos,Bulacan,Central Luzon,2023-02-18
CUST-06772,Cagayan de Oro,Misamis Oriental,Northern Mindanao,2023-08-18
CUST-06773,Antipolo,Rizal,Calabarzon,2023-04-23
CUST-06774,Angeles,Pampanga,Central Luzon,2023-11-03
CUST-06775,Cebu City,Cebu,Central Visayas,2023-07-08
CUST-06776,Pasig,Metro Manila,NCR,2023-09-25
CUST-06777,Santa Rosa,Laguna,Calabarzon,2023-10-02
CUST-06778,Bacolod,Negros Occidental,Western Visayas,2023-06-07
CUST-06779,Mandaue,Cebu,Central Visayas,2023-11-16
CUST-06780,Bacolod,Negros Occidental,Western Visayas,2023-06-08
CUST-06781,General Santos,South Cotabato,SOCCSKSARGEN,2023-08-08
CUST-06782,Antipolo,Rizal,Calabarzon,2023-10-10
CUST-06783,Mandaue,Cebu,Central Visayas,2023-06-10
CUST-06784,Malolos,Bulacan,Central Luzon,2023-04-02
CUST-06785,Cebu City,Cebu,Central Visayas,2023-05-24
CUST-06786,Mandaue,Cebu,Central Visayas,2023-11-30
CUST-06787,Mandaue,Cebu,Central Visayas,2023-06-10
CUST-06788,Davao City,Davao del Sur,Davao Region,2023-05-19
CUST-06789,Caloocan,Metro Manila,NCR,2023-04-27
CUST-06790,Legazpi,Albay,Bicol,2023-07-30
CUST-06791,Pasig,Metro Manila,NCR,2023-11-28
CUST-06792,Malolos,Bulacan,Central Luzon,2023-11-16
CUST-06793,Iloilo City,Iloilo,Western Visayas,2023-09-02
CUST-06794,Bacolod,Negros Occidental,Western Visayas,2023-05-15
CUST-06795,Bacoor,Cavite,Calabarzon,2023-04-07
CUST-06796,Lipa,Batangas,Calabarzon,2023-05-01
CUST-06797,Caloocan,Metro Manila,NCR,2023-09-10
CUST-06798,Manila,Metro Manila,NCR,2023-07-25
CUST-06799,Taguig,Metro Manila,NCR,2023-12-15
CUST-06800,Davao City,Davao del Sur,Davao Region,2023-03-16
CUST-06801,Pasig,Metro Manila,NCR,2023-08-25
CUST-06802,Zamboanga City,Zamboanga del Sur,Zamboanga Peninsula,2023-06-30
CUST-06803,Taguig,Metro Manila,NCR,2023-07-21
CUST-06804,Cebu City,Cebu,Central Visayas,2023-09-19
CUST-06805,Malolos,Bulacan,Central Luzon,2023-11-01
CUST-06806,Cebu City,Cebu,Central Visayas,2023-01-18
CUST-06807,Legazpi,Albay,Bicol,2023-11-19
CUST-06808,Cebu City,Cebu,Central Visayas,2023-01-22
CUST-06809,Davao City,Davao del Sur,Davao Region,2023-11-21
CUST-06810,Angeles,Pampanga,Central Luzon,2023-11-28
CUST-06811,Quezon City,Metro Manila,NCR,2023-02-06
CUST-06812,Taguig,Metro Manila,NCR,2023-01-21
CUST-06813,Cebu City,Cebu,Central Visayas,2023-02-09
CUST-06814,Lipa,Batangas,Calabarzon,2023-03-24
CUST-06815,Angeles,Pampanga,Central Luzon,2023-07-06
CUST-06816,Malolos,Bulacan,Central Luzon,2023-11-24
CUST-06817,Antipolo,Rizal,Calabarzon,2023-05-31
CUST-06818,Iloilo City,Iloilo,Western Visayas,2023-06-26
CUST-06819,Cebu City,Cebu,Central Visayas,2023-04-08
CUST-06820,Cebu City,Cebu,Central Visayas,2023-12-20
CUST-06821,Cebu City,Cebu,Central Visayas,2023-12-04
CUST-06822,Davao City,Davao del Sur,Davao Region,2023-06-01
CUST-06823,Malolos,Bulacan,Central Luzon,2023-02-23
CUST-06824,Zamboanga City,Zamboanga del Sur,Zamboanga Peninsula,2023-01-26
CUST-06825,Manila,Metro Manila,NCR,2023-06-08
CUST-06826,Legazpi,Albay,Bicol,2023-08-20
CUST-06827,Cebu City,Cebu,Central Visayas,2023-07-13
CUST-06828,Santa Rosa,Laguna,Calabarzon,2023-06-30
CUST-06829,Pasig,Metro Manila,NCR,2023-05-21
CUST-06830,Angeles,Pampanga,Central Luzon,2023-10-10
CUST-06831,Antipolo,Rizal,Calabarzon,2023-08-13
CUST-06832,Davao City,Davao del Sur,Davao Region,2023-06-18
CUST-06833,Caloocan,Metro Manila,NCR,2023-02-25
CUST-06834,Manila,Metro Manila,NCR,2023-03-15
CUST-06835,Malolos,Bulacan,Central Luzon,2023-04-01
CUST-06836,Antipolo,Rizal,Calabarzon,2023-10-15
CUST-06837,Quezon City,Metro Manila,NCR,2023-08-06
CUST-06838,Angeles,Pampanga,Central Luzon,2023-06-13
CUST-06839,Angeles,Pampanga,Central Luzon,2023-01-13
CUST-06840,Manila,Metro Manila,NCR,2023-08-25
CUST-06841,Malolos,Bulacan,Central Luzon,2023-01-31
CUST-06842,Angeles,Pampanga,Central Luzon,2023-04-04
CUST-06843,Iloilo City,Iloilo,Western Visayas,2023-05-15
CUST-06844,Antipolo,Rizal,Calabarzon,2023-04-20
CUST-06845,Taguig,Metro Manila,NCR,2023-03-18
CUST-06846,Cagayan de Oro,Misamis Oriental,Northern Mindanao,2023-04-21
CUST-06847,Angeles,Pampanga,Central Luzon,2023-05-01
CUST-06848,Quezon City,Metro Manila,NCR,2023-08-17
CUST-06849,Bacolod,Negros Occidental,Western Visayas,2023-07-29
CUST-06850,Makati,Metro Manila,NCR,2023-05-28
CUST-06851,Bacolod,Negros Occidental,Western Visayas,2023-02-28
CUST-06852,Cebu City,Cebu,Central Visayas,2023-05-09
CUST-06853,Zamboanga City,Zamboanga del Sur,Zamboanga Peninsula,2023-01-06
CUST-06854,Zamboanga City,Zamboanga del Sur,Zamboanga Peninsula,2023-04-28
CUST-06855,Pasig,Metro Manila,NCR,2023-08-06
CUST-06856,Iloilo City,Iloilo,Western Visayas,2023-06-06
CUST-06857,Pasig,Metro Manila,NCR,2023-05-19
CUST-06858,Baguio,Benguet,CAR,2023-02-19
CUST-06859,Malolos,Bulacan,Central Luzon,2023-09-30
CUST-06860,Quezon City,Metro Manila,NCR,2023-10-03
CUST-06861,Quezon City,Metro Manila,NCR,2023-10-20
CUST-06862,Quezon City,Metro Manila,NCR,2023-12-12
CUST-06863,Manila,Metro Manila,NCR,2023-04-30
CUST-06864,Taguig,Metro Manila,NCR,2023-01-15
CUST-06865,Davao City,Davao del Sur,Davao Region,2023-05-22
CUST-06866,Lipa,Batangas,Calabarzon,2023-12-10
CUST-06867,Bacolod,Negros Occidental,Western Visayas,2023-08-21
CUST-06868,Tacloban,Leyte,Eastern Visayas,2023-02-06
CUST-06869,Mandaue,Cebu,Central Visayas,2023-12-14
CUST-06870,Antipolo,Rizal,Calabarzon,2023-05-23
CUST-06871,Davao City,Davao del Sur,Davao Region,2023-07-25
CUST-06872,Mandaue,Cebu,Central Visayas,2023-01-31
CUST-06873,Mandaue,Cebu,Central Visayas,2023-06-28
CUST-06874,Davao City,Davao del Sur,Davao Region,2023-06-09
CUST-06875,Malolos,Bulacan,Central Luzon,2023-04-13
CUST-06876,Angeles,Pampanga,Central Luzon,2023-03-08
CUST-06877,Davao City,Davao del Sur,Davao Region,2023-06-27
CUST-06878,Santa Rosa,Laguna,Calabarzon,2023-04-13
CUST-06879,Bacolod,Negros Occidental,Western Visayas,2023-03-14
CUST-06880,Quezon City,Metro Manila,NCR,2023-06-24
CUST-06881,Quezon City,Metro Manila,NCR,2023-04-15
CUST-06882,Angeles,Pampanga,Central Luzon,2023-08-22
CUST-06883,Quezon City,Metro Manila,NCR,2023-08-25
CUST-06884,General Santos,South Cotabato,SOCCSKSARGEN,2023-12-31
CUST-06885,Quezon City,Metro Manila,NCR,2023-05-02
CUST-06886,Cebu City,Cebu,Central Visayas,2023-10-02
CUST-06887,Taguig,Metro Manila,NCR,2023-03-10
CUST-06888,Zamboanga City,Zamboanga del Sur,Zamboanga Peninsula,2023-01-19
CUST-06889,Antipolo,Rizal,Calabarzon,2023-02-16
CUST-06890,Quezon City,Metro Manila,NCR,2023-09-23
CUST-06891,Quezon City,Metro Manila,NCR,2023-05-09
CUST-06892,Angeles,Pampanga,Central Luzon,2023-04-02
CUST-06893,General Santos,South Cotabato,SOCCSKSARGEN,2023-07-01
CUST-06894,General Santos,South Cotabato,SOCCSKSARGEN,2023-06-30
CUST-06895,Caloocan,Metro Manila,NCR,2023-07-26
CUST-06896,Santa Rosa,Laguna,Calabarzon,2023-09-11
CUST-06897,Quezon City,Metro Manila,NCR,2023-06-06
CUST-06898,Lipa,Batangas,Calabarzon,2023-01-05
CUST-06899,Malolos,Bulacan,Central Luzon,2023-10-14
CUST-06900,Taguig,Metro Manila,NCR,2023-12-15
CUST-06901,Baguio,Benguet,CAR,2023-12-12
CUST-06902,Davao City,Davao del Sur,Davao Region,2023-06-03
CUST-06903,Quezon City,Metro Manila,NCR,2023-09-25
CUST-06904,Taguig,Metro Manila,NCR,2023-07-17
CUST-06905,Makati,Metro Manila,NCR,2023-01-20
CUST-06906,Manila,Metro Manila,NCR,2023-12-05
CUST-06907,Manila,Metro Manila,NCR,2023-10-30
CUST-06908,Baguio,Benguet,CAR,2023-10-15
CUST-06909,Quezon City,Metro Manila,NCR,2023-07-19
CUST-06910,Mandaue,Cebu,Central Visayas,2023-04-23
CUST-06911,Davao City,Davao del Sur,Davao Region,2023-10-27
CUST-06912,Cagayan de Oro,Misamis Oriental,Northern Mindanao,2023-11-23
CUST-06913,Cebu City,Cebu,Central Visayas,2023-12-01
CUST-06914,Makati,Metro Manila,NCR,2023-03-15
CUST-06915,Quezon City,Metro Manila,NCR,2023-12-22
CUST-06916,Taguig,Metro Manila,NCR,2023-05-18
CUST-06917,Zamboanga City,Zamboanga del Sur,Zamboanga Peninsula,2023-06-04
CUST-06918,Zamboanga City,Zamboanga del Sur,Zamboanga Peninsula,2023-11-26
CUST-06919,Antipolo,Rizal,Calabarzon,2023-06-14
CUST-06920,Caloocan,Metro Manila,NCR,2023-09-19
CUST-06921,Lipa,Batangas,Calabarzon,2023-06-28
CUST-06922,Pasig,Metro Manila,NCR,2023-11-12
CUST-06923,General Santos,South Cotabato,SOCCSKSARGEN,2023-05-03
CUST-06924,Makati,Metro Manila,NCR,2023-03-16
CUST-06925,Antipolo,Rizal,Calabarzon,2023-12-31
CUST-06926,Bacoor,Cavite,Calabarzon,2023-06-21
CUST-06927,Manila,Metro Manila,NCR,2023-05-10
CUST-06928,Antipolo,Rizal,Calabarzon,2023-12-31
CUST-06929,Davao City,Davao del Sur,Davao Region,2023-04-12
CUST-06930,Manila,Metro Manila,NCR,2023-06-17
CUST-06931,Malolos,Bulacan,Central Luzon,2023-09-12
CUST-06932,Bacoor,Cavite,Calabarzon,2023-07-09
CUST-06933,Manila,Metro Manila,NCR,2023-04-28
CUST-06934,Quezon City,Metro Manila,NCR,2023-05-12
CUST-06935,Taguig,Metro Manila,NCR,2023-03-24
CUST-06936,Quezon City,Metro Manila,NCR,2023-12-20
CUST-06937,Antipolo,Rizal,Calabarzon,2023-03-20
CUST-06938,Bacolod,Negros Occidental,Western Visayas,2023-12-20
CUST-06939,Cebu City,Cebu,Central Visayas,2023-05-09
CUST-06940,Cagayan de Oro,Misamis Oriental,Northern Mindanao,2023-08-27
CUST-06941,Bacoor,Cavite,Calabarzon,2023-12-09
CUST-06942,Cebu City,Cebu,Central Visayas,2023-04-25
CUST-06943,Cebu City,Cebu,Central Visayas,2023-06-14
CUST-06944,Makati,Metro Manila,NCR,2023-05-03
CUST-06945,Pasig,Metro Manila,NCR,2023-08-17
CUST-06946,Angeles,Pampanga,Central Luzon,2023-09-22
CUST-06947,Bacolod,Negros Occidental,Western Visayas,2023-05-18
CUST-06948,Santa Rosa,Laguna,Calabarzon,2023-10-15
CUST-06949,Taguig,Metro Manila,NCR,2023-03-11
CUST-06950,General Santos,South Cotabato,SOCCSKSARGEN,2023-04-27
CUST-06951,Manila,Metro Manila,NCR,2023-01-02
CUST-06952,Zamboanga City,Zamboanga del Sur,Zamboanga Peninsula,2023-12-23
CUST-06953,Bacolod,Negros Occidental,Western Visayas,2023-06-02
CUST-06954,Tacloban,Leyte,Eastern Visayas,2023-06-12
CUST-06955,Bacolod,Negros Occidental,Western Visayas,2023-02-22
CUST-06956,Makati,Metro Manila,NCR,2023-07-31
CUST-06957,Legazpi,Albay,Bicol,2023-01-25
CUST-06958,Iloilo City,Iloilo,Western Visayas,2023-10-06
CUST-06959,Mandaue,Cebu,Central Visayas,2023-02-24
CUST-06960,Taguig,Metro Manila,NCR,2023-06-26
CUST-06961,Makati,Metro Manila,NCR,2023-01-22
CUST-06962,Caloocan,Metro Manila,NCR,2023-10-14
CUST-06963,Santa Rosa,Laguna,Calabarzon,2023-09-29
CUST-06964,Malolos,Bulacan,Central Luzon,2023-06-10
CUST-06965,Tacloban,Leyte,Eastern Visayas,2023-06-14
CUST-06966,Iloilo City,Iloilo,Western Visayas,2023-11-08
CUST-06967,Cebu City,Cebu,Central Visayas,2023-05-09
CUST-06968,Taguig,Metro Manila,NCR,2023-08-06
CUST-06969,Santa Rosa,Laguna,Calabarzon,2023-11-07
CUST-06970,Caloocan,Metro Manila,NCR,2023-06-29
CUST-06971,Taguig,Metro Manila,NCR,2023-04-22
CUST-06972,Quezon City,Metro Manila,NCR,2023-12-21
CUST-06973,Caloocan,Metro Manila,NCR,2023-01-31
CUST-06974,Taguig,Metro Manila,NCR,2023-05-24
CUST-06975,Malolos,Bulacan,Central Luzon,2023-09-28
CUST-06976,Quezon City,Metro Manila,NCR,2023-04-03
CUST-06977,Taguig,Metro Manila,NCR,2023-02-28
CUST-06978,Quezon City,Metro Manila,NCR,2023-01-18
CUST-06979,Legazpi,Albay,Bicol,2023-03-19
CUST-06980,Angeles,Pampanga,Central Luzon,2023-10-19
CUST-06981,Caloocan,Metro Manila,NCR,2023-11-03
CUST-06982,Manila,Metro Manila,NCR,2023-10-17
CUST-06983,Zamboanga City,Zamboanga del Sur,Zamboanga Peninsula,2023-02-16
CUST-06984,Malolos,Bulacan,Central Luzon,2023-09-12
CUST-06985,Cebu City,Cebu,Central Visayas,2023-09-03
CUST-06986,Angeles,Pampanga,Central Luzon,2023-02-10
CUST-06987,Bacolod,Negros Occidental,Western Visayas,2023-10-19
CUST-06988,Davao City,Davao del Sur,Davao Region,2023-08-06
CUST-06989,Antipolo,Rizal,Calabarzon,2023-09-15
CUST-06990,Cebu City,Cebu,Central Visayas,2023-09-13
CUST-06991,Taguig,Metro Manila,NCR,2023-05-29
CUST-06992,Legazpi,Albay,Bicol,2023-04-06
CUST-06993,Antipolo,Rizal,Calabarzon,2023-09-27
CUST-06994,Quezon City,Metro Manila,NCR,2023-12-19
CUST-06995,Zamboanga City,Zamboanga del Sur,Zamboanga Peninsula,2023-05-13
CUST-06996,Davao City,Davao del Sur,Davao Region,2023-06-15
CUST-06997,Pasig,Metro Manila,NCR,2023-05-06
CUST-06998,General Santos,South Cotabato,SOCCSKSARGEN,2023-07-21
CUST-06999,Pasig,Metro Manila,NCR,2023-03-24
CUST-07000,Santa Rosa,Laguna,Calabarzon,2023-05-18
CUST-07001,Davao City,Davao del Sur,Davao Region,2023-03-31
CUST-07002,Pasig,Metro Manila,NCR,2023-04-10
CUST-07003,Bacoor,Cavite,Calabarzon,2023-07-04
CUST-07004,Cebu City,Cebu,Central Visayas,2023-09-05
CUST-07005,Manila,Metro Manila,NCR,2023-06-03
CUST-07006,Bacoor,Cavite,Calabarzon,2023-05-14
CUST-07007,Pasig,Metro Manila,NCR,2023-06-07
CUST-07008,Cebu City,Cebu,Central Visayas,2023-06-24
CUST-07009,Manila,Metro Manila,NCR,2023-08-29
CUST-07010,Taguig,Metro Manila,NCR,2023-11-14
CUST-07011,Cebu City,Cebu,Central Visayas,2023-07-29
CUST-07012,Manila,Metro Manila,NCR,2023-02-14
CUST-07013,Bacoor,Cavite,Calabarzon,2023-04-15
CUST-07014,Cebu City,Cebu,Central Visayas,2023-04-01
CUST-07015,Iloilo City,Iloilo,Western Visayas,2023-04-08
CUST-07016,Quezon City,Metro Manila,NCR,2023-01-30
CUST-07017,Davao City,Davao del Sur,Davao Region,2023-10-11
CUST-07018,Cebu City,Cebu,Central Visayas,2023-04-14
CUST-07019,Caloocan,Metro Manila,NCR,2023-12-07
CUST-07020,Iloilo City,Iloilo,Western Visayas,2023-10-04
CUST-07021,Mandaue,Cebu,Central Visayas,2023-12-22
CUST-07022,Malolos,Bulacan,Central Luzon,2023-07-28
CUST-07023,Angeles,Pampanga,Central Luzon,2023-11-11
CUST-07024,Mandaue,Cebu,Central Visayas,2023-08-13
CUST-07025,General Santos,South Cotabato,SOCCSKSARGEN,2023-11-13
CUST-07026,Malolos,Bulacan,Central Luzon,2023-12-19
CUST-07027,Bacolod,Negros Occidental,Western Visayas,2023-07-11
CUST-07028,Mandaue,Cebu,Central Visayas,2023-08-05
CUST-07029,Davao City,Davao del Sur,Davao Region,2023-08-02
CUST-07030,Zamboanga City,Zamboanga del Sur,Zamboanga Peninsula,2023-08-28
CUST-07031,Makati,Metro Manila,NCR,2023-08-05
CUST-07032,Manila,Metro Manila,NCR,2023-12-31
CUST-07033,Malolos,Bulacan,Central Luzon,2023-07-11
CUST-07034,Bacoor,Cavite,Calabarzon,2023-02-26
CUST-07035,Angeles,Pampanga,Central Luzon,2023-11-12
CUST-07036,Bacolod,Negros Occidental,Western Visayas,2023-11-10
CUST-07037,Cagayan de Oro,Misamis Oriental,Northern Mindanao,2023-03-23
CUST-07038,Bacoor,Cavite,Calabarzon,2023-07-03
CUST-07039,Cebu City,Cebu,Central Visayas,2023-09-30
CUST-07040,Makati,Metro Manila,NCR,2023-03-21
CUST-07041,Angeles,Pampanga,Central Luzon,2023-09-05
CUST-07042,Quezon City,Metro Manila,NCR,2023-05-26
CUST-07043,Lipa,Batangas,Calabarzon,2023-06-13
CUST-07044,Angeles,Pampanga,Central Luzon,2023-11-01
CUST-07045,Mandaue,Cebu,Central Visayas,2023-04-01
CUST-07046,Legazpi,Albay,Bicol,2023-05-21
CUST-07047,Antipolo,Rizal,Calabarzon,2023-10-17
CUST-07048,Quezon City,Metro Manila,NCR,2023-03-31
CUST-07049,Manila,Metro Manila,NCR,2023-05-20
CUST-07050,Zamboanga City,Zamboanga del Sur,Zamboanga Peninsula,2023-02-24
CUST-07051,Cagayan de Oro,Misamis Oriental,Northern Mindanao,2023-03-08
CUST-07052,Caloocan,Metro Manila,NCR,2023-09-07
CUST-07053,Taguig,Metro Manila,NCR,2023-01-25
CUST-07054,Bacoor,Cavite,Calabarzon,2023-12-20
CUST-07055,Cebu City,Cebu,Central Visayas,2023-09-02
CUST-07056,Caloocan,Metro Manila,NCR,2023-05-25
CUST-07057,Quezon City,Metro Manila,NCR,2023-06-20
CUST-07058,Antipolo,Rizal,Calabarzon,2023-10-11
CUST-07059,Taguig,Metro Manila,NCR,2023-10-21
CUST-07060,Caloocan,Metro Manila,NCR,2023-03-22
CUST-07061,Manila,Metro Manila,NCR,2023-02-16
CUST-07062,Cebu City,Cebu,Central Visayas,2023-04-28
CUST-07063,Angeles,Pampanga,Central Luzon,2023-06-22
CUST-07064,Taguig,Metro Manila,NCR,2023-03-25
CUST-07065,Angeles,Pampanga,Central Luzon,2023-10-06
CUST-07066,Lipa,Batangas,Calabarzon,2023-01-13
CUST-07067,Bacolod,Negros Occidental,Western Visayas,2023-11-17
CUST-07068,Zamboanga City,Zamboanga del Sur,Zamboanga Peninsula,2023-06-02
CUST-07069,Manila,Metro Manila,NCR,2023-08-30
CUST-07070,Davao City,Davao del Sur,Davao Region,2023-02-05
CUST-07071,Cebu City,Cebu,Central Visayas,2023-10-04
CUST-07072,Cebu City,Cebu,Central Visayas,2023-05-12
CUST-07073,Antipolo,Rizal,Calabarzon,2023-11-05
CUST-07074,Caloocan,Metro Manila,NCR,2023-10-27
CUST-07075,Quezon City,Metro Manila,NCR,2023-08-03
CUST-07076,General Santos,South Cotabato,SOCCSKSARGEN,2023-03-16
CUST-07077,Malolos,Bulacan,Central Luzon,2023-09-22
CUST-07078,Antipolo,Rizal,Calabarzon,2023-04-23
CUST-07079,Angeles,Pampanga,Central Luzon,2023-06-07
CUST-07080,Quezon City,Metro Manila,NCR,2023-01-10
CUST-07081,Manila,Metro Manila,NCR,2023-09-14
CUST-07082,Baguio,Benguet,CAR,2023-10-05
CUST-07083,Lipa,Batangas,Calabarzon,2023-02-06
CUST-07084,Bacolod,Negros Occidental,Western Visayas,2023-09-02
CUST-07085,Cebu City,Cebu,Central Visayas,2023-10-15
CUST-07086,Malolos,Bulacan,Central Luzon,2023-03-08
CUST-07087,Bacolod,Negros Occidental,Western Visayas,2023-03-11
CUST-07088,Quezon City,Metro Manila,NCR,2023-12-10
CUST-07089,Cebu City,Cebu,Central Visayas,2023-02-23
CUST-07090,Cebu City,Cebu,Central Visayas,2023-05-15
CUST-07091,Pasig,Metro Manila,NCR,2023-09-22
CUST-07092,Makati,Metro Manila,NCR,2023-06-20
CUST-07093,Makati,Metro Manila,NCR,2023-10-06
CUST-07094,Makati,Metro Manila,NCR,2023-11-01
CUST-07095,Lipa,Batangas,Calabarzon,2023-11-14
CUST-07096,Manila,Metro Manila,NCR,2023-11-02
CUST-07097,Cebu City,Cebu,Central Visayas,2023-06-03
CUST-07098,Quezon City,Metro Manila,NCR,2023-03-12
CUST-07099,Quezon City,Metro Manila,NCR,2023-07-08
CUST-07100,Pasig,Metro Manila,NCR,2023-12-27
CUST-07101,Makati,Metro Manila,NCR,2023-07-29
CUST-07102,General Santos,South Cotabato,SOCCSKSARGEN,2023-04-04
CUST-07103,Pasig,Metro Manila,NCR,2023-03-03
CUST-07104,Makati,Metro Manila,NCR,2023-04-09
CUST-07105,Makati,Metro Manila,NCR,2023-08-20
CUST-07106,Antipolo,Rizal,Calabarzon,2023-05-09
CUST-07107,Malolos,Bulacan,Central Luzon,2023-12-08
CUST-07108,Iloilo City,Iloilo,Western Visayas,2023-08-05
CUST-07109,Antipolo,Rizal,Calabarzon,2023-06-20
CUST-07110,Baguio,Benguet,CAR,2023-12-22
CUST-07111,Santa Rosa,Laguna,Calabarzon,2023-12-27
CUST-07112,Davao City,Davao del Sur,Davao Region,2023-03-15
CUST-07113,Angeles,Pampanga,Central Luzon,2023-10-13
CUST-07114,Pasig,Metro Manila,NCR,2023-11-17
CUST-07115,Cebu City,Cebu,Central Visayas,2023-05-30
CUST-07116,Bacolod,Negros Occidental,Western Visayas,2023-09-21
CUST-07117,Santa Rosa,Laguna,Calabarzon,2023-01-09
CUST-07118,General Santos,South Cotabato,SOCCSKSARGEN,2023-01-21
CUST-07119,Davao City,Davao del Sur,Davao Region,2023-03-07
CUST-07120,Makati,Metro Manila,NCR,2023-09-13
CUST-07121,Bacolod,Negros Occidental,Western Visayas,2023-02-16
CUST-07122,Malolos,Bulacan,Central Luzon,2023-09-30
CUST-07123,Angeles,Pampanga,Central Luzon,2023-10-06
CUST-07124,Lipa,Batangas,Calabarzon,2023-01-11
CUST-07125,Davao City,Davao del Sur,Davao Region,2023-04-30
CUST-07126,Baguio,Benguet,CAR,2023-12-01
CUST-07127,Angeles,Pampanga,Central Luzon,2023-02-12
CUST-07128,Quezon City,Metro Manila,NCR,2023-11-04
CUST-07129,Bacoor,Cavite,Calabarzon,2023-04-28
CUST-07130,Davao City,Davao del Sur,Davao Region,2023-07-26
CUST-07131,Cebu City,Cebu,Central Visayas,2023-12-26
CUST-07132,Quezon City,Metro Manila,NCR,2023-03-20
CUST-07133,Davao City,Davao del Sur,Davao Region,2023-04-26
CUST-07134,Tacloban,Leyte,Eastern Visayas,2023-02-13
CUST-07135,Angeles,Pampanga,Central Luzon,2023-05-23
CUST-07136,Quezon City,Metro Manila,NCR,2023-04-01
CUST-07137,Angeles,Pampanga,Central Luzon,2023-02-05
CUST-07138,Quezon City,Metro Manila,NCR,2023-01-10
CUST-07139,Pasig,Metro Manila,NCR,2023-06-11
CUST-07140,Baguio,Benguet,CAR,2023-12-26
CUST-07141,Davao City,Davao del Sur,Davao Region,2023-08-28
CUST-07142,Antipolo,Rizal,Calabarzon,2023-05-20
CUST-07143,Davao City,Davao del Sur,Davao Region,2023-11-22
CUST-07144,Cagayan de Oro,Misamis Oriental,Northern Mindanao,2023-11-20
CUST-07145,Quezon City,Metro Manila,NCR,2023-08-10
CUST-07146,Taguig,Metro Manila,NCR,2023-02-03
CUST-07147,Cebu City,Cebu,Central Visayas,2023-09-06
CUST-07148,Iloilo City,Iloilo,Western Visayas,2023-01-25
CUST-07149,Antipolo,Rizal,Calabarzon,2023-03-14
CUST-07150,Cebu City,Cebu,Central Visayas,2023-09-13
CUST-07151,Baguio,Benguet,CAR,2023-10-09
CUST-07152,Mandaue,Cebu,Central Visayas,2023-03-05
CUST-07153,Cebu City,Cebu,Central Visayas,2023-04-01
CUST-07154,Quezon City,Metro Manila,NCR,2023-05-16
CUST-07155,Manila,Metro Manila,NCR,2023-01-09
CUST-07156,Manila,Metro Manila,NCR,2023-11-26
CUST-07157,Cagayan de Oro,Misamis Oriental,Northern Mindanao,2023-08-14
CUST-07158,Davao City,Davao del Sur,Davao Region,2023-05-26
CUST-07159,Bacolod,Negros Occidental,Western Visayas,2023-12-06
CUST-07160,Manila,Metro Manila,NCR,2023-01-10
CUST-07161,Malolos,Bulacan,Central Luzon,2023-06-07
CUST-07162,Makati,Metro Manila,NCR,2023-09-11
CUST-07163,Antipolo,Rizal,Calabarzon,2023-10-06
CUST-07164,Taguig,Metro Manila,NCR,2024-01-01
CUST-07165,Tacloban,Leyte,Eastern Visayas,2023-05-30
CUST-07166,Manila,Metro Manila,NCR,2023-01-10
CUST-07167,Legazpi,Albay,Bicol,2023-12-19
CUST-07168,General Santos,South Cotabato,SOCCSKSARGEN,2023-08-03
CUST-07169,Cebu City,Cebu,Central Visayas,2023-05-05
CUST-07170,Quezon City,Metro Manila,NCR,2023-07-28
CUST-07171,Davao City,Davao del Sur,Davao Region,2023-05-09
CUST-07172,Legazpi,Albay,Bicol,2023-04-16
CUST-07173,Santa Rosa,Laguna,Calabarzon,2023-01-14
CUST-07174,Cebu City,Cebu,Central Visayas,2023-05-26
CUST-07175,Davao City,Davao del Sur,Davao Region,2023-04-17
CUST-07176,Santa Rosa,Laguna,Calabarzon,2023-09-13
CUST-07177,Angeles,Pampanga,Central Luzon,2023-11-07
CUST-07178,Santa Rosa,Laguna,Calabarzon,2023-11-26
CUST-07179,Quezon City,Metro Manila,NCR,2023-11-23
CUST-07180,Bacolod,Negros Occidental,Western Visayas,2023-03-06
CUST-07181,Manila,Metro Manila,NCR,2023-12-18
CUST-07182,Antipolo,Rizal,Calabarzon,2023-07-09
CUST-07183,Antipolo,Rizal,Calabarzon,2023-05-23
CUST-07184,Pasig,Metro Manila,NCR,2023-05-01
CUST-07185,Antipolo,Rizal,Calabarzon,2023-12-08
CUST-07186,Baguio,Benguet,CAR,2023-02-21
CUST-07187,Pasig,Metro Manila,NCR,2023-07-26
CUST-07188,Manila,Metro Manila,NCR,2023-12-26
CUST-07189,Davao City,Davao del Sur,Davao Region,2023-11-14
CUST-07190,Zamboanga City,Zamboanga del Sur,Zamboanga Peninsula,2023-02-22
CUST-07191,Santa Rosa,Laguna,Calabarzon,2023-01-22
CUST-07192,Caloocan,Metro Manila,NCR,2023-04-02
CUST-07193,Quezon City,Metro Manila,NCR,2023-09-02
CUST-07194,Quezon City,Metro Manila,NCR,2023-01-21
CUST-07195,Antipolo,Rizal,Calabarzon,2023-09-23
CUST-07196,Cagayan de Oro,Misamis Oriental,Northern Mindanao,2023-10-08
CUST-07197,Mandaue,Cebu,Central Visayas,2023-03-28
CUST-07198,Caloocan,Metro Manila,NCR,2023-09-06
CUST-07199,Zamboanga City,Zamboanga del Sur,Zamboanga Peninsula,2023-06-26
CUST-07200,Bacoor,Cavite,Calabarzon,2023-05-05
CUST-07201,Pasig,Metro Manila,NCR,2023-11-02
CUST-07202,Bacoor,Cavite,Calabarzon,2023-01-29
CUST-07203,Makati,Metro Manila,NCR,2023-11-02
CUST-07204,Davao City,Davao del Sur,Davao Region,2023-01-04
CUST-07205,Antipolo,Rizal,Calabarzon,2023-09-22
CUST-07206,Cebu City,Cebu,Central Visayas,2023-08-02
CUST-07207,Antipolo,Rizal,Calabarzon,2023-10-01
CUST-07208,Davao City,Davao del Sur,Davao Region,2023-06-19
CUST-07209,Legazpi,Albay,Bicol,2024-01-01
CUST-07210,Lipa,Batangas,Calabarzon,2023-10-31
CUST-07211,Manila,Metro Manila,NCR,2023-06-26
CUST-07212,Davao City,Davao del Sur,Davao Region,2023-04-23
CUST-07213,Angeles,Pampanga,Central Luzon,2023-01-15
CUST-07214,Pasig,Metro Manila,NCR,2023-03-02
CUST-07215,Davao City,Davao del Sur,Davao Region,2023-01-30
CUST-07216,Quezon City,Metro Manila,NCR,2023-03-16
CUST-07217,Pasig,Metro Manila,NCR,2023-03-24
CUST-07218,Angeles,Pampanga,Central Luzon,2023-08-28
CUST-07219,Caloocan,Metro Manila,NCR,2023-02-05
CUST-07220,Santa Rosa,Laguna,Calabarzon,2023-01-15
CUST-07221,Taguig,Metro Manila,NCR,2023-06-28
CUST-07222,Manila,Metro Manila,NCR,2023-11-19
CUST-07223,Quezon City,Metro Manila,NCR,2023-12-17
CUST-07224,Manila,Metro Manila,NCR,2023-07-05
CUST-07225,Zamboanga City,Zamboanga del Sur,Zamboanga Peninsula,2023-05-15
CUST-07226,Malolos,Bulacan,Central Luzon,2023-06-13
CUST-07227,Lipa,Batangas,Calabarzon,2023-02-08
CUST-07228,Antipolo,Rizal,Calabarzon,2023-06-20
CUST-07229,Cebu City,Cebu,Central Visayas,2023-05-05
CUST-07230,Manila,Metro Manila,NCR,2023-03-31
CUST-07231,Pasig,Metro Manila,NCR,2023-02-09
CUST-07232,Cebu City,Cebu,Central Visayas,2023-05-24
CUST-07233,Santa Rosa,Laguna,Calabarzon,2023-06-12
CUST-07234,Iloilo City,Iloilo,Western Visayas,2023-12-04
CUST-07235,Davao City,Davao del Sur,Davao Region,2023-05-12
CUST-07236,Tacloban,Leyte,Eastern Visayas,2023-10-28
CUST-07237,Makati,Metro Manila,NCR,2023-08-20
CUST-07238,Quezon City,Metro Manila,NCR,2023-06-21
CUST-07239,Manila,Metro Manila,NCR,2023-12-02
CUST-07240,Iloilo City,Iloilo,Western Visayas,2023-04-23
CUST-07241,Davao City,Davao del Sur,Davao Region,2023-09-21
CUST-07242,Cagayan de Oro,Misamis Oriental,Northern Mindanao,2023-06-28
CUST-07243,Pasig,Metro Manila,NCR,2023-08-27
CUST-07244,Tacloban,Leyte,Eastern Visayas,2023-08-25
CUST-07245,Angeles,Pampanga,Central Luzon,2023-08-11
CUST-07246,Tacloban,Leyte,Eastern Visayas,2023-12-14
CUST-07247,Angeles,Pampanga,Central Luzon,2023-10-22
CUST-07248,Manila,Metro Manila,NCR,2023-03-21
CUST-07249,Quezon City,Metro Manila,NCR,2023-11-18
CUST-07250,Zamboanga City,Zamboanga del Sur,Zamboanga Peninsula,2023-07-04
CUST-07251,Bacoor,Cavite,Calabarzon,2023-11-11
CUST-07252,Caloocan,Metro Manila,NCR,2023-06-19
CUST-07253,Caloocan,Metro Manila,NCR,2023-05-12
CUST-07254,Antipolo,Rizal,Calabarzon,2023-07-14
CUST-07255,Cagayan de Oro,Misamis Oriental,Northern Mindanao,2023-03-26
CUST-07256,Quezon City,Metro Manila,NCR,2023-09-27
CUST-07257,Manila,Metro Manila,NCR,2023-06-12
CUST-07258,Bacolod,Negros Occidental,Western Visayas,2023-09-23
CUST-07259,Angeles,Pampanga,Central Luzon,2023-06-30
CUST-07260,Manila,Metro Manila,NCR,2023-12-09
CUST-07261,Quezon City,Metro Manila,NCR,2023-09-25
CUST-07262,Makati,Metro Manila,NCR,2023-04-18
CUST-07263,Taguig,Metro Manila,NCR,2023-03-24
CUST-07264,Quezon City,Metro Manila,NCR,2023-09-24
CUST-07265,Makati,Metro Manila,NCR,2023-09-29
CUST-07266,Mandaue,Cebu,Central Visayas,2023-09-15
CUST-07267,Davao City,Davao del Sur,Davao Region,2023-09-22
CUST-07268,Davao City,Davao del Sur,Davao Region,2023-01-04
CUST-07269,Antipolo,Rizal,Calabarzon,2023-05-09
CUST-07270,Pasig,Metro Manila,NCR,2023-08-14
CUST-07271,General Santos,South Cotabato,SOCCSKSARGEN,2023-07-17
CUST-07272,Iloilo City,Iloilo,Western Visayas,2023-06-29
CUST-07273,Angeles,Pampanga,Central Luzon,2023-06-14
CUST-07274,Taguig,Metro Manila,NCR,2023-08-13
CUST-07275,Pasig,Metro Manila,NCR,2023-01-11
CUST-07276,Lipa,Batangas,Calabarzon,2023-09-18
CUST-07277,Angeles,Pampanga,Central Luzon,2023-07-30
CUST-07278,Quezon City,Metro Manila,NCR,2023-12-30
CUST-07279,Zamboanga City,Zamboanga del Sur,Zamboanga Peninsula,2023-07-06
CUST-07280,Malolos,Bulacan,Central Luzon,2023-02-23
CUST-07281,Malolos,Bulacan,Central Luzon,2023-01-02
CUST-07282,Makati,Metro Manila,NCR,2023-07-13
CUST-07283,Iloilo City,Iloilo,Western Visayas,2023-11-12
CUST-07284,Mandaue,Cebu,Central Visayas,2023-04-14
CUST-07285,Quezon City,Metro Manila,NCR,2023-05-13
CUST-07286,Malolos,Bulacan,Central Luzon,2023-01-17
CUST-07287,Cebu City,Cebu,Central Visayas,2023-07-01
CUST-07288,Tacloban,Leyte,Eastern Visayas,2023-12-31
CUST-07289,Makati,Metro Manila,NCR,2023-02-07
CUST-07290,Davao City,Davao del Sur,Davao Region,2023-04-30
CUST-07291,Santa Rosa,Laguna,Calabarzon,2023-03-15
CUST-07292,Quezon City,Metro Manila,NCR,2023-11-19
CUST-07293,Quezon City,Metro Manila,NCR,2023-07-19
CUST-07294,Makati,Metro Manila,NCR,2023-07-18
CUST-07295,Pasig,Metro Manila,NCR,2023-09-26
CUST-07296,Lipa,Batangas,Calabarzon,2023-02-26
CUST-07297,Mandaue,Cebu,Central Visayas,2023-10-25
CUST-07298,Makati,Metro Manila,NCR,2023-12-06
CUST-07299,General Santos,South Cotabato,SOCCSKSARGEN,2023-10-08
CUST-07300,Manila,Metro Manila,NCR,2023-01-05
CUST-07301,Malolos,Bulacan,Central Luzon,2023-11-21
CUST-07302,Cagayan de Oro,Misamis Oriental,Northern Mindanao,2023-06-03
CUST-07303,Tacloban,Leyte,Eastern Visayas,2023-10-27
CUST-07304,Legazpi,Albay,Bicol,2023-08-10
CUST-07305,Cebu City,Cebu,Central Visayas,2023-06-14
CUST-07306,Manila,Metro Manila,NCR,2023-12-25
CUST-07307,Quezon City,Metro Manila,NCR,2023-10-05
CUST-07308,Bacoor,Cavite,Calabarzon,2023-06-01
CUST-07309,Quezon City,Metro Manila,NCR,2023-12-27
CUST-07310,Antipolo,Rizal,Calabarzon,2023-07-05
CUST-07311,Makati,Metro Manila,NCR,2023-05-26
CUST-07312,Davao City,Davao del Sur,Davao Region,2023-10-15
CUST-07313,Davao City,Davao del Sur,Davao Region,2023-11-03
CUST-07314,Bacolod,Negros Occidental,Western Visayas,2023-07-06
CUST-07315,Cebu City,Cebu,Central Visayas,2023-04-14
CUST-07316,Manila,Metro Manila,NCR,2023-12-28
CUST-07317,Quezon City,Metro Manila,NCR,2023-08-31
CUST-07318,Legazpi,Albay,Bicol,2023-01-02
CUST-07319,Legazpi,Albay,Bicol,2023-09-01
CUST-07320,Antipolo,Rizal,Calabarzon,2023-09-02
CUST-07321,Santa Rosa,Laguna,Calabarzon,2023-04-07
CUST-07322,Lipa,Batangas,Calabarzon,2023-07-10
CUST-07323,Taguig,Metro Manila,NCR,2023-08-12
CUST-07324,Pasig,Metro Manila,NCR,2023-03-21
CUST-07325,Bacoor,Cavite,Calabarzon,2023-12-21
CUST-07326,Malolos,Bulacan,Central Luzon,2023-04-16
CUST-07327,Zamboanga City,Zamboanga del Sur,Zamboanga Peninsula,2023-08-16
CUST-07328,Angeles,Pampanga,Central Luzon,2023-02-11
CUST-07329,Mandaue,Cebu,Central Visayas,2023-04-12
CUST-07330,Bacolod,Negros Occidental,Western Visayas,2023-01-23
CUST-07331,Manila,Metro Manila,NCR,2023-11-16
CUST-07332,Legazpi,Albay,Bicol,2023-10-24
CUST-07333,Santa Rosa,Laguna,Calabarzon,2023-02-06
CUST-07334,Malolos,Bulacan,Central Luzon,2023-08-12
CUST-07335,Quezon City,Metro Manila,NCR,2023-03-10
CUST-07336,Davao City,Davao del Sur,Davao Region,2023-04-26
CUST-07337,Zamboanga City,Zamboanga del Sur,Zamboanga Peninsula,2023-07-03
CUST-07338,Quezon City,Metro Manila,NCR,2023-12-16
CUST-07339,Makati,Metro Manila,NCR,2023-12-06
CUST-07340,Makati,Metro Manila,NCR,2023-04-15
CUST-07341,Iloilo City,Iloilo,Western Visayas,2023-11-27
CUST-07342,Malolos,Bulacan,Central Luzon,2023-12-31
CUST-07343,Manila,Metro Manila,NCR,2023-10-13
CUST-07344,Bacolod,Negros Occidental,Western Visayas,2023-02-02
CUST-07345,Caloocan,Metro Manila,NCR,2023-05-18
CUST-07346,Santa Rosa,Laguna,Calabarzon,2023-04-14
CUST-07347,Antipolo,Rizal,Calabarzon,2023-05-08
CUST-07348,Lipa,Batangas,Calabarzon,2023-06-09
CUST-07349,Santa Rosa,Laguna,Calabarzon,2023-09-30
CUST-07350,Pasig,Metro Manila,NCR,2023-07-29
CUST-07351,Bacoor,Cavite,Calabarzon,2023-06-17
CUST-07352,Davao City,Davao del Sur,Davao Region,2023-01-06
CUST-07353,Lipa,Batangas,Calabarzon,2023-02-07
CUST-07354,Davao City,Davao del Sur,Davao Region,2023-04-08
CUST-07355,Angeles,Pampanga,Central Luzon,2023-03-11
CUST-07356,Iloilo City,Iloilo,Western Visayas,2023-03-13
CUST-07357,Pasig,Metro Manila,NCR,2023-05-03
CUST-07358,Bacolod,Negros Occidental,Western Visayas,2023-03-06
CUST-07359,Taguig,Metro Manila,NCR,2023-12-06
CUST-07360,Quezon City,Metro Manila,NCR,2023-12-25
CUST-07361,Manila,Metro Manila,NCR,2023-07-23
CUST-07362,Quezon City,Metro Manila,NCR,2023-12-13
CUST-07363,Cagayan de Oro,Misamis Oriental,Northern Mindanao,2023-08-31
CUST-07364,General Santos,South Cotabato,SOCCSKSARGEN,2023-10-21
CUST-07365,Iloilo City,Iloilo,Western Visayas,2023-01-17
CUST-07366,Manila,Metro Manila,NCR,2023-05-07
CUST-07367,Davao City,Davao del Sur,Davao Region,2023-12-17
CUST-07368,Mandaue,Cebu,Central Visayas,2023-05-19
CUST-07369,Caloocan,Metro Manila,NCR,2023-04-09
CUST-07370,Lipa,Batangas,Calabarzon,2023-09-05
CUST-07371,Cebu City,Cebu,Central Visayas,2023-02-13
CUST-07372,Quezon City,Metro Manila,NCR,2023-01-11
CUST-07373,Lipa,Batangas,Calabarzon,2023-01-09
CUST-07374,Mandaue,Cebu,Central Visayas,2023-11-29
CUST-07375,Makati,Metro Manila,NCR,2023-07-22
CUST-07376,Bacoor,Cavite,Calabarzon,2023-03-24
CUST-07377,Angeles,Pampanga,Central Luzon,2023-07-24
CUST-07378,Mandaue,Cebu,Central Visayas,2023-07-10
CUST-07379,Zamboanga City,Zamboanga del Sur,Zamboanga Peninsula,2023-09-04
CUST-07380,Davao City,Davao del Sur,Davao Region,2023-08-02
CUST-07381,Baguio,Benguet,CAR,2023-04-23
CUST-07382,Malolos,Bulacan,Central Luzon,2023-12-23
CUST-07383,Malolos,Bulacan,Central Luzon,2023-03-16
CUST-07384,Angeles,Pampanga,Central Luzon,2023-04-11
CUST-07385,Quezon City,Metro Manila,NCR,2023-11-12
CUST-07386,Cebu City,Cebu,Central Visayas,2023-03-26
CUST-07387,Cebu City,Cebu,Central Visayas,2023-06-25
CUST-07388,Lipa,Batangas,Calabarzon,2023-09-07
CUST-07389,Davao City,Davao del Sur,Davao Region,2023-07-19
CUST-07390,Cebu City,Cebu,Central Visayas,2023-06-27
CUST-07391,Antipolo,Rizal,Calabarzon,2023-10-17
CUST-07392,Quezon City,Metro Manila,NCR,2023-05-25
CUST-07393,Quezon City,Metro Manila,NCR,2023-05-17
CUST-07394,Caloocan,Metro Manila,NCR,2023-08-20
CUST-07395,Santa Rosa,Laguna,Calabarzon,2023-07-17
CUST-07396,Manila,Metro Manila,NCR,2023-05-22
CUST-07397,Makati,Metro Manila,NCR,2023-07-02
CUST-07398,Taguig,Metro Manila,NCR,2023-07-27
CUST-07399,Iloilo City,Iloilo,Western Visayas,2023-01-17
CUST-07400,Iloilo City,Iloilo,Western Visayas,2023-02-15
CUST-07401,Antipolo,Rizal,Calabarzon,2023-08-16
CUST-07402,Manila,Metro Manila,NCR,2023-04-14
CUST-07403,Manila,Metro Manila,NCR,2023-03-12
CUST-07404,Quezon City,Metro Manila,NCR,2023-11-22
CUST-07405,Antipolo,Rizal,Calabarzon,2023-05-30
CUST-07406,Quezon City,Metro Manila,NCR,2023-03-16
CUST-07407,Caloocan,Metro Manila,NCR,2023-12-12
CUST-07408,Zamboanga City,Zamboanga del Sur,Zamboanga Peninsula,2023-08-31
CUST-07409,Lipa,Batangas,Calabarzon,2023-03-16
CUST-07410,Tacloban,Leyte,Eastern Visayas,2023-01-25
CUST-07411,Manila,Metro Manila,NCR,2023-01-04
CUST-07412,Taguig,Metro Manila,NCR,2023-05-26
CUST-07413,Cagayan de Oro,Misamis Oriental,Northern Mindanao,2023-12-17
CUST-07414,Antipolo,Rizal,Calabarzon,2023-12-22
CUST-07415,Legazpi,Albay,Bicol,2023-03-11
CUST-07416,Zamboanga City,Zamboanga del Sur,Zamboanga Peninsula,2023-04-08
CUST-07417,Angeles,Pampanga,Central Luzon,2023-10-23
CUST-07418,Pasig,Metro Manila,NCR,2023-11-15
CUST-07419,Angeles,Pampanga,Central Luzon,2023-11-09
CUST-07420,Quezon City,Metro Manila,NCR,2023-02-15
CUST-07421,Manila,Metro Manila,NCR,2023-03-28
CUST-07422,Quezon City,Metro Manila,NCR,2023-01-20
CUST-07423,Davao City,Davao del Sur,Davao Region,2023-11-21
CUST-07424,Cebu City,Cebu,Central Visayas,2023-04-23
CUST-07425,Pasig,Metro Manila,NCR,2023-01-29
CUST-07426,Makati,Metro Manila,NCR,2023-06-21
CUST-07427,Cebu City,Cebu,Central Visayas,2023-03-25
CUST-07428,Cagayan de Oro,Misamis Oriental,Northern Mindanao,2023-05-27
CUST-07429,Pasig,Metro Manila,NCR,2023-12-30
CUST-07430,Caloocan,Metro Manila,NCR,2023-07-29
CUST-07431,Davao City,Davao del Sur,Davao Region,2023-09-28
CUST-07432,Davao City,Davao del Sur,Davao Region,2023-12-02
CUST-07433,Davao City,Davao del Sur,Davao Region,2023-05-29
CUST-07434,Pasig,Metro Manila,NCR,2023-01-27
CUST-07435,Manila,Metro Manila,NCR,2023-12-13
CUST-07436,Bacoor,Cavite,Calabarzon,2023-09-03
CUST-07437,Pasig,Metro Manila,NCR,2023-05-02
CUST-07438,Davao City,Davao del Sur,Davao Region,2023-09-09
CUST-07439,Quezon City,Metro Manila,NCR,2023-11-20
CUST-07440,Legazpi,Albay,Bicol,2023-10-24
CUST-07441,Davao City,Davao del Sur,Davao Region,2023-12-24
CUST-07442,General Santos,South Cotabato,SOCCSKSARGEN,2023-01-04
CUST-07443,Legazpi,Albay,Bicol,2023-07-06
CUST-07444,Cagayan de Oro,Misamis Oriental,Northern Mindanao,2023-01-22
CUST-07445,Quezon City,Metro Manila,NCR,2023-04-26
CUST-07446,Antipolo,Rizal,Calabarzon,2023-08-27
CUST-07447,Quezon City,Metro Manila,NCR,2023-01-23
CUST-07448,General Santos,South Cotabato,SOCCSKSARGEN,2023-09-29
CUST-07449,Davao City,Davao del Sur,Davao Region,2023-10-28
CUST-07450,Quezon City,Metro Manila,NCR,2023-03-14
CUST-07451,Quezon City,Metro Manila,NCR,2023-06-14
CUST-07452,Antipolo,Rizal,Calabarzon,2023-07-31
CUST-07453,Taguig,Metro Manila,NCR,2023-06-01
CUST-07454,Davao City,Davao del Sur,Davao Region,2023-01-13
CUST-07455,Manila,Metro Manila,NCR,2023-09-21
CUST-07456,Bacolod,Negros Occidental,Western Visayas,2023-02-07
CUST-07457,Angeles,Pampanga,Central Luzon,2023-02-03
CUST-07458,Antipolo,Rizal,Calabarzon,2023-03-30
CUST-07459,Manila,Metro Manila,NCR,2023-11-05
CUST-07460,General Santos,South Cotabato,SOCCSKSARGEN,2023-11-30
CUST-07461,Baguio,Benguet,CAR,2023-11-19
CUST-07462,Bacoor,Cavite,Calabarzon,2023-04-20
CUST-07463,Antipolo,Rizal,Calabarzon,2023-08-09
CUST-07464,Davao City,Davao del Sur,Davao Region,2023-01-06
CUST-07465,Bacolod,Negros Occidental,Western Visayas,2023-12-30
CUST-07466,Bacolod,Negros Occidental,Western Visayas,2023-08-18
CUST-07467,Baguio,Benguet,CAR,2023-09-27
CUST-07468,Davao City,Davao del Sur,Davao Region,2023-02-14
CUST-07469,Pasig,Metro Manila,NCR,2023-11-18
CUST-07470,Cebu City,Cebu,Central Visayas,2023-08-06
CUST-07471,Antipolo,Rizal,Calabarzon,2023-02-19
CUST-07472,Malolos,Bulacan,Central Luzon,2023-01-12
CUST-07473,General Santos,South Cotabato,SOCCSKSARGEN,2023-02-01
CUST-07474,General Santos,South Cotabato,SOCCSKSARGEN,2023-05-08
CUST-07475,Lipa,Batangas,Calabarzon,2023-11-03
CUST-07476,Malolos,Bulacan,Central Luzon,2023-11-27
CUST-07477,Davao City,Davao del Sur,Davao Region,2023-08-04
CUST-07478,General Santos,South Cotabato,SOCCSKSARGEN,2023-07-11
CUST-07479,Iloilo City,Iloilo,Western Visayas,2023-06-28
CUST-07480,Quezon City,Metro Manila,NCR,2023-12-14
CUST-07481,Caloocan,Metro Manila,NCR,2023-04-30
CUST-07482,Davao City,Davao del Sur,Davao Region,2023-08-10
CUST-07483,Iloilo City,Iloilo,Western Visayas,2023-11-23
CUST-07484,Mandaue,Cebu,Central Visayas,2023-02-01
CUST-07485,Cebu City,Cebu,Central Visayas,2023-08-24
CUST-07486,Bacoor,Cavite,Calabarzon,2023-10-09
CUST-07487,Antipolo,Rizal,Calabarzon,2023-07-06
CUST-07488,Bacolod,Negros Occidental,Western Visayas,2023-01-20
CUST-07489,Pasig,Metro Manila,NCR,2023-03-06
CUST-07490,Cebu City,Cebu,Central Visayas,2023-11-26
CUST-07491,Mandaue,Cebu,Central Visayas,2023-04-26
CUST-07492,Tacloban,Leyte,Eastern Visayas,2023-05-04
CUST-07493,Pasig,Metro Manila,NCR,2023-02-12
CUST-07494,Mandaue,Cebu,Central Visayas,2023-01-14
CUST-07495,Quezon City,Metro Manila,NCR,2023-04-04
CUST-07496,Manila,Metro Manila,NCR,2023-05-08
CUST-07497,Bacoor,Cavite,Calabarzon,2023-08-25
CUST-07498,Quezon City,Metro Manila,NCR,2023-02-07
CUST-07499,Cagayan de Oro,Misamis Oriental,Northern Mindanao,2023-01-22
CUST-07500,Davao City,Davao del Sur,Davao Region,2023-01-05
CUST-07501,Quezon City,Metro Manila,NCR,2023-01-18
CUST-07502,Tacloban,Leyte,Eastern Visayas,2023-05-12
CUST-07503,Lipa,Batangas,Calabarzon,2023-01-17
CUST-07504,Cebu City,Cebu,Central Visayas,2023-03-22
CUST-07505,Davao City,Davao del Sur,Davao Region,2023-10-06
CUST-07506,Malolos,Bulacan,Central Luzon,2023-12-21
CUST-07507,Manila,Metro Manila,NCR,2023-01-09
CUST-07508,Quezon City,Metro Manila,NCR,2023-07-30
CUST-07509,Lipa,Batangas,Calabarzon,2023-02-17
CUST-07510,Cagayan de Oro,Misamis Oriental,Northern Mindanao,2023-09-18
CUST-07511,Malolos,Bulacan,Central Luzon,2023-08-23
CUST-07512,Antipolo,Rizal,Calabarzon,2023-03-07
CUST-07513,Quezon City,Metro Manila,NCR,2023-06-24
CUST-07514,Davao City,Davao del Sur,Davao Region,2023-04-29
CUST-07515,Caloocan,Metro Manila,NCR,2023-09-07
CUST-07516,Cebu City,Cebu,Central Visayas,2023-05-22
CUST-07517,Cebu City,Cebu,Central Visayas,2023-07-08
CUST-07518,Taguig,Metro Manila,NCR,2023-01-26
CUST-07519,Quezon City,Metro Manila,NCR,2023-07-06
CUST-07520,Antipolo,Rizal,Calabarzon,2023-11-30
CUST-07521,Pasig,Metro Manila,NCR,2023-04-08
CUST-07522,Cebu City,Cebu,Central Visayas,2023-01-18
CUST-07523,Bacolod,Negros Occidental,Western Visayas,2023-02-13
CUST-07524,Makati,Metro Manila,NCR,2023-11-26
CUST-07525,Angeles,Pampanga,Central Luzon,2023-01-02
CUST-07526,Quezon City,Metro Manila,NCR,2023-08-28
CUST-07527,Makati,Metro Manila,NCR,2023-03-03
CUST-07528,Iloilo City,Iloilo,Western Visayas,2023-05-16
CUST-07529,Bacolod,Negros Occidental,Western Visayas,2023-01-11
CUST-07530,Iloilo City,Iloilo,Western Visayas,2023-08-30
CUST-07531,Manila,Metro Manila,NCR,2023-05-25
CUST-07532,Angeles,Pampanga,Central Luzon,2023-04-27
CUST-07533,Bacoor,Cavite,Calabarzon,2023-11-06
CUST-07534,General Santos,South Cotabato,SOCCSKSARGEN,2023-03-24
CUST-07535,Legazpi,Albay,Bicol,2023-11-10
CUST-07536,Cagayan de Oro,Misamis Oriental,Northern Mindanao,2023-03-05
CUST-07537,Manila,Metro Manila,NCR,2023-11-16
CUST-07538,Bacoor,Cavite,Calabarzon,2023-10-28
CUST-07539,Iloilo City,Iloilo,Western Visayas,2023-07-05
CUST-07540,Antipolo,Rizal,Calabarzon,2023-10-27
CUST-07541,Legazpi,Albay,Bicol,2023-12-05
CUST-07542,Lipa,Batangas,Calabarzon,2023-12-13
CUST-07543,General Santos,South Cotabato,SOCCSKSARGEN,2023-09-19
CUST-07544,Manila,Metro Manila,NCR,2023-07-06
CUST-07545,Cagayan de Oro,Misamis Oriental,Northern Mindanao,2023-12-16
CUST-07546,Antipolo,Rizal,Calabarzon,2023-11-12
CUST-07547,Santa Rosa,Laguna,Calabarzon,2023-05-23
CUST-07548,Angeles,Pampanga,Central Luzon,2023-09-07
CUST-07549,Taguig,Metro Manila,NCR,2023-03-31
CUST-07550,Zamboanga City,Zamboanga del Sur,Zamboanga Peninsula,2023-03-01
CUST-07551,Davao City,Davao del Sur,Davao Region,2023-12-21
CUST-07552,Zamboanga City,Zamboanga del Sur,Zamboanga Peninsula,2023-01-20
CUST-07553,General Santos,South Cotabato,SOCCSKSARGEN,2023-04-27
CUST-07554,Cebu City,Cebu,Central Visayas,2023-03-07
CUST-07555,Bacoor,Cavite,Calabarzon,2023-07-11
CUST-07556,Davao City,Davao del Sur,Davao Region,2024-01-01
CUST-07557,Quezon City,Metro Manila,NCR,2023-02-12
CUST-07558,Tacloban,Leyte,Eastern Visayas,2023-06-08
CUST-07559,Lipa,Batangas,Calabarzon,2023-12-19
CUST-07560,Cebu City,Cebu,Central Visayas,2023-11-02
CUST-07561,Antipolo,Rizal,Calabarzon,2023-10-18
CUST-07562,Antipolo,Rizal,Calabarzon,2023-08-17
CUST-07563,Quezon City,Metro Manila,NCR,2023-07-24
CUST-07564,Bacoor,Cavite,Calabarzon,2023-07-29
CUST-07565,Bacoor,Cavite,Calabarzon,2023-02-19
CUST-07566,Makati,Metro Manila,NCR,2023-01-22
CUST-07567,Taguig,Metro Manila,NCR,2023-04-29
CUST-07568,Malolos,Bulacan,Central Luzon,2023-05-15
CUST-07569,Pasig,Metro Manila,NCR,2023-02-20
CUST-07570,Tacloban,Leyte,Eastern Visayas,2023-09-26
CUST-07571,Manila,Metro Manila,NCR,2023-06-12
CUST-07572,Malolos,Bulacan,Central Luzon,2023-05-12
CUST-07573,Manila,Metro Manila,NCR,2023-09-19
CUST-07574,Angeles,Pampanga,Central Luzon,2023-01-19
CUST-07575,Angeles,Pampanga,Central Luzon,2023-10-08
CUST-07576,Legazpi,Albay,Bicol,2023-12-11
CUST-07577,Bacoor,Cavite,Calabarzon,2023-09-05
CUST-07578,Lipa,Batangas,Calabarzon,2023-03-10
CUST-07579,Makati,Metro Manila,NCR,2023-08-18
CUST-07580,Santa Rosa,Laguna,Calabarzon,2023-10-14
CUST-07581,Antipolo,Rizal,Calabarzon,2023-02-17
CUST-07582,Cebu City,Cebu,Central Visayas,2023-11-07
CUST-07583,Bacoor,Cavite,Calabarzon,2023-11-05
CUST-07584,Iloilo City,Iloilo,Western Visayas,2023-02-07
CUST-07585,Bacoor,Cavite,Calabarzon,2023-09-06
CUST-07586,Taguig,Metro Manila,NCR,2024-01-01
CUST-07587,Taguig,Metro Manila,NCR,2023-07-27
CUST-07588,Quezon City,Metro Manila,NCR,2023-04-06
CUST-07589,Angeles,Pampanga,Central Luzon,2023-03-31
CUST-07590,Tacloban,Leyte,Eastern Visayas,2023-12-01
CUST-07591,Iloilo City,Iloilo,Western Visayas,2023-09-21
CUST-07592,Bacoor,Cavite,Calabarzon,2023-05-21
CUST-07593,Makati,Metro Manila,NCR,2023-05-06
CUST-07594,Davao City,Davao del Sur,Davao Region,2023-05-20
CUST-07595,Quezon City,Metro Manila,NCR,2023-08-31
CUST-07596,Antipolo,Rizal,Calabarzon,2023-02-21
CUST-07597,Davao City,Davao del Sur,Davao Region,2023-12-04
CUST-07598,Antipolo,Rizal,Calabarzon,2023-03-07
CUST-07599,Manila,Metro Manila,NCR,2023-01-23
CUST-07600,Taguig,Metro Manila,NCR,2023-04-26
CUST-07601,Malolos,Bulacan,Central Luzon,2023-07-29
CUST-07602,Manila,Metro Manila,NCR,2023-08-16
CUST-07603,Cebu City,Cebu,Central Visayas,2023-07-26
CUST-07604,Bacoor,Cavite,Calabarzon,2023-11-02
CUST-07605,Caloocan,Metro Manila,NCR,2023-10-12
CUST-07606,Taguig,Metro Manila,NCR,2023-05-14
CUST-07607,Tacloban,Leyte,Eastern Visayas,2023-06-15
CUST-07608,Antipolo,Rizal,Calabarzon,2023-07-04
CUST-07609,Mandaue,Cebu,Central Visayas,2023-07-12
CUST-07610,Bacoor,Cavite,Calabarzon,2023-12-04
CUST-07611,Quezon City,Metro Manila,NCR,2023-02-19
CUST-07612,Bacoor,Cavite,Calabarzon,2023-01-18
CUST-07613,Lipa,Batangas,Calabarzon,2023-10-04
CUST-07614,Santa Rosa,Laguna,Calabarzon,2023-09-09
CUST-07615,Bacolod,Negros Occidental,Western Visayas,2023-05-16
CUST-07616,Davao City,Davao del Sur,Davao Region,2024-01-01
CUST-07617,Bacolod,Negros Occidental,Western Visayas,2023-11-25
CUST-07618,Malolos,Bulacan,Central Luzon,2023-02-06
CUST-07619,Angeles,Pampanga,Central Luzon,2023-10-31
CUST-07620,Legazpi,Albay,Bicol,2023-06-05
CUST-07621,Pasig,Metro Manila,NCR,2023-02-13
CUST-07622,Bacolod,Negros Occidental,Western Visayas,2023-04-09
CUST-07623,Davao City,Davao del Sur,Davao Region,2023-09-24
CUST-07624,Taguig,Metro Manila,NCR,2023-11-07
CUST-07625,Davao City,Davao del Sur,Davao Region,2023-04-14
CUST-07626,Davao City,Davao del Sur,Davao Region,2023-08-07
CUST-07627,Bacoor,Cavite,Calabarzon,2023-01-13
CUST-07628,Davao City,Davao del Sur,Davao Region,2023-05-11
CUST-07629,Manila,Metro Manila,NCR,2023-12-28
CUST-07630,Quezon City,Metro Manila,NCR,2023-10-02
CUST-07631,Caloocan,Metro Manila,NCR,2023-04-05
CUST-07632,Angeles,Pampanga,Central Luzon,2023-04-20
CUST-07633,Caloocan,Metro Manila,NCR,2023-04-06
CUST-07634,Cagayan de Oro,Misamis Oriental,Northern Mindanao,2023-10-08
CUST-07635,Taguig,Metro Manila,NCR,2023-10-03
CUST-07636,Pasig,Metro Manila,NCR,2023-10-17
CUST-07637,Legazpi,Albay,Bicol,2023-04-23
CUST-07638,Quezon City,Metro Manila,NCR,2023-12-28
CUST-07639,Mandaue,Cebu,Central Visayas,2023-03-10
CUST-07640,Antipolo,Rizal,Calabarzon,2023-09-21
CUST-07641,General Santos,South Cotabato,SOCCSKSARGEN,2023-07-07
CUST-07642,Cebu City,Cebu,Central Visayas,2023-10-03
CUST-07643,Quezon City,Metro Manila,NCR,2023-07-30
CUST-07644,Quezon City,Metro Manila,NCR,2023-03-29
CUST-07645,Quezon City,Metro Manila,NCR,2023-10-21
CUST-07646,Zamboanga City,Zamboanga del Sur,Zamboanga Peninsula,2023-06-08
CUST-07647,Cebu City,Cebu,Central Visayas,2023-12-12
CUST-07648,Bacoor,Cavite,Calabarzon,2023-10-29
CUST-07649,Makati,Metro Manila,NCR,2023-04-27
CUST-07650,Davao City,Davao del Sur,Davao Region,2023-06-08
CUST-07651,Makati,Metro Manila,NCR,2023-05-23
CUST-07652,Cebu City,Cebu,Central Visayas,2023-10-11
CUST-07653,Iloilo City,Iloilo,Western Visayas,2023-10-18
CUST-07654,Pasig,Metro Manila,NCR,2023-07-30
CUST-07655,Lipa,Batangas,Calabarzon,2023-11-15
CUST-07656,Makati,Metro Manila,NCR,2023-02-11
CUST-07657,Antipolo,Rizal,Calabarzon,2023-09-26
CUST-07658,Zamboanga City,Zamboanga del Sur,Zamboanga Peninsula,2023-04-14
CUST-07659,Cebu City,Cebu,Central Visayas,2023-11-05
CUST-07660,Davao City,Davao del Sur,Davao Region,2023-05-09
CUST-07661,Angeles,Pampanga,Central Luzon,2023-10-19
CUST-07662,Taguig,Metro Manila,NCR,2023-09-21
CUST-07663,Cebu City,Cebu,Central Visayas,2023-08-04
CUST-07664,Lipa,Batangas,Calabarzon,2023-11-17
CUST-07665,Manila,Metro Manila,NCR,2023-11-17
CUST-07666,Bacoor,Cavite,Calabarzon,2023-04-02
CUST-07667,Legazpi,Albay,Bicol,2023-08-28
CUST-07668,Mandaue,Cebu,Central Visayas,2023-06-08
CUST-07669,Taguig,Metro Manila,NCR,2023-05-11
CUST-07670,Davao City,Davao del Sur,Davao Region,2023-05-19
CUST-07671,Antipolo,Rizal,Calabarzon,2023-05-17
CUST-07672,Taguig,Metro Manila,NCR,2023-01-11
CUST-07673,Makati,Metro Manila,NCR,2023-05-16
CUST-07674,Bacolod,Negros Occidental,Western Visayas,2023-08-27
CUST-07675,Caloocan,Metro Manila,NCR,2023-09-20
CUST-07676,Santa Rosa,Laguna,Calabarzon,2023-03-15
CUST-07677,Makati,Metro Manila,NCR,2023-08-01
CUST-07678,Cebu City,Cebu,Central Visayas,2023-06-11
CUST-07679,Iloilo City,Iloilo,Western Visayas,2023-03-10
CUST-07680,Caloocan,Metro Manila,NCR,2023-10-08
CUST-07681,Cagayan de Oro,Misamis Oriental,Northern Mindanao,2023-10-12
CUST-07682,Quezon City,Metro Manila,NCR,2023-12-13
CUST-07683,Manila,Metro Manila,NCR,2023-12-06
CUST-07684,Malolos,Bulacan,Central Luzon,2023-05-22
CUST-07685,Cebu City,Cebu,Central Visayas,2023-07-02
CUST-07686,Taguig,Metro Manila,NCR,2023-09-15
CUST-07687,Angeles,Pampanga,Central Luzon,2023-10-16
CUST-07688,Pasig,Metro Manila,NCR,2023-04-23
CUST-07689,Angeles,Pampanga,Central Luzon,2023-12-01
CUST-07690,Cebu City,Cebu,Central Visayas,2023-04-21
CUST-07691,Zamboanga City,Zamboanga del Sur,Zamboanga Peninsula,2023-02-05
CUST-07692,Santa Rosa,Laguna,Calabarzon,2023-07-19
CUST-07693,Legazpi,Albay,Bicol,2023-07-05
CUST-07694,Malolos,Bulacan,Central Luzon,2023-06-20
CUST-07695,Pasig,Metro Manila,NCR,2023-11-28
CUST-07696,Taguig,Metro Manila,NCR,2023-05-18
CUST-07697,General Santos,South Cotabato,SOCCSKSARGEN,2023-08-21
CUST-07698,Makati,Metro Manila,NCR,2023-07-14
CUST-07699,Bacolod,Negros Occidental,Western Visayas,2023-12-24
CUST-07700,Manila,Metro Manila,NCR,2023-02-15
CUST-07701,Bacolod,Negros Occidental,Western Visayas,2023-09-02
CUST-07702,Makati,Metro Manila,NCR,2023-12-05
CUST-07703,Zamboanga City,Zamboanga del Sur,Zamboanga Peninsula,2023-03-22
CUST-07704,Cebu City,Cebu,Central Visayas,2023-01-09
CUST-07705,Quezon City,Metro Manila,NCR,2023-06-26
CUST-07706,Cebu City,Cebu,Central Visayas,2023-12-20
CUST-07707,Malolos,Bulacan,Central Luzon,2023-01-05
CUST-07708,Caloocan,Metro Manila,NCR,2023-10-18
CUST-07709,Taguig,Metro Manila,NCR,2023-10-06
CUST-07710,Cebu City,Cebu,Central Visayas,2023-04-18
CUST-07711,Mandaue,Cebu,Central Visayas,2023-09-02
CUST-07712,Caloocan,Metro Manila,NCR,2023-12-01
CUST-07713,Davao City,Davao del Sur,Davao Region,2023-04-27
CUST-07714,Taguig,Metro Manila,NCR,2023-09-28
CUST-07715,Quezon City,Metro Manila,NCR,2023-02-21
CUST-07716,Malolos,Bulacan,Central Luzon,2023-11-06
CUST-07717,Quezon City,Metro Manila,NCR,2023-02-05
CUST-07718,Pasig,Metro Manila,NCR,2023-04-12
CUST-07719,Lipa,Batangas,Calabarzon,2023-10-06
CUST-07720,Pasig,Metro Manila,NCR,2023-06-04
CUST-07721,Makati,Metro Manila,NCR,2023-01-24
CUST-07722,Cebu City,Cebu,Central Visayas,2023-12-09
CUST-07723,Angeles,Pampanga,Central Luzon,2023-03-08
CUST-07724,Tacloban,Leyte,Eastern Visayas,2023-07-18
CUST-07725,Malolos,Bulacan,Central Luzon,2023-01-20
CUST-07726,Santa Rosa,Laguna,Calabarzon,2023-10-17
CUST-07727,Taguig,Metro Manila,NCR,2023-04-14
CUST-07728,Bacolod,Negros Occidental,Western Visayas,2023-01-13
CUST-07729,Makati,Metro Manila,NCR,2023-08-29
CUST-07730,Taguig,Metro Manila,NCR,2023-11-23
CUST-07731,Tacloban,Leyte,Eastern Visayas,2023-08-11
CUST-07732,Mandaue,Cebu,Central Visayas,2023-05-28
CUST-07733,Baguio,Benguet,CAR,2023-05-17
CUST-07734,Quezon City,Metro Manila,NCR,2023-07-10
CUST-07735,Manila,Metro Manila,NCR,2023-01-26
CUST-07736,Lipa,Batangas,Calabarzon,2023-06-04
CUST-07737,Mandaue,Cebu,Central Visayas,2023-05-13
CUST-07738,Santa Rosa,Laguna,Calabarzon,2023-01-17
CUST-07739,Quezon City,Metro Manila,NCR,2023-01-24
CUST-07740,Makati,Metro Manila,NCR,2023-08-30
CUST-07741,Malolos,Bulacan,Central Luzon,2023-09-19
CUST-07742,Cebu City,Cebu,Central Visayas,2023-04-03
CUST-07743,Quezon City,Metro Manila,NCR,2023-06-24
CUST-07744,Quezon City,Metro Manila,NCR,2023-07-22
CUST-07745,Taguig,Metro Manila,NCR,2023-04-22
CUST-07746,Quezon City,Metro Manila,NCR,2023-05-05
CUST-07747,Angeles,Pampanga,Central Luzon,2023-02-02
CUST-07748,Manila,Metro Manila,NCR,2023-08-21
CUST-07749,Legazpi,Albay,Bicol,2023-04-01
CUST-07750,Iloilo City,Iloilo,Western Visayas,2023-10-11
CUST-07751,Zamboanga City,Zamboanga del Sur,Zamboanga Peninsula,2023-01-24
CUST-07752,Cagayan de Oro,Misamis Oriental,Northern Mindanao,2023-12-02
CUST-07753,Taguig,Metro Manila,NCR,2023-04-03
CUST-07754,Quezon City,Metro Manila,NCR,2023-11-25
CUST-07755,Caloocan,Metro Manila,NCR,2023-02-14
CUST-07756,Cebu City,Cebu,Central Visayas,2023-01-16
CUST-07757,Quezon City,Metro Manila,NCR,2023-03-09
CUST-07758,Antipolo,Rizal,Calabarzon,2023-03-20
CUST-07759,Pasig,Metro Manila,NCR,2023-07-11
CUST-07760,Makati,Metro Manila,NCR,2023-10-04
CUST-07761,Cebu City,Cebu,Central Visayas,2023-01-07
CUST-07762,Cebu City,Cebu,Central Visayas,2023-06-22
CUST-07763,Angeles,Pampanga,Central Luzon,2023-03-09
CUST-07764,Davao City,Davao del Sur,Davao Region,2023-04-16
CUST-07765,Quezon City,Metro Manila,NCR,2023-04-21
CUST-07766,Manila,Metro Manila,NCR,2023-08-26
CUST-07767,Antipolo,Rizal,Calabarzon,2023-07-30
CUST-07768,Cebu City,Cebu,Central Visayas,2023-07-25
CUST-07769,Malolos,Bulacan,Central Luzon,2023-05-27
CUST-07770,Quezon City,Metro Manila,NCR,2023-04-14
CUST-07771,Zamboanga City,Zamboanga del Sur,Zamboanga Peninsula,2023-10-21
CUST-07772,Pasig,Metro Manila,NCR,2023-10-10
CUST-07773,Antipolo,Rizal,Calabarzon,2023-12-15
CUST-07774,Baguio,Benguet,CAR,2023-06-23
CUST-07775,Cagayan de Oro,Misamis Oriental,Northern Mindanao,2023-05-02
CUST-07776,Cebu City,Cebu,Central Visayas,2023-10-17
CUST-07777,Zamboanga City,Zamboanga del Sur,Zamboanga Peninsula,2023-04-17
CUST-07778,Makati,Metro Manila,NCR,2023-12-31
CUST-07779,Baguio,Benguet,CAR,2023-02-19
CUST-07780,Tacloban,Leyte,Eastern Visayas,2023-04-25
CUST-07781,Lipa,Batangas,Calabarzon,2023-04-27
CUST-07782,Antipolo,Rizal,Calabarzon,2023-04-18
CUST-07783,General Santos,South Cotabato,SOCCSKSARGEN,2023-08-24
CUST-07784,Manila,Metro Manila,NCR,2023-01-03
CUST-07785,Bacoor,Cavite,Calabarzon,2023-04-04
CUST-07786,Davao City,Davao del Sur,Davao Region,2023-10-27
CUST-07787,Davao City,Davao del Sur,Davao Region,2023-01-30
CUST-07788,General Santos,South Cotabato,SOCCSKSARGEN,2023-04-07
CUST-07789,Davao City,Davao del Sur,Davao Region,2023-09-10
CUST-07790,Quezon City,Metro Manila,NCR,2023-01-20
CUST-07791,Cagayan de Oro,Misamis Oriental,Northern Mindanao,2023-10-03
CUST-07792,Bacoor,Cavite,Calabarzon,2023-05-11
CUST-07793,Legazpi,Albay,Bicol,2023-05-02
CUST-07794,Antipolo,Rizal,Calabarzon,2023-01-15
CUST-07795,Bacolod,Negros Occidental,Western Visayas,2023-06-07
CUST-07796,Malolos,Bulacan,Central Luzon,2023-01-04
CUST-07797,Davao City,Davao del Sur,Davao Region,2023-09-20
CUST-07798,Makati,Metro Manila,NCR,2023-03-15
CUST-07799,Makati,Metro Manila,NCR,2023-10-04
CUST-07800,Bacoor,Cavite,Calabarzon,2023-01-02
CUST-07801,Quezon City,Metro Manila,NCR,2023-03-29
CUST-07802,Cebu City,Cebu,Central Visayas,2023-05-18
CUST-07803,Pasig,Metro Manila,NCR,2023-12-08
CUST-07804,Angeles,Pampanga,Central Luzon,2023-07-04
CUST-07805,Quezon City,Metro Manila,NCR,2023-11-10
CUST-07806,Manila,Metro Manila,NCR,2023-02-01
CUST-07807,Baguio,Benguet,CAR,2023-08-16
CUST-07808,Pasig,Metro Manila,NCR,2023-03-04
CUST-07809,Makati,Metro Manila,NCR,2023-02-05
CUST-07810,Taguig,Metro Manila,NCR,2023-11-22
CUST-07811,Makati,Metro Manila,NCR,2023-03-30
CUST-07812,Baguio,Benguet,CAR,2023-09-13
CUST-07813,Manila,Metro Manila,NCR,2023-11-23
CUST-07814,Antipolo,Rizal,Calabarzon,2023-09-28
CUST-07815,Cebu City,Cebu,Central Visayas,2023-06-15
CUST-07816,Lipa,Batangas,Calabarzon,2023-02-23
CUST-07817,Malolos,Bulacan,Central Luzon,2023-04-24
CUST-07818,Taguig,Metro Manila,NCR,2023-10-08
CUST-07819,Cagayan de Oro,Misamis Oriental,Northern Mindanao,2023-09-15
CUST-07820,Bacoor,Cavite,Calabarzon,2023-09-13
CUST-07821,Pasig,Metro Manila,NCR,2023-04-08
CUST-07822,Davao City,Davao del Sur,Davao Region,2023-06-26
CUST-07823,Cebu City,Cebu,Central Visayas,2023-12-24
CUST-07824,Baguio,Benguet,CAR,2023-12-05
CUST-07825,Davao City,Davao del Sur,Davao Region,2023-12-05
CUST-07826,Quezon City,Metro Manila,NCR,2023-01-16
CUST-07827,Tacloban,Leyte,Eastern Visayas,2023-07-01
CUST-07828,Cebu City,Cebu,Central Visayas,2023-07-06
CUST-07829,Antipolo,Rizal,Calabarzon,2023-03-30
CUST-07830,Taguig,Metro Manila,NCR,2023-10-24
CUST-07831,Quezon City,Metro Manila,NCR,2023-12-21
CUST-07832,Cagayan de Oro,Misamis Oriental,Northern Mindanao,2023-09-25
CUST-07833,Manila,Metro Manila,NCR,2023-10-17
CUST-07834,Taguig,Metro Manila,NCR,2023-03-16
CUST-07835,Cebu City,Cebu,Central Visayas,2023-03-09
CUST-07836,Cebu City,Cebu,Central Visayas,2023-05-15
CUST-07837,Manila,Metro Manila,NCR,2023-02-03
CUST-07838,Bacolod,Negros Occidental,Western Visayas,2023-07-16
CUST-07839,Lipa,Batangas,Calabarzon,2023-10-06
CUST-07840,Davao City,Davao del Sur,Davao Region,2023-09-02
CUST-07841,Quezon City,Metro Manila,NCR,2023-11-11
CUST-07842,Quezon City,Metro Manila,NCR,2023-02-07
CUST-07843,Legazpi,Albay,Bicol,2023-05-26
CUST-07844,Manila,Metro Manila,NCR,2023-03-26
CUST-07845,Angeles,Pampanga,Central Luzon,2023-09-21
CUST-07846,Quezon City,Metro Manila,NCR,2023-04-14
CUST-07847,Iloilo City,Iloilo,Western Visayas,2023-09-03
CUST-07848,Davao City,Davao del Sur,Davao Region,2023-07-23
CUST-07849,Tacloban,Leyte,Eastern Visayas,2023-05-09
CUST-07850,Zamboanga City,Zamboanga del Sur,Zamboanga Peninsula,2023-01-08
CUST-07851,Davao City,Davao del Sur,Davao Region,2023-06-12
CUST-07852,Bacoor,Cavite,Calabarzon,2023-04-17
CUST-07853,Antipolo,Rizal,Calabarzon,2023-05-29
CUST-07854,Davao City,Davao del Sur,Davao Region,2023-07-31
CUST-07855,Cagayan de Oro,Misamis Oriental,Northern Mindanao,2023-01-26
CUST-07856,Zamboanga City,Zamboanga del Sur,Zamboanga Peninsula,2023-01-16
CUST-07857,Iloilo City,Iloilo,Western Visayas,2023-09-10
CUST-07858,Makati,Metro Manila,NCR,2023-02-09
CUST-07859,Cagayan de Oro,Misamis Oriental,Northern Mindanao,2023-07-21
CUST-07860,Cagayan de Oro,Misamis Oriental,Northern Mindanao,2023-04-06
CUST-07861,Cebu City,Cebu,Central Visayas,2023-06-27
CUST-07862,Davao City,Davao del Sur,Davao Region,2023-03-28
CUST-07863,Angeles,Pampanga,Central Luzon,2023-02-17
CUST-07864,Cagayan de Oro,Misamis Oriental,Northern Mindanao,2023-07-31
CUST-07865,Quezon City,Metro Manila,NCR,2023-04-21
CUST-07866,Davao City,Davao del Sur,Davao Region,2023-06-30
CUST-07867,Quezon City,Metro Manila,NCR,2023-03-16
CUST-07868,Caloocan,Metro Manila,NCR,2023-10-24
CUST-07869,Manila,Metro Manila,NCR,2023-04-10
CUST-07870,Santa Rosa,Laguna,Calabarzon,2023-05-29
CUST-07871,Taguig,Metro Manila,NCR,2023-07-21
CUST-07872,Cagayan de Oro,Misamis Oriental,Northern Mindanao,2023-08-19
CUST-07873,Angeles,Pampanga,Central Luzon,2023-04-20
CUST-07874,Davao City,Davao del Sur,Davao Region,2023-08-28
CUST-07875,Pasig,Metro Manila,NCR,2023-12-20
CUST-07876,Quezon City,Metro Manila,NCR,2023-01-20
CUST-07877,Iloilo City,Iloilo,Western Visayas,2023-07-22
CUST-07878,Cebu City,Cebu,Central Visayas,2023-11-02
CUST-07879,Angeles,Pampanga,Central Luzon,2023-10-11
CUST-07880,Bacolod,Negros Occidental,Western Visayas,2023-03-05
CUST-07881,Tacloban,Leyte,Eastern Visayas,2023-09-02
CUST-07882,Malolos,Bulacan,Central Luzon,2023-09-21
CUST-07883,Zamboanga City,Zamboanga del Sur,Zamboanga Peninsula,2023-07-08
CUST-07884,Cebu City,Cebu,Central Visayas,2023-12-22
CUST-07885,Cebu City,Cebu,Central Visayas,2023-06-11
CUST-07886,Antipolo,Rizal,Calabarzon,2023-12-18
CUST-07887,Quezon City,Metro Manila,NCR,2023-03-03
CUST-07888,Taguig,Metro Manila,NCR,2023-07-29
CUST-07889,Iloilo City,Iloilo,Western Visayas,2023-10-14
CUST-07890,Cebu City,Cebu,Central Visayas,2023-07-20
CUST-07891,Caloocan,Metro Manila,NCR,2023-10-29
CUST-07892,Baguio,Benguet,CAR,2023-09-07
CUST-07893,Makati,Metro Manila,NCR,2023-11-15
CUST-07894,Taguig,Metro Manila,NCR,2023-05-02
CUST-07895,Cagayan de Oro,Misamis Oriental,Northern Mindanao,2023-01-10
CUST-07896,Bacoor,Cavite,Calabarzon,2023-07-08
CUST-07897,Taguig,Metro Manila,NCR,2023-11-27
CUST-07898,Santa Rosa,Laguna,Calabarzon,2023-12-05
CUST-07899,Antipolo,Rizal,Calabarzon,2023-03-04
CUST-07900,Mandaue,Cebu,Central Visayas,2023-08-27
CUST-07901,Zamboanga City,Zamboanga del Sur,Zamboanga Peninsula,2023-09-15
CUST-07902,Malolos,Bulacan,Central Luzon,2023-11-25
CUST-07903,Malolos,Bulacan,Central Luzon,2023-05-04
CUST-07904,Antipolo,Rizal,Calabarzon,2023-12-10
CUST-07905,Angeles,Pampanga,Central Luzon,2023-02-05
CUST-07906,Pasig,Metro Manila,NCR,2023-10-17
CUST-07907,Quezon City,Metro Manila,NCR,2023-12-07
CUST-07908,Davao City,Davao del Sur,Davao Region,2023-04-21
CUST-07909,Bacoor,Cavite,Calabarzon,2023-08-25
CUST-07910,Lipa,Batangas,Calabarzon,2023-04-22
CUST-07911,Quezon City,Metro Manila,NCR,2023-12-18
CUST-07912,Tacloban,Leyte,Eastern Visayas,2023-02-21
CUST-07913,Manila,Metro Manila,NCR,2023-09-10
CUST-07914,Bacoor,Cavite,Calabarzon,2023-03-31
CUST-07915,Tacloban,Leyte,Eastern Visayas,2023-01-25
CUST-07916,Santa Rosa,Laguna,Calabarzon,2023-06-20
CUST-07917,Cagayan de Oro,Misamis Oriental,Northern Mindanao,2023-09-02
CUST-07918,Makati,Metro Manila,NCR,2023-09-09
CUST-07919,Cebu City,Cebu,Central Visayas,2023-04-26
CUST-07920,General Santos,South Cotabato,SOCCSKSARGEN,2023-12-30
CUST-07921,Angeles,Pampanga,Central Luzon,2023-11-09
CUST-07922,Cebu City,Cebu,Central Visayas,2023-05-10
CUST-07923,Antipolo,Rizal,Calabarzon,2023-12-23
CUST-07924,Iloilo City,Iloilo,Western Visayas,2023-09-18
CUST-07925,Davao City,Davao del Sur,Davao Region,2023-05-10
CUST-07926,Cebu City,Cebu,Central Visayas,2023-10-02
CUST-07927,Cagayan de Oro,Misamis Oriental,Northern Mindanao,2023-01-27
CUST-07928,Malolos,Bulacan,Central Luzon,2023-01-11
CUST-07929,Malolos,Bulacan,Central Luzon,2023-12-20
CUST-07930,Pasig,Metro Manila,NCR,2023-10-30
CUST-07931,Cebu City,Cebu,Central Visayas,2023-02-04
CUST-07932,Davao City,Davao del Sur,Davao Region,2023-12-21
CUST-07933,Legazpi,Albay,Bicol,2023-07-08
CUST-07934,Taguig,Metro Manila,NCR,2023-01-20
CUST-07935,Angeles,Pampanga,Central Luzon,2023-06-01
CUST-07936,Iloilo City,Iloilo,Western Visayas,2023-09-12
CUST-07937,Cagayan de Oro,Misamis Oriental,Northern Mindanao,2023-12-30
CUST-07938,Manila,Metro Manila,NCR,2023-08-11
CUST-07939,Manila,Metro Manila,NCR,2023-06-18
CUST-07940,Bacoor,Cavite,Calabarzon,2023-12-03
CUST-07941,Manila,Metro Manila,NCR,2023-06-23
CUST-07942,General Santos,South Cotabato,SOCCSKSARGEN,2023-08-07
CUST-07943,Bacoor,Cavite,Calabarzon,2023-09-05
CUST-07944,Angeles,Pampanga,Central Luzon,2023-01-12
CUST-07945,Taguig,Metro Manila,NCR,2023-02-09
CUST-07946,Bacoor,Cavite,Calabarzon,2023-04-23
CUST-07947,General Santos,South Cotabato,SOCCSKSARGEN,2023-05-31
CUST-07948,Lipa,Batangas,Calabarzon,2023-07-13
CUST-07949,Quezon City,Metro Manila,NCR,2023-12-07
CUST-07950,Taguig,Metro Manila,NCR,2023-09-11
CUST-07951,General Santos,South Cotabato,SOCCSKSARGEN,2023-12-29
CUST-07952,General Santos,South Cotabato,SOCCSKSARGEN,2023-08-21
CUST-07953,Makati,Metro Manila,NCR,2023-07-13
CUST-07954,Baguio,Benguet,CAR,2023-05-23
CUST-07955,Quezon City,Metro Manila,NCR,2023-08-25
CUST-07956,Malolos,Bulacan,Central Luzon,2023-10-01
CUST-07957,Manila,Metro Manila,NCR,2023-04-17
CUST-07958,Bacolod,Negros Occidental,Western Visayas,2023-11-07
CUST-07959,Cagayan de Oro,Misamis Oriental,Northern Mindanao,2023-11-17
CUST-07960,Manila,Metro Manila,NCR,2023-04-22
CUST-07961,Santa Rosa,Laguna,Calabarzon,2023-06-02
CUST-07962,Quezon City,Metro Manila,NCR,2023-02-18
CUST-07963,Caloocan,Metro Manila,NCR,2023-04-07
CUST-07964,Quezon City,Metro Manila,NCR,2023-02-06
CUST-07965,Taguig,Metro Manila,NCR,2023-05-04
CUST-07966,General Santos,South Cotabato,SOCCSKSARGEN,2023-02-28
CUST-07967,Quezon City,Metro Manila,NCR,2023-11-01
CUST-07968,Davao City,Davao del Sur,Davao Region,2023-06-22
CUST-07969,Quezon City,Metro Manila,NCR,2023-01-22
CUST-07970,Angeles,Pampanga,Central Luzon,2023-03-20
CUST-07971,Bacoor,Cavite,Calabarzon,2023-08-07
CUST-07972,Cagayan de Oro,Misamis Oriental,Northern Mindanao,2023-01-28
CUST-07973,Makati,Metro Manila,NCR,2023-09-09
CUST-07974,Makati,Metro Manila,NCR,2023-12-24
CUST-07975,Mandaue,Cebu,Central Visayas,2023-03-17
CUST-07976,Cebu City,Cebu,Central Visayas,2023-08-04
CUST-07977,Cebu City,Cebu,Central Visayas,2023-12-20
CUST-07978,Quezon City,Metro Manila,NCR,2023-10-19
CUST-07979,Taguig,Metro Manila,NCR,2023-12-06
CUST-07980,Tacloban,Leyte,Eastern Visayas,2023-01-03
CUST-07981,Malolos,Bulacan,Central Luzon,2023-02-26
CUST-07982,Malolos,Bulacan,Central Luzon,2023-01-27
CUST-07983,Pasig,Metro Manila,NCR,2023-10-27
CUST-07984,Taguig,Metro Manila,NCR,2023-03-15
CUST-07985,Cagayan de Oro,Misamis Oriental,Northern Mindanao,2023-06-10
CUST-07986,Mandaue,Cebu,Central Visayas,2023-09-16
CUST-07987,Manila,Metro Manila,NCR,2023-05-02
CUST-07988,Cagayan de Oro,Misamis Oriental,Northern Mindanao,2023-01-19
CUST-07989,Malolos,Bulacan,Central Luzon,2023-07-17
CUST-07990,Caloocan,Metro Manila,NCR,2023-12-22
CUST-07991,Antipolo,Rizal,Calabarzon,2023-02-28
CUST-07992,Cebu City,Cebu,Central Visayas,2023-10-25
CUST-07993,Antipolo,Rizal,Calabarzon,2023-10-27
CUST-07994,Malolos,Bulacan,Central Luzon,2023-05-21
CUST-07995,Cebu City,Cebu,Central Visayas,2023-03-16
CUST-07996,Makati,Metro Manila,NCR,2023-03-18
CUST-07997,Cagayan de Oro,Misamis Oriental,Northern Mindanao,2023-02-19
CUST-07998,Caloocan,Metro Manila,NCR,2023-02-13
CUST-07999,Bacoor,Cavite,Calabarzon,2023-11-16
CUST-08000,Cebu City,Cebu,Central Visayas,2023-09-14
CUST-08001,Baguio,Benguet,CAR,2023-04-14
CUST-08002,Bacoor,Cavite,Calabarzon,2023-08-12
CUST-08003,Legazpi,Albay,Bicol,2023-04-15
CUST-08004,Davao City,Davao del Sur,Davao Region,2023-07-19
CUST-08005,Bacolod,Negros Occidental,Western Visayas,2023-07-21
CUST-08006,Tacloban,Leyte,Eastern Visayas,2023-12-23
CUST-08007,Taguig,Metro Manila,NCR,2023-05-24
CUST-08008,Bacoor,Cavite,Calabarzon,2023-02-20
CUST-08009,Angeles,Pampanga,Central Luzon,2023-03-09
CUST-08010,Quezon City,Metro Manila,NCR,2023-08-31
CUST-08011,Iloilo City,Iloilo,Western Visayas,2023-04-29
CUST-08012,Caloocan,Metro Manila,NCR,2023-10-21
CUST-08013,Pasig,Metro Manila,NCR,2023-05-15
CUST-08014,Taguig,Metro Manila,NCR,2023-08-05
CUST-08015,Pasig,Metro Manila,NCR,2023-01-28
CUST-08016,Caloocan,Metro Manila,NCR,2023-04-17
CUST-08017,Malolos,Bulacan,Central Luzon,2023-12-06
CUST-08018,Malolos,Bulacan,Central Luzon,2023-02-18
CUST-08019,Taguig,Metro Manila,NCR,2023-04-12
CUST-08020,Makati,Metro Manila,NCR,2023-10-15
CUST-08021,Tacloban,Leyte,Eastern Visayas,2023-09-20
CUST-08022,Quezon City,Metro Manila,NCR,2023-10-30
CUST-08023,Lipa,Batangas,Calabarzon,2023-09-10
CUST-08024,Lipa,Batangas,Calabarzon,2023-01-22
CUST-08025,Malolos,Bulacan,Central Luzon,2023-02-06
CUST-08026,Davao City,Davao del Sur,Davao Region,2023-06-14
CUST-08027,Baguio,Benguet,CAR,2023-08-22
CUST-08028,Zamboanga City,Zamboanga del Sur,Zamboanga Peninsula,2023-08-21
CUST-08029,Davao City,Davao del Sur,Davao Region,2023-01-17
CUST-08030,Makati,Metro Manila,NCR,2023-10-21
CUST-08031,Taguig,Metro Manila,NCR,2023-03-31
CUST-08032,Caloocan,Metro Manila,NCR,2023-01-03
CUST-08033,Antipolo,Rizal,Calabarzon,2023-02-23
CUST-08034,Angeles,Pampanga,Central Luzon,2023-04-14
CUST-08035,Taguig,Metro Manila,NCR,2023-02-07
CUST-08036,Makati,Metro Manila,NCR,2023-10-14
CUST-08037,Antipolo,Rizal,Calabarzon,2023-01-07
CUST-08038,Cebu City,Cebu,Central Visayas,2023-11-29
CUST-08039,Cebu City,Cebu,Central Visayas,2023-12-27
CUST-08040,Zamboanga City,Zamboanga del Sur,Zamboanga Peninsula,2023-10-21
CUST-08041,Makati,Metro Manila,NCR,2023-05-24
CUST-08042,Antipolo,Rizal,Calabarzon,2023-10-03
CUST-08043,Zamboanga City,Zamboanga del Sur,Zamboanga Peninsula,2023-05-15
CUST-08044,Cebu City,Cebu,Central Visayas,2023-11-22
CUST-08045,Malolos,Bulacan,Central Luzon,2023-04-22
CUST-08046,Angeles,Pampanga,Central Luzon,2023-10-10
CUST-08047,Quezon City,Metro Manila,NCR,2023-06-24
CUST-08048,Davao City,Davao del Sur,Davao Region,2023-11-20
CUST-08049,Baguio,Benguet,CAR,2023-01-12
CUST-08050,Malolos,Bulacan,Central Luzon,2023-08-17
CUST-08051,Angeles,Pampanga,Central Luzon,2023-05-26
CUST-08052,Antipolo,Rizal,Calabarzon,2023-07-08
CUST-08053,Taguig,Metro Manila,NCR,2023-05-29
CUST-08054,Iloilo City,Iloilo,Western Visayas,2023-07-19
CUST-08055,Lipa,Batangas,Calabarzon,2023-12-06
CUST-08056,Quezon City,Metro Manila,NCR,2023-03-05
CUST-08057,Antipolo,Rizal,Calabarzon,2023-05-12
CUST-08058,Cagayan de Oro,Misamis Oriental,Northern Mindanao,2023-10-01
CUST-08059,Antipolo,Rizal,Calabarzon,2023-12-02
CUST-08060,Bacoor,Cavite,Calabarzon,2023-02-12
CUST-08061,Baguio,Benguet,CAR,2023-09-02
CUST-08062,Bacolod,Negros Occidental,Western Visayas,2023-02-04
CUST-08063,Cebu City,Cebu,Central Visayas,2023-03-28
CUST-08064,Davao City,Davao del Sur,Davao Region,2023-01-16
CUST-08065,Manila,Metro Manila,NCR,2023-05-06
CUST-08066,Cagayan de Oro,Misamis Oriental,Northern Mindanao,2023-10-27
CUST-08067,Davao City,Davao del Sur,Davao Region,2023-12-20
CUST-08068,Lipa,Batangas,Calabarzon,2023-10-04
CUST-08069,Baguio,Benguet,CAR,2023-07-25
CUST-08070,Makati,Metro Manila,NCR,2023-05-19
CUST-08071,Bacoor,Cavite,Calabarzon,2023-02-09
CUST-08072,Makati,Metro Manila,NCR,2023-11-11
CUST-08073,Quezon City,Metro Manila,NCR,2023-05-15
CUST-08074,General Santos,South Cotabato,SOCCSKSARGEN,2023-12-01
CUST-08075,Taguig,Metro Manila,NCR,2023-07-10
CUST-08076,Malolos,Bulacan,Central Luzon,2023-12-06
CUST-08077,Pasig,Metro Manila,NCR,2023-08-18
CUST-08078,Antipolo,Rizal,Calabarzon,2023-05-25
CUST-08079,Antipolo,Rizal,Calabarzon,2023-04-07
CUST-08080,Caloocan,Metro Manila,NCR,2023-03-14
CUST-08081,Legazpi,Albay,Bicol,2023-06-24
CUST-08082,Zamboanga City,Zamboanga del Sur,Zamboanga Peninsula,2023-09-29
CUST-08083,Bacoor,Cavite,Calabarzon,2023-02-02
CUST-08084,Zamboanga City,Zamboanga del Sur,Zamboanga Peninsula,2023-01-26
CUST-08085,Cebu City,Cebu,Central Visayas,2023-01-13
CUST-08086,Malolos,Bulacan,Central Luzon,2023-03-18
CUST-08087,Taguig,Metro Manila,NCR,2023-03-24
CUST-08088,Quezon City,Metro Manila,NCR,2023-12-04
CUST-08089,Davao City,Davao del Sur,Davao Region,2023-06-07
CUST-08090,Malolos,Bulacan,Central Luzon,2023-08-06
CUST-08091,Bacoor,Cavite,Calabarzon,2023-09-29
CUST-08092,Bacolod,Negros Occidental,Western Visayas,2023-12-08
CUST-08093,Pasig,Metro Manila,NCR,2023-10-16
CUST-08094,Iloilo City,Iloilo,Western Visayas,2023-02-01
CUST-08095,Caloocan,Metro Manila,NCR,2023-02-04
CUST-08096,Cagayan de Oro,Misamis Oriental,Northern Mindanao,2023-04-05
CUST-08097,Taguig,Metro Manila,NCR,2023-11-25
CUST-08098,Manila,Metro Manila,NCR,2023-04-26
CUST-08099,Cebu City,Cebu,Central Visayas,2023-11-16
CUST-08100,Manila,Metro Manila,NCR,2023-04-27
CUST-08101,Cagayan de Oro,Misamis Oriental,Northern Mindanao,2023-12-20
CUST-08102,Cebu City,Cebu,Central Visayas,2023-09-19
CUST-08103,Taguig,Metro Manila,NCR,2023-11-18
CUST-08104,Makati,Metro Manila,NCR,2023-01-26
CUST-08105,Cagayan de Oro,Misamis Oriental,Northern Mindanao,2023-06-08
CUST-08106,Baguio,Benguet,CAR,2023-01-30
CUST-08107,Davao City,Davao del Sur,Davao Region,2023-12-25
CUST-08108,Manila,Metro Manila,NCR,2023-04-07
CUST-08109,Cagayan de Oro,Misamis Oriental,Northern Mindanao,2023-07-10
CUST-08110,Lipa,Batangas,Calabarzon,2023-07-14
CUST-08111,Cebu City,Cebu,Central Visayas,2023-02-17
CUST-08112,Antipolo,Rizal,Calabarzon,2023-12-15
CUST-08113,Quezon City,Metro Manila,NCR,2023-01-22
CUST-08114,Zamboanga City,Zamboanga del Sur,Zamboanga Peninsula,2023-12-22
CUST-08115,General Santos,South Cotabato,SOCCSKSARGEN,2023-08-22
CUST-08116,Antipolo,Rizal,Calabarzon,2023-11-12
CUST-08117,Cagayan de Oro,Misamis Oriental,Northern Mindanao,2023-06-25
CUST-08118,Manila,Metro Manila,NCR,2023-05-29
CUST-08119,Manila,Metro Manila,NCR,2023-05-12
CUST-08120,Quezon City,Metro Manila,NCR,2023-03-16
CUST-08121,Antipolo,Rizal,Calabarzon,2023-04-02
CUST-08122,Quezon City,Metro Manila,NCR,2023-01-20
CUST-08123,Antipolo,Rizal,Calabarzon,2023-07-21
CUST-08124,Manila,Metro Manila,NCR,2023-10-29
CUST-08125,Mandaue,Cebu,Central Visayas,2023-11-06
CUST-08126,Tacloban,Leyte,Eastern Visayas,2023-09-23
CUST-08127,Cebu City,Cebu,Central Visayas,2023-05-26
CUST-08128,Makati,Metro Manila,NCR,2023-12-13
CUST-08129,Iloilo City,Iloilo,Western Visayas,2023-01-18
CUST-08130,Taguig,Metro Manila,NCR,2023-01-05
CUST-08131,Iloilo City,Iloilo,Western Visayas,2023-11-02
CUST-08132,Angeles,Pampanga,Central Luzon,2023-03-22
CUST-08133,Antipolo,Rizal,Calabarzon,2023-05-29
CUST-08134,Quezon City,Metro Manila,NCR,2023-07-10
CUST-08135,Tacloban,Leyte,Eastern Visayas,2023-04-08
CUST-08136,Cagayan de Oro,Misamis Oriental,Northern Mindanao,2023-06-05
CUST-08137,Cebu City,Cebu,Central Visayas,2023-09-05
CUST-08138,Zamboanga City,Zamboanga del Sur,Zamboanga Peninsula,2023-06-10
CUST-08139,Cagayan de Oro,Misamis Oriental,Northern Mindanao,2023-11-13
CUST-08140,Makati,Metro Manila,NCR,2023-10-01
CUST-08141,Mandaue,Cebu,Central Visayas,2023-01-11
CUST-08142,Caloocan,Metro Manila,NCR,2023-10-26
CUST-08143,Santa Rosa,Laguna,Calabarzon,2023-05-28
CUST-08144,Manila,Metro Manila,NCR,2023-09-15
CUST-08145,Zamboanga City,Zamboanga del Sur,Zamboanga Peninsula,2023-07-16
CUST-08146,Cebu City,Cebu,Central Visayas,2023-10-03
CUST-08147,Taguig,Metro Manila,NCR,2023-06-08
CUST-08148,Antipolo,Rizal,Calabarzon,2023-06-12
CUST-08149,Bacoor,Cavite,Calabarzon,2023-05-21
CUST-08150,Mandaue,Cebu,Central Visayas,2023-09-11
CUST-08151,Cagayan de Oro,Misamis Oriental,Northern Mindanao,2023-06-04
CUST-08152,Caloocan,Metro Manila,NCR,2023-04-10
CUST-08153,Santa Rosa,Laguna,Calabarzon,2023-04-14
CUST-08154,Malolos,Bulacan,Central Luzon,2023-06-08
CUST-08155,Antipolo,Rizal,Calabarzon,2023-09-14
CUST-08156,Lipa,Batangas,Calabarzon,2023-06-21
CUST-08157,Quezon City,Metro Manila,NCR,2023-06-20
CUST-08158,Manila,Metro Manila,NCR,2023-01-19
CUST-08159,Antipolo,Rizal,Calabarzon,2023-08-17
CUST-08160,Davao City,Davao del Sur,Davao Region,2023-09-06
CUST-08161,Caloocan,Metro Manila,NCR,2023-04-03
CUST-08162,Taguig,Metro Manila,NCR,2023-05-15
CUST-08163,Mandaue,Cebu,Central Visayas,2023-07-30
CUST-08164,Cagayan de Oro,Misamis Oriental,Northern Mindanao,2024-01-01
CUST-08165,Santa Rosa,Laguna,Calabarzon,2023-04-19
CUST-08166,Quezon City,Metro Manila,NCR,2023-04-08
CUST-08167,Cebu City,Cebu,Central Visayas,2023-01-27
CUST-08168,Bacoor,Cavite,Calabarzon,2023-07-02
CUST-08169,Cebu City,Cebu,Central Visayas,2023-06-27
CUST-08170,Pasig,Metro Manila,NCR,2023-10-17
CUST-08171,Quezon City,Metro Manila,NCR,2023-07-18
CUST-08172,Caloocan,Metro Manila,NCR,2024-01-01
CUST-08173,Cebu City,Cebu,Central Visayas,2023-07-03
CUST-08174,Antipolo,Rizal,Calabarzon,2023-04-18
CUST-08175,Makati,Metro Manila,NCR,2023-03-21
CUST-08176,Santa Rosa,Laguna,Calabarzon,2023-05-05
CUST-08177,Iloilo City,Iloilo,Western Visayas,2023-03-14
CUST-08178,Manila,Metro Manila,NCR,2023-05-04
CUST-08179,Cebu City,Cebu,Central Visayas,2023-03-23
CUST-08180,Cebu City,Cebu,Central Visayas,2023-07-26
CUST-08181,Antipolo,Rizal,Calabarzon,2023-05-27
CUST-08182,Zamboanga City,Zamboanga del Sur,Zamboanga Peninsula,2023-05-13
CUST-08183,Davao City,Davao del Sur,Davao Region,2023-06-07
CUST-08184,Pasig,Metro Manila,NCR,2023-06-07
CUST-08185,Quezon City,Metro Manila,NCR,2023-03-22
CUST-08186,Pasig,Metro Manila,NCR,2023-10-06
CUST-08187,Makati,Metro Manila,NCR,2023-09-08
CUST-08188,Angeles,Pampanga,Central Luzon,2023-06-26
CUST-08189,Cagayan de Oro,Misamis Oriental,Northern Mindanao,2023-05-11
CUST-08190,Davao City,Davao del Sur,Davao Region,2023-06-28
CUST-08191,Pasig,Metro Manila,NCR,2023-10-21
CUST-08192,Bacoor,Cavite,Calabarzon,2023-03-07
CUST-08193,Quezon City,Metro Manila,NCR,2023-06-16
CUST-08194,Angeles,Pampanga,Central Luzon,2023-07-27
CUST-08195,Quezon City,Metro Manila,NCR,2023-02-15
CUST-08196,Cagayan de Oro,Misamis Oriental,Northern Mindanao,2023-07-26
CUST-08197,Davao City,Davao del Sur,Davao Region,2023-11-04
CUST-08198,Makati,Metro Manila,NCR,2023-01-07
CUST-08199,Cebu City,Cebu,Central Visayas,2023-08-15
CUST-08200,Angeles,Pampanga,Central Luzon,2023-02-09
CUST-08201,Bacolod,Negros Occidental,Western Visayas,2023-06-27
CUST-08202,Santa Rosa,Laguna,Calabarzon,2023-10-05
CUST-08203,Makati,Metro Manila,NCR,2023-08-17
CUST-08204,Legazpi,Albay,Bicol,2023-02-03
CUST-08205,Quezon City,Metro Manila,NCR,2023-01-22
CUST-08206,Malolos,Bulacan,Central Luzon,2023-11-12
CUST-08207,Makati,Metro Manila,NCR,2023-01-06
CUST-08208,Cebu City,Cebu,Central Visayas,2023-02-24
CUST-08209,Tacloban,Leyte,Eastern Visayas,2023-05-10
CUST-08210,Manila,Metro Manila,NCR,2023-10-27
CUST-08211,Antipolo,Rizal,Calabarzon,2023-06-01
CUST-08212,Mandaue,Cebu,Central Visayas,2023-07-30
CUST-08213,Manila,Metro Manila,NCR,2023-11-17
CUST-08214,Angeles,Pampanga,Central Luzon,2023-01-07
CUST-08215,Cebu City,Cebu,Central Visayas,2023-05-26
CUST-08216,Caloocan,Metro Manila,NCR,2023-11-27
CUST-08217,Tacloban,Leyte,Eastern Visayas,2023-08-30
CUST-08218,Lipa,Batangas,Calabarzon,2023-03-01
CUST-08219,Baguio,Benguet,CAR,2023-07-24
CUST-08220,Manila,Metro Manila,NCR,2023-07-05
CUST-08221,Quezon City,Metro Manila,NCR,2023-11-10
CUST-08222,Quezon City,Metro Manila,NCR,2023-11-22
CUST-08223,Davao City,Davao del Sur,Davao Region,2023-01-10
CUST-08224,Davao City,Davao del Sur,Davao Region,2023-01-19
CUST-08225,Bacolod,Negros Occidental,Western Visayas,2023-11-28
CUST-08226,Makati,Metro Manila,NCR,2023-06-15
CUST-08227,Angeles,Pampanga,Central Luzon,2023-04-28
CUST-08228,Bacolod,Negros Occidental,Western Visayas,2023-02-14
CUST-08229,Cebu City,Cebu,Central Visayas,2023-06-11
CUST-08230,Manila,Metro Manila,NCR,2023-02-18
CUST-08231,Davao City,Davao del Sur,Davao Region,2023-11-18
CUST-08232,Manila,Metro Manila,NCR,2023-12-27
CUST-08233,Manila,Metro Manila,NCR,2023-07-16
CUST-08234,Davao City,Davao del Sur,Davao Region,2023-09-27
CUST-08235,Santa Rosa,Laguna,Calabarzon,2023-04-01
CUST-08236,Antipolo,Rizal,Calabarzon,2023-09-01
CUST-08237,Angeles,Pampanga,Central Luzon,2023-08-06
CUST-08238,General Santos,South Cotabato,SOCCSKSARGEN,2023-06-20
CUST-08239,Manila,Metro Manila,NCR,2023-01-16
CUST-08240,Iloilo City,Iloilo,Western Visayas,2023-12-06
CUST-08241,Caloocan,Metro Manila,NCR,2023-06-14
CUST-08242,Manila,Metro Manila,NCR,2023-08-13
CUST-08243,Bacoor,Cavite,Calabarzon,2023-12-19
CUST-08244,Angeles,Pampanga,Central Luzon,2023-03-10
CUST-08245,Makati,Metro Manila,NCR,2023-02-02
CUST-08246,Bacoor,Cavite,Calabarzon,2023-10-30
CUST-08247,Legazpi,Albay,Bicol,2023-03-30
CUST-08248,Malolos,Bulacan,Central Luzon,2023-04-21
CUST-08249,Cebu City,Cebu,Central Visayas,2023-04-19
CUST-08250,Tacloban,Leyte,Eastern Visayas,2023-07-17
CUST-08251,Bacoor,Cavite,Calabarzon,2023-09-07
CUST-08252,Bacoor,Cavite,Calabarzon,2023-12-07
CUST-08253,Lipa,Batangas,Calabarzon,2023-12-20
CUST-08254,Angeles,Pampanga,Central Luzon,2023-10-29
CUST-08255,Manila,Metro Manila,NCR,2023-06-23
CUST-08256,Pasig,Metro Manila,NCR,2023-11-11
CUST-08257,Manila,Metro Manila,NCR,2023-04-26
CUST-08258,Antipolo,Rizal,Calabarzon,2023-05-20
CUST-08259,Zamboanga City,Zamboanga del Sur,Zamboanga Peninsula,2023-08-29
CUST-08260,Malolos,Bulacan,Central Luzon,2023-12-01
CUST-08261,Bacoor,Cavite,Calabarzon,2023-06-27
CUST-08262,Angeles,Pampanga,Central Luzon,2023-03-07
CUST-08263,Cebu City,Cebu,Central Visayas,2023-08-11
CUST-08264,Bacoor,Cavite,Calabarzon,2023-03-13
CUST-08265,Bacoor,Cavite,Calabarzon,2023-09-19
CUST-08266,Cebu City,Cebu,Central Visayas,2023-12-03
CUST-08267,Quezon City,Metro Manila,NCR,2023-05-09
CUST-08268,Angeles,Pampanga,Central Luzon,2023-02-11
CUST-08269,Angeles,Pampanga,Central Luzon,2023-02-13
CUST-08270,Iloilo City,Iloilo,Western Visayas,2023-01-16
CUST-08271,General Santos,South Cotabato,SOCCSKSARGEN,2023-11-23
CUST-08272,Bacolod,Negros Occidental,Western Visayas,2023-12-17
CUST-08273,Lipa,Batangas,Calabarzon,2023-06-08
CUST-08274,Manila,Metro Manila,NCR,2023-01-20
CUST-08275,Malolos,Bulacan,Central Luzon,2023-01-02
CUST-08276,Tacloban,Leyte,Eastern Visayas,2023-09-21
CUST-08277,Cagayan de Oro,Misamis Oriental,Northern Mindanao,2023-08-18
CUST-08278,Tacloban,Leyte,Eastern Visayas,2023-05-04
CUST-08279,Makati,Metro Manila,NCR,2023-02-02
CUST-08280,Cebu City,Cebu,Central Visayas,2023-10-30
CUST-08281,Davao City,Davao del Sur,Davao Region,2023-01-10
CUST-08282,Cebu City,Cebu,Central Visayas,2023-03-09
CUST-08283,Cebu City,Cebu,Central Visayas,2023-12-08
CUST-08284,Lipa,Batangas,Calabarzon,2023-02-28
CUST-08285,Legazpi,Albay,Bicol,2023-05-12
CUST-08286,Pasig,Metro Manila,NCR,2023-01-09
CUST-08287,Quezon City,Metro Manila,NCR,2023-10-17
CUST-08288,Tacloban,Leyte,Eastern Visayas,2023-01-04
CUST-08289,Cagayan de Oro,Misamis Oriental,Northern Mindanao,2023-12-15
CUST-08290,Davao City,Davao del Sur,Davao Region,2023-12-05
CUST-08291,Caloocan,Metro Manila,NCR,2023-07-22
CUST-08292,Quezon City,Metro Manila,NCR,2023-05-06
CUST-08293,Pasig,Metro Manila,NCR,2023-11-02
CUST-08294,Tacloban,Leyte,Eastern Visayas,2023-09-24
CUST-08295,Cebu City,Cebu,Central Visayas,2023-08-12
CUST-08296,Zamboanga City,Zamboanga del Sur,Zamboanga Peninsula,2023-11-17
CUST-08297,Caloocan,Metro Manila,NCR,2023-10-29
CUST-08298,Angeles,Pampanga,Central Luzon,2023-11-08
CUST-08299,Bacolod,Negros Occidental,Western Visayas,2023-01-18
CUST-08300,Taguig,Metro Manila,NCR,2023-01-25
CUST-08301,Zamboanga City,Zamboanga del Sur,Zamboanga Peninsula,2023-05-17
CUST-08302,Malolos,Bulacan,Central Luzon,2023-04-27
CUST-08303,Quezon City,Metro Manila,NCR,2023-11-12
CUST-08304,Quezon City,Metro Manila,NCR,2023-12-14
CUST-08305,Davao City,Davao del Sur,Davao Region,2023-08-17
CUST-08306,Legazpi,Albay,Bicol,2023-01-07
CUST-08307,Iloilo City,Iloilo,Western Visayas,2023-07-11
CUST-08308,Iloilo City,Iloilo,Western Visayas,2023-03-13
CUST-08309,Bacoor,Cavite,Calabarzon,2023-08-20
CUST-08310,Bacolod,Negros Occidental,Western Visayas,2023-09-11
CUST-08311,Cagayan de Oro,Misamis Oriental,Northern Mindanao,2023-03-11
CUST-08312,Manila,Metro Manila,NCR,2023-07-14
CUST-08313,Iloilo City,Iloilo,Western Visayas,2023-04-09
CUST-08314,Pasig,Metro Manila,NCR,2023-04-11
CUST-08315,Caloocan,Metro Manila,NCR,2023-04-11
CUST-08316,Bacoor,Cavite,Calabarzon,2023-04-30
CUST-08317,Davao City,Davao del Sur,Davao Region,2023-03-12
CUST-08318,Quezon City,Metro Manila,NCR,2023-07-16
CUST-08319,Bacoor,Cavite,Calabarzon,2023-09-13
CUST-08320,Cebu City,Cebu,Central Visayas,2023-06-28
CUST-08321,Manila,Metro Manila,NCR,2023-09-05
CUST-08322,Bacolod,Negros Occidental,Western Visayas,2023-12-17
CUST-08323,Cagayan de Oro,Misamis Oriental,Northern Mindanao,2023-08-22
CUST-08324,Quezon City,Metro Manila,NCR,2023-07-03
CUST-08325,Manila,Metro Manila,NCR,2023-06-26
CUST-08326,Zamboanga City,Zamboanga del Sur,Zamboanga Peninsula,2023-08-30
CUST-08327,Makati,Metro Manila,NCR,2023-04-12
CUST-08328,Quezon City,Metro Manila,NCR,2023-09-19
CUST-08329,Cagayan de Oro,Misamis Oriental,Northern Mindanao,2023-05-10
CUST-08330,Davao City,Davao del Sur,Davao Region,2023-09-25
CUST-08331,Cebu City,Cebu,Central Visayas,2023-01-06
CUST-08332,Angeles,Pampanga,Central Luzon,2023-05-10
CUST-08333,Cagayan de Oro,Misamis Oriental,Northern Mindanao,2023-06-12
CUST-08334,Cebu City,Cebu,Central Visayas,2023-07-29
CUST-08335,Cebu City,Cebu,Central Visayas,2023-04-01
CUST-08336,Tacloban,Leyte,Eastern Visayas,2023-07-30
CUST-08337,Legazpi,Albay,Bicol,2023-03-14
CUST-08338,Lipa,Batangas,Calabarzon,2023-11-04
CUST-08339,Antipolo,Rizal,Calabarzon,2023-03-08
CUST-08340,Lipa,Batangas,Calabarzon,2023-01-15
CUST-08341,Lipa,Batangas,Calabarzon,2023-10-05
CUST-08342,Antipolo,Rizal,Calabarzon,2023-10-12
CUST-08343,Bacoor,Cavite,Calabarzon,2023-01-18
CUST-08344,Bacolod,Negros Occidental,Western Visayas,2023-08-06
CUST-08345,Bacoor,Cavite,Calabarzon,2023-04-23
CUST-08346,Quezon City,Metro Manila,NCR,2023-10-24
CUST-08347,Pasig,Metro Manila,NCR,2023-07-29
CUST-08348,Taguig,Metro Manila,NCR,2023-04-20
CUST-08349,Bacolod,Negros Occidental,Western Visayas,2023-02-09
CUST-08350,Bacoor,Cavite,Calabarzon,2023-07-26
CUST-08351,Pasig,Metro Manila,NCR,2023-12-05
CUST-08352,Bacolod,Negros Occidental,Western Visayas,2023-08-04
CUST-08353,Quezon City,Metro Manila,NCR,2023-05-12
CUST-08354,Manila,Metro Manila,NCR,2023-02-16
CUST-08355,Tacloban,Leyte,Eastern Visayas,2023-03-03
CUST-08356,Angeles,Pampanga,Central Luzon,2023-03-30
CUST-08357,Iloilo City,Iloilo,Western Visayas,2023-11-02
CUST-08358,Tacloban,Leyte,Eastern Visayas,2023-06-26
CUST-08359,Cagayan de Oro,Misamis Oriental,Northern Mindanao,2023-06-05
CUST-08360,Quezon City,Metro Manila,NCR,2023-07-14
CUST-08361,Bacolod,Negros Occidental,Western Visayas,2023-01-30
CUST-08362,Cebu City,Cebu,Central Visayas,2023-01-16
CUST-08363,Makati,Metro Manila,NCR,2023-10-17
CUST-08364,Cagayan de Oro,Misamis Oriental,Northern Mindanao,2023-01-17
CUST-08365,Antipolo,Rizal,Calabarzon,2023-02-27
CUST-08366,Davao City,Davao del Sur,Davao Region,2023-04-19
CUST-08367,Malolos,Bulacan,Central Luzon,2023-08-15
CUST-08368,Angeles,Pampanga,Central Luzon,2023-03-30
CUST-08369,Manila,Metro Manila,NCR,2023-06-02
CUST-08370,Davao City,Davao del Sur,Davao Region,2023-02-07
CUST-08371,Angeles,Pampanga,Central Luzon,2023-04-17
CUST-08372,Quezon City,Metro Manila,NCR,2023-01-15
CUST-08373,Quezon City,Metro Manila,NCR,2023-08-01
CUST-08374,Iloilo City,Iloilo,Western Visayas,2023-12-02
CUST-08375,Manila,Metro Manila,NCR,2023-07-06
CUST-08376,Malolos,Bulacan,Central Luzon,2023-01-02
CUST-08377,Cebu City,Cebu,Central Visayas,2023-05-07
CUST-08378,Pasig,Metro Manila,NCR,2023-04-20
CUST-08379,Angeles,Pampanga,Central Luzon,2023-05-18
CUST-08380,Taguig,Metro Manila,NCR,2023-05-30
CUST-08381,Cagayan de Oro,Misamis Oriental,Northern Mindanao,2023-12-10
CUST-08382,Davao City,Davao del Sur,Davao Region,2023-08-04
CUST-08383,Pasig,Metro Manila,NCR,2023-12-01
CUST-08384,Angeles,Pampanga,Central Luzon,2023-09-01
CUST-08385,Lipa,Batangas,Calabarzon,2023-04-14
CUST-08386,Zamboanga City,Zamboanga del Sur,Zamboanga Peninsula,2023-03-14
CUST-08387,Antipolo,Rizal,Calabarzon,2023-10-12
CUST-08388,Angeles,Pampanga,Central Luzon,2023-05-08
CUST-08389,Cagayan de Oro,Misamis Oriental,Northern Mindanao,2023-10-11
CUST-08390,Manila,Metro Manila,NCR,2023-10-20
CUST-08391,Angeles,Pampanga,Central Luzon,2023-01-16
CUST-08392,Quezon City,Metro Manila,NCR,2023-05-24
CUST-08393,Baguio,Benguet,CAR,2023-10-21
CUST-08394,Antipolo,Rizal,Calabarzon,2023-11-11
CUST-08395,Zamboanga City,Zamboanga del Sur,Zamboanga Peninsula,2023-12-14
CUST-08396,Bacoor,Cavite,Calabarzon,2023-07-04
CUST-08397,Manila,Metro Manila,NCR,2023-11-26
CUST-08398,Tacloban,Leyte,Eastern Visayas,2023-06-03
CUST-08399,Bacolod,Negros Occidental,Western Visayas,2023-07-27
CUST-08400,Cebu City,Cebu,Central Visayas,2023-05-14
CUST-08401,Mandaue,Cebu,Central Visayas,2023-10-18
CUST-08402,Taguig,Metro Manila,NCR,2023-11-09
CUST-08403,Legazpi,Albay,Bicol,2023-11-26
CUST-08404,Quezon City,Metro Manila,NCR,2023-11-28
CUST-08405,Makati,Metro Manila,NCR,2023-12-06
CUST-08406,Cagayan de Oro,Misamis Oriental,Northern Mindanao,2023-09-29
CUST-08407,Mandaue,Cebu,Central Visayas,2023-03-15
CUST-08408,Taguig,Metro Manila,NCR,2023-05-25
CUST-08409,Manila,Metro Manila,NCR,2023-10-02
CUST-08410,Cagayan de Oro,Misamis Oriental,Northern Mindanao,2023-01-26
CUST-08411,Manila,Metro Manila,NCR,2023-03-30
CUST-08412,Taguig,Metro Manila,NCR,2023-03-23
CUST-08413,Makati,Metro Manila,NCR,2023-02-08
CUST-08414,Quezon City,Metro Manila,NCR,2023-04-04
CUST-08415,Pasig,Metro Manila,NCR,2023-01-17
CUST-08416,Zamboanga City,Zamboanga del Sur,Zamboanga Peninsula,2023-09-03
CUST-08417,Caloocan,Metro Manila,NCR,2023-02-23
CUST-08418,Lipa,Batangas,Calabarzon,2023-11-22
CUST-08419,Mandaue,Cebu,Central Visayas,2023-09-14
CUST-08420,Angeles,Pampanga,Central Luzon,2023-02-10
CUST-08421,Mandaue,Cebu,Central Visayas,2023-11-14
CUST-08422,Cebu City,Cebu,Central Visayas,2023-07-03
CUST-08423,Baguio,Benguet,CAR,2023-08-30
CUST-08424,Legazpi,Albay,Bicol,2023-11-26
CUST-08425,Bacolod,Negros Occidental,Western Visayas,2023-10-07
CUST-08426,Cebu City,Cebu,Central Visayas,2023-06-20
CUST-08427,Bacolod,Negros Occidental,Western Visayas,2023-05-16
CUST-08428,Manila,Metro Manila,NCR,2023-04-30
CUST-08429,Cebu City,Cebu,Central Visayas,2023-11-15
CUST-08430,Mandaue,Cebu,Central Visayas,2023-09-07
CUST-08431,Pasig,Metro Manila,NCR,2023-11-24
CUST-08432,Davao City,Davao del Sur,Davao Region,2023-12-29
CUST-08433,Pasig,Metro Manila,NCR,2023-08-12
CUST-08434,Taguig,Metro Manila,NCR,2023-05-20
CUST-08435,Davao City,Davao del Sur,Davao Region,2023-08-19
CUST-08436,Taguig,Metro Manila,NCR,2023-12-18
CUST-08437,Bacoor,Cavite,Calabarzon,2023-10-13
CUST-08438,Antipolo,Rizal,Calabarzon,2023-07-28
CUST-08439,Davao City,Davao del Sur,Davao Region,2023-08-25
CUST-08440,Santa Rosa,Laguna,Calabarzon,2023-03-06
CUST-08441,Cebu City,Cebu,Central Visayas,2023-05-28
CUST-08442,Bacolod,Negros Occidental,Western Visayas,2023-01-02
CUST-08443,Baguio,Benguet,CAR,2023-10-29
CUST-08444,Cagayan de Oro,Misamis Oriental,Northern Mindanao,2023-08-19
CUST-08445,Bacolod,Negros Occidental,Western Visayas,2023-12-01
CUST-08446,Antipolo,Rizal,Calabarzon,2023-12-25
CUST-08447,Cagayan de Oro,Misamis Oriental,Northern Mindanao,2023-01-29
CUST-08448,Angeles,Pampanga,Central Luzon,2023-07-06
CUST-08449,Quezon City,Metro Manila,NCR,2023-05-06
CUST-08450,Taguig,Metro Manila,NCR,2023-09-23
CUST-08451,Baguio,Benguet,CAR,2023-12-14
CUST-08452,Manila,Metro Manila,NCR,2023-02-10
CUST-08453,Malolos,Bulacan,Central Luzon,2023-05-06
CUST-08454,Antipolo,Rizal,Calabarzon,2023-04-17
CUST-08455,Angeles,Pampanga,Central Luzon,2023-06-21
CUST-08456,Quezon City,Metro Manila,NCR,2023-08-07
CUST-08457,Davao City,Davao del Sur,Davao Region,2023-07-31
CUST-08458,Antipolo,Rizal,Calabarzon,2023-03-29
CUST-08459,Manila,Metro Manila,NCR,2023-10-11
CUST-08460,Bacoor,Cavite,Calabarzon,2023-08-30
CUST-08461,Santa Rosa,Laguna,Calabarzon,2023-09-11
CUST-08462,Legazpi,Albay,Bicol,2023-06-25
CUST-08463,Angeles,Pampanga,Central Luzon,2023-01-13
CUST-08464,Quezon City,Metro Manila,NCR,2023-01-30
CUST-08465,Davao City,Davao del Sur,Davao Region,2023-06-17
CUST-08466,Santa Rosa,Laguna,Calabarzon,2023-10-20
CUST-08467,Quezon City,Metro Manila,NCR,2023-01-23
CUST-08468,Iloilo City,Iloilo,Western Visayas,2023-09-09
CUST-08469,Cebu City,Cebu,Central Visayas,2023-08-24
CUST-08470,Legazpi,Albay,Bicol,2023-02-12
CUST-08471,Bacoor,Cavite,Calabarzon,2023-09-27
CUST-08472,Bacoor,Cavite,Calabarzon,2023-07-17
CUST-08473,Angeles,Pampanga,Central Luzon,2023-02-01
CUST-08474,Quezon City,Metro Manila,NCR,2023-09-07
CUST-08475,Pasig,Metro Manila,NCR,2023-05-19
CUST-08476,General Santos,South Cotabato,SOCCSKSARGEN,2023-12-19
CUST-08477,Cebu City,Cebu,Central Visayas,2023-01-03
CUST-08478,Bacoor,Cavite,Calabarzon,2023-08-02
CUST-08479,Makati,Metro Manila,NCR,2023-05-02
CUST-08480,Mandaue,Cebu,Central Visayas,2023-07-03
CUST-08481,Taguig,Metro Manila,NCR,2023-07-27
CUST-08482,Manila,Metro Manila,NCR,2023-08-06
CUST-08483,Manila,Metro Manila,NCR,2023-12-26
CUST-08484,Mandaue,Cebu,Central Visayas,2023-09-22
CUST-08485,Legazpi,Albay,Bicol,2023-08-16
CUST-08486,Quezon City,Metro Manila,NCR,2023-08-20
CUST-08487,Manila,Metro Manila,NCR,2023-09-24
CUST-08488,Legazpi,Albay,Bicol,2023-05-12
CUST-08489,Angeles,Pampanga,Central Luzon,2023-03-05
CUST-08490,Cebu City,Cebu,Central Visayas,2023-02-10
CUST-08491,Manila,Metro Manila,NCR,2023-01-12
CUST-08492,Mandaue,Cebu,Central Visayas,2023-05-09
CUST-08493,Cagayan de Oro,Misamis Oriental,Northern Mindanao,2023-08-04
CUST-08494,Malolos,Bulacan,Central Luzon,2023-05-11
CUST-08495,Makati,Metro Manila,NCR,2023-11-14
CUST-08496,Cebu City,Cebu,Central Visayas,2023-03-09
CUST-08497,Caloocan,Metro Manila,NCR,2023-06-20
CUST-08498,Quezon City,Metro Manila,NCR,2023-11-02
CUST-08499,Pasig,Metro Manila,NCR,2023-07-30
CUST-08500,Davao City,Davao del Sur,Davao Region,2023-09-14
CUST-08501,Bacoor,Cavite,Calabarzon,2023-08-27
CUST-08502,Davao City,Davao del Sur,Davao Region,2023-12-14
CUST-08503,Lipa,Batangas,Calabarzon,2023-12-27
CUST-08504,Lipa,Batangas,Calabarzon,2023-08-27
CUST-08505,Quezon City,Metro Manila,NCR,2023-09-13
CUST-08506,Legazpi,Albay,Bicol,2023-01-02
CUST-08507,Manila,Metro Manila,NCR,2023-09-28
CUST-08508,Santa Rosa,Laguna,Calabarzon,2023-09-03
CUST-08509,Taguig,Metro Manila,NCR,2023-02-01
CUST-08510,Antipolo,Rizal,Calabarzon,2023-02-22
CUST-08511,Angeles,Pampanga,Central Luzon,2023-12-12
CUST-08512,Quezon City,Metro Manila,NCR,2023-12-01
CUST-08513,Pasig,Metro Manila,NCR,2023-11-28
CUST-08514,General Santos,South Cotabato,SOCCSKSARGEN,2023-07-18
CUST-08515,Quezon City,Metro Manila,NCR,2023-06-07
CUST-08516,Pasig,Metro Manila,NCR,2023-08-26
CUST-08517,Pasig,Metro Manila,NCR,2023-12-28
CUST-08518,Antipolo,Rizal,Calabarzon,2023-10-20
CUST-08519,Cebu City,Cebu,Central Visayas,2023-05-22
CUST-08520,Taguig,Metro Manila,NCR,2023-08-19
CUST-08521,Santa Rosa,Laguna,Calabarzon,2023-11-17
CUST-08522,Legazpi,Albay,Bicol,2023-05-09
CUST-08523,Caloocan,Metro Manila,NCR,2023-05-23
CUST-08524,Cagayan de Oro,Misamis Oriental,Northern Mindanao,2023-07-07
CUST-08525,General Santos,South Cotabato,SOCCSKSARGEN,2023-01-23
CUST-08526,Manila,Metro Manila,NCR,2023-02-27
CUST-08527,Caloocan,Metro Manila,NCR,2023-12-18
CUST-08528,Makati,Metro Manila,NCR,2023-02-05
CUST-08529,Makati,Metro Manila,NCR,2023-12-14
CUST-08530,Lipa,Batangas,Calabarzon,2023-07-10
CUST-08531,Angeles,Pampanga,Central Luzon,2023-02-06
CUST-08532,Bacoor,Cavite,Calabarzon,2023-01-08
CUST-08533,Taguig,Metro Manila,NCR,2023-12-24
CUST-08534,Pasig,Metro Manila,NCR,2023-12-06
CUST-08535,General Santos,South Cotabato,SOCCSKSARGEN,2023-10-05
CUST-08536,Cagayan de Oro,Misamis Oriental,Northern Mindanao,2023-09-23
CUST-08537,Quezon City,Metro Manila,NCR,2023-09-22
CUST-08538,Cebu City,Cebu,Central Visayas,2023-08-02
CUST-08539,Santa Rosa,Laguna,Calabarzon,2023-09-07
CUST-08540,Cebu City,Cebu,Central Visayas,2023-06-03
CUST-08541,Malolos,Bulacan,Central Luzon,2023-02-24
CUST-08542,Davao City,Davao del Sur,Davao Region,2023-06-16
CUST-08543,Quezon City,Metro Manila,NCR,2023-09-02
CUST-08544,Caloocan,Metro Manila,NCR,2023-06-08
CUST-08545,General Santos,South Cotabato,SOCCSKSARGEN,2023-05-20
CUST-08546,Makati,Metro Manila,NCR,2023-02-08
CUST-08547,Manila,Metro Manila,NCR,2023-01-21
CUST-08548,Mandaue,Cebu,Central Visayas,2023-09-22
CUST-08549,Iloilo City,Iloilo,Western Visayas,2023-01-31
CUST-08550,Cebu City,Cebu,Central Visayas,2023-03-09
CUST-08551,Iloilo City,Iloilo,Western Visayas,2023-11-16
CUST-08552,Cebu City,Cebu,Central Visayas,2023-06-12
CUST-08553,Manila,Metro Manila,NCR,2023-11-07
CUST-08554,Baguio,Benguet,CAR,2023-07-06
CUST-08555,Iloilo City,Iloilo,Western Visayas,2023-12-16
CUST-08556,Davao City,Davao del Sur,Davao Region,2023-09-14
CUST-08557,Taguig,Metro Manila,NCR,2023-06-01
CUST-08558,Manila,Metro Manila,NCR,2023-09-13
CUST-08559,Iloilo City,Iloilo,Western Visayas,2023-12-29
CUST-08560,Taguig,Metro Manila,NCR,2023-08-13
CUST-08561,Quezon City,Metro Manila,NCR,2023-06-18
CUST-08562,Tacloban,Leyte,Eastern Visayas,2023-03-29
CUST-08563,Lipa,Batangas,Calabarzon,2023-11-13
CUST-08564,Caloocan,Metro Manila,NCR,2023-07-11
CUST-08565,Quezon City,Metro Manila,NCR,2023-10-21
CUST-08566,Quezon City,Metro Manila,NCR,2023-11-06
CUST-08567,Bacolod,Negros Occidental,Western Visayas,2023-11-18
CUST-08568,Lipa,Batangas,Calabarzon,2023-03-30
CUST-08569,Manila,Metro Manila,NCR,2023-01-31
CUST-08570,Antipolo,Rizal,Calabarzon,2023-05-04
CUST-08571,Manila,Metro Manila,NCR,2023-08-16
CUST-08572,Manila,Metro Manila,NCR,2023-01-20
CUST-08573,Pasig,Metro Manila,NCR,2023-07-04
CUST-08574,Angeles,Pampanga,Central Luzon,2023-06-22
CUST-08575,Makati,Metro Manila,NCR,2023-05-15
CUST-08576,Caloocan,Metro Manila,NCR,2023-05-08
CUST-08577,Santa Rosa,Laguna,Calabarzon,2023-07-06
CUST-08578,Bacoor,Cavite,Calabarzon,2023-07-11
CUST-08579,Manila,Metro Manila,NCR,2023-09-07
CUST-08580,Quezon City,Metro Manila,NCR,2023-04-28
CUST-08581,Quezon City,Metro Manila,NCR,2023-05-01
CUST-08582,Caloocan,Metro Manila,NCR,2023-07-26
CUST-08583,Cebu City,Cebu,Central Visayas,2023-04-17
CUST-08584,Manila,Metro Manila,NCR,2023-11-12
CUST-08585,Bacolod,Negros Occidental,Western Visayas,2023-08-03
CUST-08586,Cebu City,Cebu,Central Visayas,2023-01-06
CUST-08587,Quezon City,Metro Manila,NCR,2023-04-09
CUST-08588,Quezon City,Metro Manila,NCR,2023-04-14
CUST-08589,Makati,Metro Manila,NCR,2023-02-20
CUST-08590,Quezon City,Metro Manila,NCR,2023-05-24
CUST-08591,Angeles,Pampanga,Central Luzon,2023-05-05
CUST-08592,Quezon City,Metro Manila,NCR,2023-07-10
CUST-08593,Bacolod,Negros Occidental,Western Visayas,2023-03-06
CUST-08594,Lipa,Batangas,Calabarzon,2023-04-17
CUST-08595,Mandaue,Cebu,Central Visayas,2023-06-24
CUST-08596,Iloilo City,Iloilo,Western Visayas,2023-11-16
CUST-08597,Lipa,Batangas,Calabarzon,2023-03-13
CUST-08598,Cagayan de Oro,Misamis Oriental,Northern Mindanao,2023-09-04
CUST-08599,General Santos,South Cotabato,SOCCSKSARGEN,2023-08-23
CUST-08600,Antipolo,Rizal,Calabarzon,2023-11-17
CUST-08601,Manila,Metro Manila,NCR,2023-10-14
CUST-08602,Antipolo,Rizal,Calabarzon,2023-11-17
CUST-08603,Makati,Metro Manila,NCR,2023-11-27
CUST-08604,Angeles,Pampanga,Central Luzon,2023-12-25
CUST-08605,Antipolo,Rizal,Calabarzon,2023-09-16
CUST-08606,Santa Rosa,Laguna,Calabarzon,2023-04-01
CUST-08607,Iloilo City,Iloilo,Western Visayas,2023-02-20
CUST-08608,Pasig,Metro Manila,NCR,2023-10-11
CUST-08609,Angeles,Pampanga,Central Luzon,2023-07-31
CUST-08610,Caloocan,Metro Manila,NCR,2023-03-04
CUST-08611,Iloilo City,Iloilo,Western Visayas,2023-04-18
CUST-08612,Legazpi,Albay,Bicol,2023-02-05
CUST-08613,Quezon City,Metro Manila,NCR,2023-08-01
CUST-08614,Cebu City,Cebu,Central Visayas,2023-11-01
CUST-08615,Manila,Metro Manila,NCR,2023-11-10
CUST-08616,Cebu City,Cebu,Central Visayas,2023-04-18
CUST-08617,Angeles,Pampanga,Central Luzon,2023-12-23
CUST-08618,Antipolo,Rizal,Calabarzon,2023-07-17
CUST-08619,Cebu City,Cebu,Central Visayas,2023-08-26
CUST-08620,Davao City,Davao del Sur,Davao Region,2023-01-31
CUST-08621,Iloilo City,Iloilo,Western Visayas,2023-01-02
CUST-08622,Angeles,Pampanga,Central Luzon,2023-07-09
CUST-08623,Cebu City,Cebu,Central Visayas,2023-06-04
CUST-08624,Bacoor,Cavite,Calabarzon,2023-08-16
CUST-08625,Bacolod,Negros Occidental,Western Visayas,2023-03-24
CUST-08626,Tacloban,Leyte,Eastern Visayas,2023-09-16
CUST-08627,Manila,Metro Manila,NCR,2023-04-05
CUST-08628,Taguig,Metro Manila,NCR,2023-02-06
CUST-08629,Taguig,Metro Manila,NCR,2023-10-31
CUST-08630,Manila,Metro Manila,NCR,2023-10-11
CUST-08631,Antipolo,Rizal,Calabarzon,2023-08-16
CUST-08632,Makati,Metro Manila,NCR,2023-03-05
CUST-08633,Malolos,Bulacan,Central Luzon,2023-05-13
CUST-08634,Quezon City,Metro Manila,NCR,2023-10-23
CUST-08635,Taguig,Metro Manila,NCR,2023-08-20
CUST-08636,Cebu City,Cebu,Central Visayas,2023-05-12
CUST-08637,Antipolo,Rizal,Calabarzon,2023-01-14
CUST-08638,Bacoor,Cavite,Calabarzon,2023-07-21
CUST-08639,Bacolod,Negros Occidental,Western Visayas,2023-12-05
CUST-08640,General Santos,South Cotabato,SOCCSKSARGEN,2023-11-24
CUST-08641,Angeles,Pampanga,Central Luzon,2023-12-22
CUST-08642,Quezon City,Metro Manila,NCR,2023-11-17
CUST-08643,Quezon City,Metro Manila,NCR,2023-08-04
CUST-08644,Zamboanga City,Zamboanga del Sur,Zamboanga Peninsula,2023-09-21
CUST-08645,Cebu City,Cebu,Central Visayas,2023-09-14
CUST-08646,Iloilo City,Iloilo,Western Visayas,2023-03-28
CUST-08647,Cebu City,Cebu,Central Visayas,2023-07-11
CUST-08648,Makati,Metro Manila,NCR,2023-04-10
CUST-08649,Bacoor,Cavite,Calabarzon,2023-06-18
CUST-08650,Bacolod,Negros Occidental,Western Visayas,2023-10-19
CUST-08651,Davao City,Davao del Sur,Davao Region,2023-01-20
CUST-08652,Taguig,Metro Manila,NCR,2023-07-12
CUST-08653,Malolos,Bulacan,Central Luzon,2023-03-02
CUST-08654,Manila,Metro Manila,NCR,2023-11-27
CUST-08655,Zamboanga City,Zamboanga del Sur,Zamboanga Peninsula,2023-02-25
CUST-08656,Taguig,Metro Manila,NCR,2023-04-15
CUST-08657,Mandaue,Cebu,Central Visayas,2023-10-02
CUST-08658,Taguig,Metro Manila,NCR,2023-03-18
CUST-08659,Baguio,Benguet,CAR,2023-04-05
CUST-08660,Cebu City,Cebu,Central Visayas,2023-02-09
CUST-08661,Caloocan,Metro Manila,NCR,2023-10-17
CUST-08662,Bacolod,Negros Occidental,Western Visayas,2023-02-12
CUST-08663,Davao City,Davao del Sur,Davao Region,2023-03-29
CUST-08664,Davao City,Davao del Sur,Davao Region,2023-08-31
CUST-08665,Caloocan,Metro Manila,NCR,2023-08-27
CUST-08666,Mandaue,Cebu,Central Visayas,2023-10-01
CUST-08667,Angeles,Pampanga,Central Luzon,2023-07-11
CUST-08668,Malolos,Bulacan,Central Luzon,2023-02-08
CUST-08669,Santa Rosa,Laguna,Calabarzon,2023-03-02
CUST-08670,Malolos,Bulacan,Central Luzon,2023-11-09
CUST-08671,Manila,Metro Manila,NCR,2023-11-15
CUST-08672,Bacoor,Cavite,Calabarzon,2023-12-11
CUST-08673,Manila,Metro Manila,NCR,2023-05-22
CUST-08674,Pasig,Metro Manila,NCR,2023-09-09
CUST-08675,Manila,Metro Manila,NCR,2023-03-30
CUST-08676,Makati,Metro Manila,NCR,2023-03-30
CUST-08677,Iloilo City,Iloilo,Western Visayas,2023-10-21
CUST-08678,Angeles,Pampanga,Central Luzon,2023-04-23
CUST-08679,Quezon City,Metro Manila,NCR,2023-03-28
CUST-08680,Bacolod,Negros Occidental,Western Visayas,2023-01-06
CUST-08681,Davao City,Davao del Sur,Davao Region,2023-04-13
CUST-08682,Davao City,Davao del Sur,Davao Region,2023-08-23
CUST-08683,Tacloban,Leyte,Eastern Visayas,2023-01-02
CUST-08684,General Santos,South Cotabato,SOCCSKSARGEN,2023-09-23
CUST-08685,Malolos,Bulacan,Central Luzon,2023-03-14
CUST-08686,Zamboanga City,Zamboanga del Sur,Zamboanga Peninsula,2023-08-16
CUST-08687,Cagayan de Oro,Misamis Oriental,Northern Mindanao,2023-01-25
CUST-08688,Pasig,Metro Manila,NCR,2023-03-22
CUST-08689,Davao City,Davao del Sur,Davao Region,2023-05-28
CUST-08690,Bacolod,Negros Occidental,Western Visayas,2023-10-15
CUST-08691,Iloilo City,Iloilo,Western Visayas,2023-10-25
CUST-08692,Davao City,Davao del Sur,Davao Region,2023-01-21
CUST-08693,Antipolo,Rizal,Calabarzon,2023-03-15
CUST-08694,Antipolo,Rizal,Calabarzon,2023-06-28
CUST-08695,Legazpi,Albay,Bicol,2023-02-15
CUST-08696,Mandaue,Cebu,Central Visayas,2023-03-22
CUST-08697,Davao City,Davao del Sur,Davao Region,2023-08-13
CUST-08698,Davao City,Davao del Sur,Davao Region,2023-03-06
CUST-08699,Cebu City,Cebu,Central Visayas,2023-03-17
CUST-08700,Zamboanga City,Zamboanga del Sur,Zamboanga Peninsula,2023-07-11
CUST-08701,Makati,Metro Manila,NCR,2023-12-25
CUST-08702,Cagayan de Oro,Misamis Oriental,Northern Mindanao,2023-04-06
CUST-08703,Quezon City,Metro Manila,NCR,2023-08-31
CUST-08704,Angeles,Pampanga,Central Luzon,2023-08-21
CUST-08705,Quezon City,Metro Manila,NCR,2023-04-16
CUST-08706,Angeles,Pampanga,Central Luzon,2023-03-12
CUST-08707,Antipolo,Rizal,Calabarzon,2023-11-30
CUST-08708,Quezon City,Metro Manila,NCR,2023-03-07
CUST-08709,Legazpi,Albay,Bicol,2023-09-17
CUST-08710,Mandaue,Cebu,Central Visayas,2023-06-09
CUST-08711,Manila,Metro Manila,NCR,2023-02-18
CUST-08712,Cebu City,Cebu,Central Visayas,2023-10-14
CUST-08713,Makati,Metro Manila,NCR,2023-10-13
CUST-08714,Manila,Metro Manila,NCR,2023-01-12
CUST-08715,Manila,Metro Manila,NCR,2023-08-18
CUST-08716,Malolos,Bulacan,Central Luzon,2023-01-21
CUST-08717,Iloilo City,Iloilo,Western Visayas,2023-08-24
CUST-08718,Malolos,Bulacan,Central Luzon,2023-05-20
CUST-08719,Bacolod,Negros Occidental,Western Visayas,2023-06-29
CUST-08720,Malolos,Bulacan,Central Luzon,2023-01-07
CUST-08721,Bacolod,Negros Occidental,Western Visayas,2023-06-15
CUST-08722,General Santos,South Cotabato,SOCCSKSARGEN,2023-07-02
CUST-08723,Antipolo,Rizal,Calabarzon,2023-07-15
CUST-08724,Manila,Metro Manila,NCR,2023-08-17
CUST-08725,Manila,Metro Manila,NCR,2023-07-25
CUST-08726,Malolos,Bulacan,Central Luzon,2023-07-17
CUST-08727,Angeles,Pampanga,Central Luzon,2023-03-29
CUST-08728,Makati,Metro Manila,NCR,2023-12-16
CUST-08729,Davao City,Davao del Sur,Davao Region,2023-07-03
CUST-08730,Zamboanga City,Zamboanga del Sur,Zamboanga Peninsula,2023-06-15
CUST-08731,Taguig,Metro Manila,NCR,2023-04-02
CUST-08732,Makati,Metro Manila,NCR,2023-05-03
CUST-08733,Makati,Metro Manila,NCR,2023-07-28
CUST-08734,Antipolo,Rizal,Calabarzon,2023-11-23
CUST-08735,Davao City,Davao del Sur,Davao Region,2023-08-19
CUST-08736,Malolos,Bulacan,Central Luzon,2023-09-30
CUST-08737,Quezon City,Metro Manila,NCR,2023-10-19
CUST-08738,Santa Rosa,Laguna,Calabarzon,2023-04-13
CUST-08739,Quezon City,Metro Manila,NCR,2023-07-11
CUST-08740,Bacoor,Cavite,Calabarzon,2023-03-18
CUST-08741,Antipolo,Rizal,Calabarzon,2023-11-12
CUST-08742,Legazpi,Albay,Bicol,2023-01-07
CUST-08743,Angeles,Pampanga,Central Luzon,2023-07-13
CUST-08744,Davao City,Davao del Sur,Davao Region,2023-10-01
CUST-08745,Quezon City,Metro Manila,NCR,2023-08-22
CUST-08746,Iloilo City,Iloilo,Western Visayas,2023-02-28
CUST-08747,Quezon City,Metro Manila,NCR,2023-04-17
CUST-08748,Pasig,Metro Manila,NCR,2023-10-31
CUST-08749,Davao City,Davao del Sur,Davao Region,2023-01-05
CUST-08750,Cebu City,Cebu,Central Visayas,2023-11-15
CUST-08751,Manila,Metro Manila,NCR,2023-09-23
CUST-08752,Lipa,Batangas,Calabarzon,2023-04-10
CUST-08753,Cebu City,Cebu,Central Visayas,2023-06-22
CUST-08754,Cagayan de Oro,Misamis Oriental,Northern Mindanao,2023-07-23
CUST-08755,Legazpi,Albay,Bicol,2023-01-28
CUST-08756,Quezon City,Metro Manila,NCR,2023-03-18
CUST-08757,Lipa,Batangas,Calabarzon,2023-01-15
CUST-08758,Manila,Metro Manila,NCR,2023-09-20
CUST-08759,Quezon City,Metro Manila,NCR,2023-02-25
CUST-08760,Malolos,Bulacan,Central Luzon,2023-10-16
CUST-08761,Iloilo City,Iloilo,Western Visayas,2023-03-13
CUST-08762,Quezon City,Metro Manila,NCR,2023-06-15
CUST-08763,Iloilo City,Iloilo,Western Visayas,2023-05-28
CUST-08764,Cebu City,Cebu,Central Visayas,2023-11-20
CUST-08765,Iloilo City,Iloilo,Western Visayas,2023-02-15
CUST-08766,Taguig,Metro Manila,NCR,2023-09-22
CUST-08767,Antipolo,Rizal,Calabarzon,2023-05-28
CUST-08768,Manila,Metro Manila,NCR,2023-11-02
CUST-08769,Taguig,Metro Manila,NCR,2023-01-29
CUST-08770,Pasig,Metro Manila,NCR,2023-09-07
CUST-08771,Pasig,Metro Manila,NCR,2023-03-29
CUST-08772,Manila,Metro Manila,NCR,2023-03-28
CUST-08773,Makati,Metro Manila,NCR,2023-06-15
CUST-08774,Davao City,Davao del Sur,Davao Region,2023-11-18
CUST-08775,Iloilo City,Iloilo,Western Visayas,2023-09-21
CUST-08776,Caloocan,Metro Manila,NCR,2023-05-23
CUST-08777,Cagayan de Oro,Misamis Oriental,Northern Mindanao,2023-06-20
CUST-08778,Taguig,Metro Manila,NCR,2023-06-02
CUST-08779,Bacoor,Cavite,Calabarzon,2023-10-02
CUST-08780,Bacolod,Negros Occidental,Western Visayas,2023-06-19
CUST-08781,Bacoor,Cavite,Calabarzon,2023-12-01
CUST-08782,Taguig,Metro Manila,NCR,2023-07-09
CUST-08783,Antipolo,Rizal,Calabarzon,2023-11-29
CUST-08784,Lipa,Batangas,Calabarzon,2023-05-04
CUST-08785,Baguio,Benguet,CAR,2023-06-09
CUST-08786,Bacoor,Cavite,Calabarzon,2023-02-25
CUST-08787,Bacoor,Cavite,Calabarzon,2023-07-17
CUST-08788,Taguig,Metro Manila,NCR,2023-11-03
CUST-08789,Angeles,Pampanga,Central Luzon,2023-10-08
CUST-08790,Makati,Metro Manila,NCR,2023-03-10
CUST-08791,Davao City,Davao del Sur,Davao Region,2023-01-17
CUST-08792,Mandaue,Cebu,Central Visayas,2023-12-10
CUST-08793,Bacoor,Cavite,Calabarzon,2023-04-30
CUST-08794,Mandaue,Cebu,Central Visayas,2023-07-10
CUST-08795,Quezon City,Metro Manila,NCR,2023-09-29
CUST-08796,Caloocan,Metro Manila,NCR,2023-06-29
CUST-08797,Bacoor,Cavite,Calabarzon,2023-01-25
CUST-08798,Santa Rosa,Laguna,Calabarzon,2023-10-21
CUST-08799,Mandaue,Cebu,Central Visayas,2023-03-02
CUST-08800,Zamboanga City,Zamboanga del Sur,Zamboanga Peninsula,2023-11-30
CUST-08801,Antipolo,Rizal,Calabarzon,2023-04-13
CUST-08802,Caloocan,Metro Manila,NCR,2023-12-05
CUST-08803,Baguio,Benguet,CAR,2023-12-10
CUST-08804,Pasig,Metro Manila,NCR,2023-12-19
CUST-08805,Manila,Metro Manila,NCR,2023-03-14
CUST-08806,Zamboanga City,Zamboanga del Sur,Zamboanga Peninsula,2023-06-06
CUST-08807,Bacolod,Negros Occidental,Western Visayas,2023-04-25
CUST-08808,Zamboanga City,Zamboanga del Sur,Zamboanga Peninsula,2023-11-06
CUST-08809,Makati,Metro Manila,NCR,2023-01-30
CUST-08810,Quezon City,Metro Manila,NCR,2023-03-12
CUST-08811,Bacoor,Cavite,Calabarzon,2023-07-07
CUST-08812,Cagayan de Oro,Misamis Oriental,Northern Mindanao,2023-02-07
CUST-08813,Manila,Metro Manila,NCR,2023-11-10
CUST-08814,Manila,Metro Manila,NCR,2023-09-17
CUST-08815,Quezon City,Metro Manila,NCR,2023-12-15
CUST-08816,Iloilo City,Iloilo,Western Visayas,2023-11-02
CUST-08817,Bacolod,Negros Occidental,Western Visayas,2023-02-28
CUST-08818,Cebu City,Cebu,Central Visayas,2023-08-05
CUST-08819,Quezon City,Metro Manila,NCR,2023-05-11
CUST-08820,Cebu City,Cebu,Central Visayas,2023-02-14
CUST-08821,Bacoor,Cavite,Calabarzon,2023-03-29
CUST-08822,Manila,Metro Manila,NCR,2023-08-09
CUST-08823,Pasig,Metro Manila,NCR,2023-08-27
CUST-08824,Lipa,Batangas,Calabarzon,2023-11-23
CUST-08825,Caloocan,Metro Manila,NCR,2023-03-05
CUST-08826,Zamboanga City,Zamboanga del Sur,Zamboanga Peninsula,2023-01-07
CUST-08827,Santa Rosa,Laguna,Calabarzon,2023-07-03
CUST-08828,Antipolo,Rizal,Calabarzon,2023-07-03
CUST-08829,Cebu City,Cebu,Central Visayas,2023-02-26
CUST-08830,Legazpi,Albay,Bicol,2023-08-30
CUST-08831,Quezon City,Metro Manila,NCR,2023-08-06
CUST-08832,Baguio,Benguet,CAR,2023-02-09
CUST-08833,Taguig,Metro Manila,NCR,2023-08-16
CUST-08834,Antipolo,Rizal,Calabarzon,2023-01-28
CUST-08835,Cebu City,Cebu,Central Visayas,2023-11-04
CUST-08836,Angeles,Pampanga,Central Luzon,2023-07-04
CUST-08837,Antipolo,Rizal,Calabarzon,2023-07-07
CUST-08838,Manila,Metro Manila,NCR,2023-09-12
CUST-08839,Lipa,Batangas,Calabarzon,2023-01-15
CUST-08840,Pasig,Metro Manila,NCR,2023-07-09
CUST-08841,Davao City,Davao del Sur,Davao Region,2023-02-15
CUST-08842,Angeles,Pampanga,Central Luzon,2023-10-13
CUST-08843,Davao City,Davao del Sur,Davao Region,2023-08-27
CUST-08844,Antipolo,Rizal,Calabarzon,2023-07-11
CUST-08845,Tacloban,Leyte,Eastern Visayas,2023-06-10
CUST-08846,Quezon City,Metro Manila,NCR,2023-10-10
CUST-08847,Pasig,Metro Manila,NCR,2023-09-09
CUST-08848,Quezon City,Metro Manila,NCR,2023-05-19
CUST-08849,Quezon City,Metro Manila,NCR,2023-09-22
CUST-08850,Cagayan de Oro,Misamis Oriental,Northern Mindanao,2023-03-30
CUST-08851,Cebu City,Cebu,Central Visayas,2023-07-11
CUST-08852,Baguio,Benguet,CAR,2023-01-13
CUST-08853,Angeles,Pampanga,Central Luzon,2023-10-07
CUST-08854,Angeles,Pampanga,Central Luzon,2023-02-28
CUST-08855,Legazpi,Albay,Bicol,2023-07-07
CUST-08856,Tacloban,Leyte,Eastern Visayas,2023-12-01
CUST-08857,Malolos,Bulacan,Central Luzon,2023-04-19
CUST-08858,Mandaue,Cebu,Central Visayas,2023-10-16
CUST-08859,Pasig,Metro Manila,NCR,2023-11-12
CUST-08860,General Santos,South Cotabato,SOCCSKSARGEN,2023-06-21
CUST-08861,Quezon City,Metro Manila,NCR,2023-03-21
CUST-08862,Antipolo,Rizal,Calabarzon,2023-09-29
CUST-08863,Davao City,Davao del Sur,Davao Region,2023-05-19
CUST-08864,Makati,Metro Manila,NCR,2023-12-27
CUST-08865,Manila,Metro Manila,NCR,2023-10-26
CUST-08866,Antipolo,Rizal,Calabarzon,2023-04-01
CUST-08867,Bacoor,Cavite,Calabarzon,2023-12-28
CUST-08868,Cagayan de Oro,Misamis Oriental,Northern Mindanao,2023-08-24
CUST-08869,Tacloban,Leyte,Eastern Visayas,2023-06-30
CUST-08870,Santa Rosa,Laguna,Calabarzon,2023-12-08
CUST-08871,Zamboanga City,Zamboanga del Sur,Zamboanga Peninsula,2023-01-09
CUST-08872,Legazpi,Albay,Bicol,2023-06-30
CUST-08873,Davao City,Davao del Sur,Davao Region,2023-08-31
CUST-08874,Taguig,Metro Manila,NCR,2023-01-10
CUST-08875,Lipa,Batangas,Calabarzon,2023-06-12
CUST-08876,Quezon City,Metro Manila,NCR,2023-04-29
CUST-08877,Quezon City,Metro Manila,NCR,2023-11-30
CUST-08878,Cebu City,Cebu,Central Visayas,2023-11-05
CUST-08879,Manila,Metro Manila,NCR,2023-12-16
CUST-08880,Angeles,Pampanga,Central Luzon,2023-06-28
CUST-08881,Cebu City,Cebu,Central Visayas,2023-03-02
CUST-08882,Quezon City,Metro Manila,NCR,2023-02-06
CUST-08883,Bacoor,Cavite,Calabarzon,2023-06-06
CUST-08884,Cebu City,Cebu,Central Visayas,2023-12-13
CUST-08885,Davao City,Davao del Sur,Davao Region,2023-05-18
CUST-08886,Pasig,Metro Manila,NCR,2023-05-14
CUST-08887,Zamboanga City,Zamboanga del Sur,Zamboanga Peninsula,2023-05-29
CUST-08888,Tacloban,Leyte,Eastern Visayas,2023-04-13
CUST-08889,Legazpi,Albay,Bicol,2023-06-12
CUST-08890,Antipolo,Rizal,Calabarzon,2023-04-20
CUST-08891,Cebu City,Cebu,Central Visayas,2023-07-08
CUST-08892,Bacolod,Negros Occidental,Western Visayas,2023-11-08
CUST-08893,Pasig,Metro Manila,NCR,2023-12-03
CUST-08894,General Santos,South Cotabato,SOCCSKSARGEN,2023-02-04
CUST-08895,Davao City,Davao del Sur,Davao Region,2023-07-25
CUST-08896,Santa Rosa,Laguna,Calabarzon,2023-09-06
CUST-08897,Cebu City,Cebu,Central Visayas,2023-09-16
CUST-08898,Angeles,Pampanga,Central Luzon,2023-12-14
CUST-08899,Iloilo City,Iloilo,Western Visayas,2023-01-22
CUST-08900,Tacloban,Leyte,Eastern Visayas,2023-12-02
CUST-08901,Quezon City,Metro Manila,NCR,2023-10-14
CUST-08902,Quezon City,Metro Manila,NCR,2023-07-18
CUST-08903,Caloocan,Metro Manila,NCR,2023-08-24
CUST-08904,Cagayan de Oro,Misamis Oriental,Northern Mindanao,2023-12-18
CUST-08905,Antipolo,Rizal,Calabarzon,2023-09-03
CUST-08906,Davao City,Davao del Sur,Davao Region,2023-03-23
CUST-08907,Santa Rosa,Laguna,Calabarzon,2023-10-02
CUST-08908,Pasig,Metro Manila,NCR,2023-02-19
CUST-08909,Davao City,Davao del Sur,Davao Region,2023-08-23
CUST-08910,Angeles,Pampanga,Central Luzon,2023-12-28
CUST-08911,Antipolo,Rizal,Calabarzon,2023-11-23
CUST-08912,Quezon City,Metro Manila,NCR,2023-03-12
CUST-08913,Manila,Metro Manila,NCR,2023-08-06
CUST-08914,Manila,Metro Manila,NCR,2023-01-08
CUST-08915,Antipolo,Rizal,Calabarzon,2023-03-20
CUST-08916,Baguio,Benguet,CAR,2023-12-21
CUST-08917,Pasig,Metro Manila,NCR,2023-09-09
CUST-08918,Quezon City,Metro Manila,NCR,2023-04-12
CUST-08919,Taguig,Metro Manila,NCR,2023-12-09
CUST-08920,Bacoor,Cavite,Calabarzon,2023-01-02
CUST-08921,General Santos,South Cotabato,SOCCSKSARGEN,2023-11-02
CUST-08922,Antipolo,Rizal,Calabarzon,2023-03-17
CUST-08923,Quezon City,Metro Manila,NCR,2023-03-01
CUST-08924,Malolos,Bulacan,Central Luzon,2023-07-01
CUST-08925,Cagayan de Oro,Misamis Oriental,Northern Mindanao,2023-03-14
CUST-08926,Bacolod,Negros Occidental,Western Visayas,2023-02-13
CUST-08927,Tacloban,Leyte,Eastern Visayas,2023-04-08
CUST-08928,Cagayan de Oro,Misamis Oriental,Northern Mindanao,2023-04-18
CUST-08929,Legazpi,Albay,Bicol,2023-08-13
CUST-08930,General Santos,South Cotabato,SOCCSKSARGEN,2023-09-17
CUST-08931,Quezon City,Metro Manila,NCR,2023-02-19
CUST-08932,Tacloban,Leyte,Eastern Visayas,2023-10-12
CUST-08933,Davao City,Davao del Sur,Davao Region,2023-08-03
CUST-08934,Cagayan de Oro,Misamis Oriental,Northern Mindanao,2023-06-28
CUST-08935,Santa Rosa,Laguna,Calabarzon,2023-08-12
CUST-08936,Bacolod,Negros Occidental,Western Visayas,2023-08-18
CUST-08937,Makati,Metro Manila,NCR,2023-05-28
CUST-08938,Malolos,Bulacan,Central Luzon,2023-09-03
CUST-08939,Antipolo,Rizal,Calabarzon,2023-01-06
CUST-08940,Malolos,Bulacan,Central Luzon,2023-10-29
CUST-08941,Cebu City,Cebu,Central Visayas,2023-08-13
CUST-08942,Caloocan,Metro Manila,NCR,2023-02-27
CUST-08943,Makati,Metro Manila,NCR,2023-07-12
CUST-08944,Caloocan,Metro Manila,NCR,2023-04-19
CUST-08945,Cebu City,Cebu,Central Visayas,2023-05-10
CUST-08946,Cebu City,Cebu,Central Visayas,2023-09-03
CUST-08947,Mandaue,Cebu,Central Visayas,2023-04-05
CUST-08948,Manila,Metro Manila,NCR,2023-10-07
CUST-08949,Bacolod,Negros Occidental,Western Visayas,2023-04-03
CUST-08950,Cebu City,Cebu,Central Visayas,2023-11-16
CUST-08951,Quezon City,Metro Manila,NCR,2023-04-23
CUST-08952,Caloocan,Metro Manila,NCR,2023-11-21
CUST-08953,Santa Rosa,Laguna,Calabarzon,2023-02-18
CUST-08954,Antipolo,Rizal,Calabarzon,2023-05-18
CUST-08955,Manila,Metro Manila,NCR,2023-12-18
CUST-08956,Makati,Metro Manila,NCR,2023-11-23
CUST-08957,Quezon City,Metro Manila,NCR,2023-10-25
CUST-08958,Quezon City,Metro Manila,NCR,2023-01-16
CUST-08959,Taguig,Metro Manila,NCR,2023-05-31
CUST-08960,Bacolod,Negros Occidental,Western Visayas,2023-09-22
CUST-08961,Angeles,Pampanga,Central Luzon,2023-09-22
CUST-08962,Bacoor,Cavite,Calabarzon,2023-12-23
CUST-08963,Cebu City,Cebu,Central Visayas,2023-10-19
CUST-08964,Angeles,Pampanga,Central Luzon,2023-02-23
CUST-08965,Manila,Metro Manila,NCR,2023-05-28
CUST-08966,Makati,Metro Manila,NCR,2023-08-20
CUST-08967,Makati,Metro Manila,NCR,2023-12-25
CUST-08968,Malolos,Bulacan,Central Luzon,2023-08-29
CUST-08969,Santa Rosa,Laguna,Calabarzon,2023-08-15
CUST-08970,Antipolo,Rizal,Calabarzon,2023-11-19
CUST-08971,Angeles,Pampanga,Central Luzon,2023-05-25
CUST-08972,Zamboanga City,Zamboanga del Sur,Zamboanga Peninsula,2023-05-05
CUST-08973,Pasig,Metro Manila,NCR,2023-01-02
CUST-08974,Lipa,Batangas,Calabarzon,2023-08-24
CUST-08975,Santa Rosa,Laguna,Calabarzon,2023-09-23
CUST-08976,Cebu City,Cebu,Central Visayas,2023-03-07
CUST-08977,Mandaue,Cebu,Central Visayas,2023-08-27
CUST-08978,Mandaue,Cebu,Central Visayas,2023-05-16
CUST-08979,Makati,Metro Manila,NCR,2023-04-07
CUST-08980,Bacoor,Cavite,Calabarzon,2023-02-14
CUST-08981,Bacolod,Negros Occidental,Western Visayas,2023-09-07
CUST-08982,Antipolo,Rizal,Calabarzon,2023-05-19
CUST-08983,General Santos,South Cotabato,SOCCSKSARGEN,2023-11-15
CUST-08984,Antipolo,Rizal,Calabarzon,2023-03-23
CUST-08985,Lipa,Batangas,Calabarzon,2023-12-16
CUST-08986,Santa Rosa,Laguna,Calabarzon,2023-04-22
CUST-08987,Bacoor,Cavite,Calabarzon,2023-10-17
CUST-08988,Davao City,Davao del Sur,Davao Region,2023-07-17
CUST-08989,Manila,Metro Manila,NCR,2023-12-05
CUST-08990,Angeles,Pampanga,Central Luzon,2023-04-25
CUST-08991,Baguio,Benguet,CAR,2023-07-10
CUST-08992,Davao City,Davao del Sur,Davao Region,2023-05-04
CUST-08993,Baguio,Benguet,CAR,2023-08-28
CUST-08994,Zamboanga City,Zamboanga del Sur,Zamboanga Peninsula,2023-12-30
CUST-08995,Davao City,Davao del Sur,Davao Region,2023-06-03
CUST-08996,Caloocan,Metro Manila,NCR,2023-04-21
CUST-08997,Davao City,Davao del Sur,Davao Region,2023-05-04
CUST-08998,Zamboanga City,Zamboanga del Sur,Zamboanga Peninsula,2023-09-28
CUST-08999,Taguig,Metro Manila,NCR,2023-04-15
CUST-09000,Baguio,Benguet,CAR,2023-06-18
CUST-09001,Pasig,Metro Manila,NCR,2023-10-17
CUST-09002,Legazpi,Albay,Bicol,2023-11-22
CUST-09003,Quezon City,Metro Manila,NCR,2023-09-05
CUST-09004,Mandaue,Cebu,Central Visayas,2023-12-24
CUST-09005,Bacoor,Cavite,Calabarzon,2023-04-15
CUST-09006,Malolos,Bulacan,Central Luzon,2023-12-27
CUST-09007,Quezon City,Metro Manila,NCR,2023-12-15
CUST-09008,Cebu City,Cebu,Central Visayas,2023-11-05
CUST-09009,Lipa,Batangas,Calabarzon,2023-09-04
CUST-09010,Baguio,Benguet,CAR,2023-12-25
CUST-09011,Pasig,Metro Manila,NCR,2023-05-17
CUST-09012,Manila,Metro Manila,NCR,2023-11-14
CUST-09013,Bacoor,Cavite,Calabarzon,2023-03-14
CUST-09014,Cagayan de Oro,Misamis Oriental,Northern Mindanao,2023-06-11
CUST-09015,Taguig,Metro Manila,NCR,2023-12-02
CUST-09016,Cebu City,Cebu,Central Visayas,2023-08-08
CUST-09017,Quezon City,Metro Manila,NCR,2023-11-11
CUST-09018,Cebu City,Cebu,Central Visayas,2023-01-09
CUST-09019,Taguig,Metro Manila,NCR,2023-05-30
CUST-09020,Bacoor,Cavite,Calabarzon,2023-03-12
CUST-09021,Antipolo,Rizal,Calabarzon,2023-08-18
CUST-09022,Manila,Metro Manila,NCR,2023-11-09
CUST-09023,Caloocan,Metro Manila,NCR,2023-10-08
CUST-09024,Caloocan,Metro Manila,NCR,2023-08-02
CUST-09025,Lipa,Batangas,Calabarzon,2023-03-26
CUST-09026,Zamboanga City,Zamboanga del Sur,Zamboanga Peninsula,2023-07-28
CUST-09027,Santa Rosa,Laguna,Calabarzon,2023-01-28
CUST-09028,Davao City,Davao del Sur,Davao Region,2023-08-22
CUST-09029,Santa Rosa,Laguna,Calabarzon,2023-10-08
CUST-09030,Manila,Metro Manila,NCR,2023-07-05
CUST-09031,Taguig,Metro Manila,NCR,2023-11-22
CUST-09032,Bacoor,Cavite,Calabarzon,2023-05-02
CUST-09033,Caloocan,Metro Manila,NCR,2023-11-26
CUST-09034,Davao City,Davao del Sur,Davao Region,2023-05-13
CUST-09035,Cebu City,Cebu,Central Visayas,2023-08-15
CUST-09036,Malolos,Bulacan,Central Luzon,2023-08-24
CUST-09037,Lipa,Batangas,Calabarzon,2023-05-24
CUST-09038,Antipolo,Rizal,Calabarzon,2023-04-19
CUST-09039,Baguio,Benguet,CAR,2023-01-27
CUST-09040,Manila,Metro Manila,NCR,2023-09-18
CUST-09041,Manila,Metro Manila,NCR,2023-03-11
CUST-09042,Pasig,Metro Manila,NCR,2023-03-03
CUST-09043,Manila,Metro Manila,NCR,2023-01-03
CUST-09044,Cebu City,Cebu,Central Visayas,2023-01-15
CUST-09045,Quezon City,Metro Manila,NCR,2023-03-19
CUST-09046,Manila,Metro Manila,NCR,2023-09-16
CUST-09047,Davao City,Davao del Sur,Davao Region,2023-04-23
CUST-09048,General Santos,South Cotabato,SOCCSKSARGEN,2023-03-21
CUST-09049,Santa Rosa,Laguna,Calabarzon,2023-09-17
CUST-09050,Lipa,Batangas,Calabarzon,2023-03-11
CUST-09051,Iloilo City,Iloilo,Western Visayas,2023-04-20
CUST-09052,Quezon City,Metro Manila,NCR,2023-07-06
CUST-09053,Bacoor,Cavite,Calabarzon,2023-02-21
CUST-09054,Quezon City,Metro Manila,NCR,2023-11-30
CUST-09055,Antipolo,Rizal,Calabarzon,2023-04-27
CUST-09056,General Santos,South Cotabato,SOCCSKSARGEN,2023-03-21
CUST-09057,Iloilo City,Iloilo,Western Visayas,2023-12-18
CUST-09058,General Santos,South Cotabato,SOCCSKSARGEN,2023-08-06
CUST-09059,Mandaue,Cebu,Central Visayas,2023-06-27
CUST-09060,Baguio,Benguet,CAR,2023-10-18
CUST-09061,Iloilo City,Iloilo,Western Visayas,2023-02-15
CUST-09062,Cebu City,Cebu,Central Visayas,2023-05-18
CUST-09063,Santa Rosa,Laguna,Calabarzon,2023-09-23
CUST-09064,Pasig,Metro Manila,NCR,2023-07-26
CUST-09065,Lipa,Batangas,Calabarzon,2023-11-22
CUST-09066,Taguig,Metro Manila,NCR,2023-12-01
CUST-09067,Santa Rosa,Laguna,Calabarzon,2023-04-04
CUST-09068,Manila,Metro Manila,NCR,2023-01-07
CUST-09069,Angeles,Pampanga,Central Luzon,2023-09-22
CUST-09070,Taguig,Metro Manila,NCR,2023-10-04
CUST-09071,Pasig,Metro Manila,NCR,2023-04-27
CUST-09072,Lipa,Batangas,Calabarzon,2023-06-29
CUST-09073,Manila,Metro Manila,NCR,2023-11-12
CUST-09074,Zamboanga City,Zamboanga del Sur,Zamboanga Peninsula,2023-05-03
CUST-09075,Bacoor,Cavite,Calabarzon,2023-10-17
CUST-09076,Caloocan,Metro Manila,NCR,2023-11-20
CUST-09077,Quezon City,Metro Manila,NCR,2023-07-16
CUST-09078,Tacloban,Leyte,Eastern Visayas,2023-04-07
CUST-09079,Baguio,Benguet,CAR,2023-06-25
CUST-09080,Bacoor,Cavite,Calabarzon,2023-05-10
CUST-09081,Taguig,Metro Manila,NCR,2023-10-07
CUST-09082,Mandaue,Cebu,Central Visayas,2023-07-05
CUST-09083,Cagayan de Oro,Misamis Oriental,Northern Mindanao,2023-04-16
CUST-09084,Antipolo,Rizal,Calabarzon,2023-06-23
CUST-09085,Manila,Metro Manila,NCR,2023-10-06
CUST-09086,Manila,Metro Manila,NCR,2023-01-18
CUST-09087,Quezon City,Metro Manila,NCR,2023-12-08
CUST-09088,Mandaue,Cebu,Central Visayas,2023-02-03
CUST-09089,General Santos,South Cotabato,SOCCSKSARGEN,2023-04-12
CUST-09090,General Santos,South Cotabato,SOCCSKSARGEN,2023-11-22
CUST-09091,Iloilo City,Iloilo,Western Visayas,2023-09-30
CUST-09092,Manila,Metro Manila,NCR,2023-08-20
CUST-09093,General Santos,South Cotabato,SOCCSKSARGEN,2023-01-17
CUST-09094,Caloocan,Metro Manila,NCR,2023-06-27
CUST-09095,Caloocan,Metro Manila,NCR,2023-09-29
CUST-09096,Cebu City,Cebu,Central Visayas,2023-01-31
CUST-09097,Quezon City,Metro Manila,NCR,2023-11-19
CUST-09098,Tacloban,Leyte,Eastern Visayas,2023-03-09
CUST-09099,General Santos,South Cotabato,SOCCSKSARGEN,2023-03-04
CUST-09100,Iloilo City,Iloilo,Western Visayas,2023-08-13
CUST-09101,Iloilo City,Iloilo,Western Visayas,2023-12-17
CUST-09102,Antipolo,Rizal,Calabarzon,2023-02-12
CUST-09103,Quezon City,Metro Manila,NCR,2023-01-13
CUST-09104,Bacolod,Negros Occidental,Western Visayas,2023-08-16
CUST-09105,Malolos,Bulacan,Central Luzon,2023-10-26
CUST-09106,Davao City,Davao del Sur,Davao Region,2023-09-25
CUST-09107,Manila,Metro Manila,NCR,2023-11-13
CUST-09108,Pasig,Metro Manila,NCR,2023-05-24
CUST-09109,Antipolo,Rizal,Calabarzon,2023-06-26
CUST-09110,Cebu City,Cebu,Central Visayas,2023-08-25
CUST-09111,Bacolod,Negros Occidental,Western Visayas,2023-05-09
CUST-09112,Zamboanga City,Zamboanga del Sur,Zamboanga Peninsula,2023-05-19
CUST-09113,Pasig,Metro Manila,NCR,2023-12-28
CUST-09114,Lipa,Batangas,Calabarzon,2023-08-05
CUST-09115,Quezon City,Metro Manila,NCR,2023-02-20
CUST-09116,Taguig,Metro Manila,NCR,2023-03-17
CUST-09117,Antipolo,Rizal,Calabarzon,2023-02-23
CUST-09118,Malolos,Bulacan,Central Luzon,2023-01-18
CUST-09119,Santa Rosa,Laguna,Calabarzon,2023-12-10
CUST-09120,Antipolo,Rizal,Calabarzon,2023-09-25
CUST-09121,Baguio,Benguet,CAR,2023-07-18
CUST-09122,Tacloban,Leyte,Eastern Visayas,2023-06-29
CUST-09123,Taguig,Metro Manila,NCR,2023-03-21
CUST-09124,Caloocan,Metro Manila,NCR,2023-04-12
CUST-09125,Cebu City,Cebu,Central Visayas,2023-04-19
CUST-09126,Iloilo City,Iloilo,Western Visayas,2023-11-05
CUST-09127,Tacloban,Leyte,Eastern Visayas,2023-04-29
CUST-09128,Makati,Metro Manila,NCR,2023-03-17
CUST-09129,Angeles,Pampanga,Central Luzon,2023-04-02
CUST-09130,Davao City,Davao del Sur,Davao Region,2023-06-03
CUST-09131,Antipolo,Rizal,Calabarzon,2023-11-30
CUST-09132,Bacoor,Cavite,Calabarzon,2023-11-08
CUST-09133,General Santos,South Cotabato,SOCCSKSARGEN,2023-04-05
CUST-09134,Manila,Metro Manila,NCR,2023-02-19
CUST-09135,Cebu City,Cebu,Central Visayas,2023-03-06
CUST-09136,Davao City,Davao del Sur,Davao Region,2023-07-30
CUST-09137,Manila,Metro Manila,NCR,2023-06-01
CUST-09138,Cebu City,Cebu,Central Visayas,2023-10-29
CUST-09139,Santa Rosa,Laguna,Calabarzon,2023-05-30
CUST-09140,Davao City,Davao del Sur,Davao Region,2023-10-22
CUST-09141,Davao City,Davao del Sur,Davao Region,2023-03-17
CUST-09142,Davao City,Davao del Sur,Davao Region,2023-03-21
CUST-09143,Quezon City,Metro Manila,NCR,2023-12-14
CUST-09144,Iloilo City,Iloilo,Western Visayas,2023-01-25
CUST-09145,Cagayan de Oro,Misamis Oriental,Northern Mindanao,2023-03-17
CUST-09146,Baguio,Benguet,CAR,2023-08-16
CUST-09147,Malolos,Bulacan,Central Luzon,2023-07-21
CUST-09148,Quezon City,Metro Manila,NCR,2023-12-04
CUST-09149,Davao City,Davao del Sur,Davao Region,2023-01-25
CUST-09150,Quezon City,Metro Manila,NCR,2023-11-26
CUST-09151,Pasig,Metro Manila,NCR,2023-01-30
CUST-09152,Cagayan de Oro,Misamis Oriental,Northern Mindanao,2023-05-08
CUST-09153,Cagayan de Oro,Misamis Oriental,Northern Mindanao,2023-01-31
CUST-09154,General Santos,South Cotabato,SOCCSKSARGEN,2023-08-19
CUST-09155,Santa Rosa,Laguna,Calabarzon,2023-02-09
CUST-09156,Manila,Metro Manila,NCR,2023-07-30
CUST-09157,Santa Rosa,Laguna,Calabarzon,2023-08-27
CUST-09158,Quezon City,Metro Manila,NCR,2023-08-31
CUST-09159,Davao City,Davao del Sur,Davao Region,2023-01-19
CUST-09160,Angeles,Pampanga,Central Luzon,2023-07-16
CUST-09161,Antipolo,Rizal,Calabarzon,2023-07-11
CUST-09162,Quezon City,Metro Manila,NCR,2023-05-12
CUST-09163,Bacoor,Cavite,Calabarzon,2023-06-13
CUST-09164,Davao City,Davao del Sur,Davao Region,2023-06-18
CUST-09165,Cebu City,Cebu,Central Visayas,2023-08-16
CUST-09166,Quezon City,Metro Manila,NCR,2023-11-03
CUST-09167,Manila,Metro Manila,NCR,2023-01-03
CUST-09168,Antipolo,Rizal,Calabarzon,2023-07-06
CUST-09169,Quezon City,Metro Manila,NCR,2023-01-12
CUST-09170,Cagayan de Oro,Misamis Oriental,Northern Mindanao,2023-07-17
CUST-09171,Legazpi,Albay,Bicol,2023-05-28
CUST-09172,Quezon City,Metro Manila,NCR,2023-06-16
CUST-09173,Bacolod,Negros Occidental,Western Visayas,2023-01-14
CUST-09174,Antipolo,Rizal,Calabarzon,2023-11-22
CUST-09175,Taguig,Metro Manila,NCR,2023-06-27
CUST-09176,Angeles,Pampanga,Central Luzon,2023-11-06
CUST-09177,Quezon City,Metro Manila,NCR,2023-02-19
CUST-09178,Santa Rosa,Laguna,Calabarzon,2023-06-22
CUST-09179,Tacloban,Leyte,Eastern Visayas,2023-01-30
CUST-09180,Cagayan de Oro,Misamis Oriental,Northern Mindanao,2023-09-23
CUST-09181,Caloocan,Metro Manila,NCR,2023-11-03
CUST-09182,Legazpi,Albay,Bicol,2023-05-17
CUST-09183,Taguig,Metro Manila,NCR,2023-11-09
CUST-09184,Angeles,Pampanga,Central Luzon,2023-08-18
CUST-09185,Taguig,Metro Manila,NCR,2023-09-09
CUST-09186,Angeles,Pampanga,Central Luzon,2023-10-13
CUST-09187,Manila,Metro Manila,NCR,2023-11-15
CUST-09188,Cagayan de Oro,Misamis Oriental,Northern Mindanao,2023-05-07
CUST-09189,Davao City,Davao del Sur,Davao Region,2023-03-31
CUST-09190,Caloocan,Metro Manila,NCR,2023-08-11
CUST-09191,Iloilo City,Iloilo,Western Visayas,2023-09-21
CUST-09192,Quezon City,Metro Manila,NCR,2023-11-05
CUST-09193,Mandaue,Cebu,Central Visayas,2023-04-29
CUST-09194,Pasig,Metro Manila,NCR,2023-03-12
CUST-09195,Manila,Metro Manila,NCR,2023-06-15
CUST-09196,Cebu City,Cebu,Central Visayas,2023-07-28
CUST-09197,Santa Rosa,Laguna,Calabarzon,2023-05-10
CUST-09198,Angeles,Pampanga,Central Luzon,2023-02-01
CUST-09199,Lipa,Batangas,Calabarzon,2023-01-05
CUST-09200,Quezon City,Metro Manila,NCR,2023-10-23
CUST-09201,Quezon City,Metro Manila,NCR,2023-07-11
CUST-09202,Malolos,Bulacan,Central Luzon,2023-02-16
CUST-09203,Baguio,Benguet,CAR,2023-05-16
CUST-09204,Quezon City,Metro Manila,NCR,2023-03-10
CUST-09205,Antipolo,Rizal,Calabarzon,2023-01-03
CUST-09206,Baguio,Benguet,CAR,2023-11-25
CUST-09207,Cebu City,Cebu,Central Visayas,2023-05-23
CUST-09208,Tacloban,Leyte,Eastern Visayas,2023-06-21
CUST-09209,Bacoor,Cavite,Calabarzon,2023-09-20
CUST-09210,Angeles,Pampanga,Central Luzon,2023-05-08
CUST-09211,Malolos,Bulacan,Central Luzon,2023-11-25
CUST-09212,Pasig,Metro Manila,NCR,2023-07-05
CUST-09213,Quezon City,Metro Manila,NCR,2023-08-03
CUST-09214,Quezon City,Metro Manila,NCR,2023-08-12
CUST-09215,Tacloban,Leyte,Eastern Visayas,2023-05-22
CUST-09216,Makati,Metro Manila,NCR,2023-01-22
CUST-09217,Baguio,Benguet,CAR,2023-01-21
CUST-09218,Malolos,Bulacan,Central Luzon,2023-04-21
CUST-09219,Antipolo,Rizal,Calabarzon,2023-09-03
CUST-09220,Tacloban,Leyte,Eastern Visayas,2023-01-14
CUST-09221,Cebu City,Cebu,Central Visayas,2023-01-02
CUST-09222,Quezon City,Metro Manila,NCR,2023-02-27
CUST-09223,Iloilo City,Iloilo,Western Visayas,2023-02-17
CUST-09224,Lipa,Batangas,Calabarzon,2023-03-09
CUST-09225,Caloocan,Metro Manila,NCR,2023-03-30
CUST-09226,Mandaue,Cebu,Central Visayas,2023-04-12
CUST-09227,Cebu City,Cebu,Central Visayas,2023-05-13
CUST-09228,Pasig,Metro Manila,NCR,2023-05-11
CUST-09229,General Santos,South Cotabato,SOCCSKSARGEN,2023-08-12
CUST-09230,Legazpi,Albay,Bicol,2023-02-12
CUST-09231,Malolos,Bulacan,Central Luzon,2023-05-15
CUST-09232,Quezon City,Metro Manila,NCR,2023-05-23
CUST-09233,Pasig,Metro Manila,NCR,2023-04-06
CUST-09234,Bacoor,Cavite,Calabarzon,2023-12-05
CUST-09235,Baguio,Benguet,CAR,2023-01-31
CUST-09236,Lipa,Batangas,Calabarzon,2023-06-03
CUST-09237,Iloilo City,Iloilo,Western Visayas,2023-01-22
CUST-09238,Taguig,Metro Manila,NCR,2023-11-25
CUST-09239,Cebu City,Cebu,Central Visayas,2023-10-08
CUST-09240,Bacolod,Negros Occidental,Western Visayas,2023-01-20
CUST-09241,Iloilo City,Iloilo,Western Visayas,2023-04-24
CUST-09242,Iloilo City,Iloilo,Western Visayas,2023-05-10
CUST-09243,Davao City,Davao del Sur,Davao Region,2023-08-07
CUST-09244,Quezon City,Metro Manila,NCR,2023-06-13
CUST-09245,Cebu City,Cebu,Central Visayas,2023-06-16
CUST-09246,Zamboanga City,Zamboanga del Sur,Zamboanga Peninsula,2023-10-21
CUST-09247,Malolos,Bulacan,Central Luzon,2023-06-09
CUST-09248,Makati,Metro Manila,NCR,2023-06-27
CUST-09249,General Santos,South Cotabato,SOCCSKSARGEN,2023-09-09
CUST-09250,Manila,Metro Manila,NCR,2023-08-29
CUST-09251,Caloocan,Metro Manila,NCR,2023-03-27
CUST-09252,Manila,Metro Manila,NCR,2023-04-30
CUST-09253,Santa Rosa,Laguna,Calabarzon,2023-07-14
CUST-09254,Bacoor,Cavite,Calabarzon,2023-05-26
CUST-09255,Lipa,Batangas,Calabarzon,2023-10-05
CUST-09256,Cagayan de Oro,Misamis Oriental,Northern Mindanao,2023-07-03
CUST-09257,Santa Rosa,Laguna,Calabarzon,2023-06-10
CUST-09258,Lipa,Batangas,Calabarzon,2023-10-01
CUST-09259,Davao City,Davao del Sur,Davao Region,2023-11-01
CUST-09260,Bacolod,Negros Occidental,Western Visayas,2023-06-24
CUST-09261,Taguig,Metro Manila,NCR,2023-01-23
CUST-09262,Quezon City,Metro Manila,NCR,2023-07-17
CUST-09263,Baguio,Benguet,CAR,2023-02-06
CUST-09264,Tacloban,Leyte,Eastern Visayas,2023-02-25
CUST-09265,Angeles,Pampanga,Central Luzon,2023-04-05
CUST-09266,Makati,Metro Manila,NCR,2023-02-09
CUST-09267,Mandaue,Cebu,Central Visayas,2023-08-04
CUST-09268,Cebu City,Cebu,Central Visayas,2023-03-30
CUST-09269,Angeles,Pampanga,Central Luzon,2023-11-10
CUST-09270,Davao City,Davao del Sur,Davao Region,2023-09-07
CUST-09271,Iloilo City,Iloilo,Western Visayas,2023-06-09
CUST-09272,Cebu City,Cebu,Central Visayas,2023-12-19
CUST-09273,Cebu City,Cebu,Central Visayas,2023-03-28
CUST-09274,Cebu City,Cebu,Central Visayas,2023-01-29
CUST-09275,Angeles,Pampanga,Central Luzon,2023-11-24
CUST-09276,Santa Rosa,Laguna,Calabarzon,2023-01-04
CUST-09277,Cebu City,Cebu,Central Visayas,2023-11-30
CUST-09278,Baguio,Benguet,CAR,2023-11-16
CUST-09279,Lipa,Batangas,Calabarzon,2023-03-29
CUST-09280,Manila,Metro Manila,NCR,2023-04-26
CUST-09281,Cebu City,Cebu,Central Visayas,2023-01-25
CUST-09282,Legazpi,Albay,Bicol,2023-07-30
CUST-09283,Caloocan,Metro Manila,NCR,2023-06-07
CUST-09284,Caloocan,Metro Manila,NCR,2023-11-08
CUST-09285,Taguig,Metro Manila,NCR,2023-04-24
CUST-09286,Zamboanga City,Zamboanga del Sur,Zamboanga Peninsula,2023-01-02
CUST-09287,Davao City,Davao del Sur,Davao Region,2023-05-29
CUST-09288,Angeles,Pampanga,Central Luzon,2023-01-26
CUST-09289,Antipolo,Rizal,Calabarzon,2023-08-11
CUST-09290,Mandaue,Cebu,Central Visayas,2023-01-08
CUST-09291,Angeles,Pampanga,Central Luzon,2023-06-20
CUST-09292,Zamboanga City,Zamboanga del Sur,Zamboanga Peninsula,2023-11-10
CUST-09293,Quezon City,Metro Manila,NCR,2023-08-22
CUST-09294,Quezon City,Metro Manila,NCR,2023-07-06
CUST-09295,Angeles,Pampanga,Central Luzon,2023-12-08
CUST-09296,Makati,Metro Manila,NCR,2023-02-09
CUST-09297,Malolos,Bulacan,Central Luzon,2023-10-06
CUST-09298,Iloilo City,Iloilo,Western Visayas,2023-04-30
CUST-09299,Manila,Metro Manila,NCR,2023-01-31
CUST-09300,Bacoor,Cavite,Calabarzon,2023-07-27
CUST-09301,Cebu City,Cebu,Central Visayas,2023-05-24
CUST-09302,Tacloban,Leyte,Eastern Visayas,2023-06-27
CUST-09303,Lipa,Batangas,Calabarzon,2023-03-29
CUST-09304,Makati,Metro Manila,NCR,2023-12-18
CUST-09305,Malolos,Bulacan,Central Luzon,2023-08-23
CUST-09306,Santa Rosa,Laguna,Calabarzon,2023-05-23
CUST-09307,Iloilo City,Iloilo,Western Visayas,2023-11-29
CUST-09308,Angeles,Pampanga,Central Luzon,2023-02-22
CUST-09309,Pasig,Metro Manila,NCR,2023-05-16
CUST-09310,Iloilo City,Iloilo,Western Visayas,2023-12-31
CUST-09311,Lipa,Batangas,Calabarzon,2023-12-28
CUST-09312,Manila,Metro Manila,NCR,2023-11-04
CUST-09313,Angeles,Pampanga,Central Luzon,2023-05-04
CUST-09314,Cagayan de Oro,Misamis Oriental,Northern Mindanao,2023-06-26
CUST-09315,Cebu City,Cebu,Central Visayas,2023-07-09
CUST-09316,Pasig,Metro Manila,NCR,2023-06-11
CUST-09317,Cebu City,Cebu,Central Visayas,2023-07-05
CUST-09318,Pasig,Metro Manila,NCR,2023-08-29
CUST-09319,Angeles,Pampanga,Central Luzon,2023-12-30
CUST-09320,Angeles,Pampanga,Central Luzon,2023-12-22
CUST-09321,Taguig,Metro Manila,NCR,2023-04-25
CUST-09322,Caloocan,Metro Manila,NCR,2023-04-05
CUST-09323,Cagayan de Oro,Misamis Oriental,Northern Mindanao,2023-10-06
CUST-09324,Taguig,Metro Manila,NCR,2023-10-05
CUST-09325,Bacolod,Negros Occidental,Western Visayas,2023-08-06
CUST-09326,Cebu City,Cebu,Central Visayas,2023-05-11
CUST-09327,Angeles,Pampanga,Central Luzon,2023-05-30
CUST-09328,Manila,Metro Manila,NCR,2023-06-11
CUST-09329,Makati,Metro Manila,NCR,2023-12-19
CUST-09330,Makati,Metro Manila,NCR,2023-07-28
CUST-09331,Malolos,Bulacan,Central Luzon,2023-04-02
CUST-09332,Zamboanga City,Zamboanga del Sur,Zamboanga Peninsula,2023-05-31
CUST-09333,Davao City,Davao del Sur,Davao Region,2023-03-13
CUST-09334,Quezon City,Metro Manila,NCR,2023-04-23
CUST-09335,Taguig,Metro Manila,NCR,2023-02-07
CUST-09336,Manila,Metro Manila,NCR,2023-06-07
CUST-09337,Zamboanga City,Zamboanga del Sur,Zamboanga Peninsula,2023-06-08
CUST-09338,Taguig,Metro Manila,NCR,2023-06-12
CUST-09339,Makati,Metro Manila,NCR,2023-09-27
CUST-09340,Baguio,Benguet,CAR,2023-07-26
CUST-09341,Angeles,Pampanga,Central Luzon,2023-11-01
CUST-09342,Makati,Metro Manila,NCR,2023-07-29
CUST-09343,Cebu City,Cebu,Central Visayas,2023-11-08
CUST-09344,Quezon City,Metro Manila,NCR,2023-07-06
CUST-09345,Quezon City,Metro Manila,NCR,2023-01-18
CUST-09346,Quezon City,Metro Manila,NCR,2023-07-20
CUST-09347,Antipolo,Rizal,Calabarzon,2023-04-07
CUST-09348,Zamboanga City,Zamboanga del Sur,Zamboanga Peninsula,2023-07-25
CUST-09349,Angeles,Pampanga,Central Luzon,2023-02-05
CUST-09350,Iloilo City,Iloilo,Western Visayas,2023-10-17
CUST-09351,Caloocan,Metro Manila,NCR,2023-03-03
CUST-09352,Cebu City,Cebu,Central Visayas,2023-04-12
CUST-09353,Zamboanga City,Zamboanga del Sur,Zamboanga Peninsula,2023-02-11
CUST-09354,Antipolo,Rizal,Calabarzon,2023-11-14
CUST-09355,General Santos,South Cotabato,SOCCSKSARGEN,2023-02-09
CUST-09356,Legazpi,Albay,Bicol,2023-02-04
CUST-09357,Mandaue,Cebu,Central Visayas,2023-09-15
CUST-09358,Taguig,Metro Manila,NCR,2023-05-18
CUST-09359,Legazpi,Albay,Bicol,2023-06-01
CUST-09360,Lipa,Batangas,Calabarzon,2023-12-15
CUST-09361,Zamboanga City,Zamboanga del Sur,Zamboanga Peninsula,2023-06-24
CUST-09362,Davao City,Davao del Sur,Davao Region,2023-05-06
CUST-09363,Antipolo,Rizal,Calabarzon,2023-10-19
CUST-09364,Cagayan de Oro,Misamis Oriental,Northern Mindanao,2023-08-23
CUST-09365,Davao City,Davao del Sur,Davao Region,2023-06-02
CUST-09366,Malolos,Bulacan,Central Luzon,2023-01-27
CUST-09367,Quezon City,Metro Manila,NCR,2023-12-10
CUST-09368,Manila,Metro Manila,NCR,2023-01-25
CUST-09369,Quezon City,Metro Manila,NCR,2023-03-10
CUST-09370,Manila,Metro Manila,NCR,2023-02-27
CUST-09371,General Santos,South Cotabato,SOCCSKSARGEN,2023-12-15
CUST-09372,Makati,Metro Manila,NCR,2023-06-08
CUST-09373,Cebu City,Cebu,Central Visayas,2023-08-20
CUST-09374,Legazpi,Albay,Bicol,2023-01-31
CUST-09375,Legazpi,Albay,Bicol,2023-04-06
CUST-09376,Makati,Metro Manila,NCR,2023-05-09
CUST-09377,Malolos,Bulacan,Central Luzon,2023-12-22
CUST-09378,Baguio,Benguet,CAR,2023-02-16
CUST-09379,Angeles,Pampanga,Central Luzon,2023-07-07
CUST-09380,Makati,Metro Manila,NCR,2023-11-04
CUST-09381,Cebu City,Cebu,Central Visayas,2023-02-16
CUST-09382,Quezon City,Metro Manila,NCR,2023-02-05
CUST-09383,Malolos,Bulacan,Central Luzon,2023-07-04
CUST-09384,Bacoor,Cavite,Calabarzon,2023-05-05
CUST-09385,Taguig,Metro Manila,NCR,2023-05-24
CUST-09386,Bacolod,Negros Occidental,Western Visayas,2023-09-13
CUST-09387,Manila,Metro Manila,NCR,2023-04-03
CUST-09388,Cagayan de Oro,Misamis Oriental,Northern Mindanao,2023-01-02
CUST-09389,Davao City,Davao del Sur,Davao Region,2023-01-26
CUST-09390,Antipolo,Rizal,Calabarzon,2023-04-26
CUST-09391,Pasig,Metro Manila,NCR,2023-08-23
CUST-09392,Manila,Metro Manila,NCR,2023-02-04
CUST-09393,Davao City,Davao del Sur,Davao Region,2023-01-28
CUST-09394,Baguio,Benguet,CAR,2023-12-30
CUST-09395,Quezon City,Metro Manila,NCR,2023-08-31
CUST-09396,Lipa,Batangas,Calabarzon,2023-06-14
CUST-09397,Quezon City,Metro Manila,NCR,2023-06-05
CUST-09398,Malolos,Bulacan,Central Luzon,2023-04-16
CUST-09399,Lipa,Batangas,Calabarzon,2023-06-28
CUST-09400,Quezon City,Metro Manila,NCR,2023-12-27
CUST-09401,Bacolod,Negros Occidental,Western Visayas,2023-11-02
CUST-09402,Taguig,Metro Manila,NCR,2023-03-29
CUST-09403,Angeles,Pampanga,Central Luzon,2023-04-23
CUST-09404,Legazpi,Albay,Bicol,2023-05-09
CUST-09405,Zamboanga City,Zamboanga del Sur,Zamboanga Peninsula,2023-07-25
CUST-09406,Lipa,Batangas,Calabarzon,2023-09-23
CUST-09407,Cagayan de Oro,Misamis Oriental,Northern Mindanao,2023-09-11
CUST-09408,Caloocan,Metro Manila,NCR,2023-04-25
CUST-09409,Davao City,Davao del Sur,Davao Region,2023-07-01
CUST-09410,Taguig,Metro Manila,NCR,2023-11-15
CUST-09411,Cebu City,Cebu,Central Visayas,2023-08-09
CUST-09412,Quezon City,Metro Manila,NCR,2023-03-07
CUST-09413,General Santos,South Cotabato,SOCCSKSARGEN,2023-05-28
CUST-09414,Zamboanga City,Zamboanga del Sur,Zamboanga Peninsula,2023-02-19
CUST-09415,Bacoor,Cavite,Calabarzon,2023-06-30
CUST-09416,Angeles,Pampanga,Central Luzon,2023-07-08
CUST-09417,Malolos,Bulacan,Central Luzon,2023-01-20
CUST-09418,Pasig,Metro Manila,NCR,2023-06-30
CUST-09419,Cebu City,Cebu,Central Visayas,2023-11-13
CUST-09420,Cebu City,Cebu,Central Visayas,2023-08-08
CUST-09421,Angeles,Pampanga,Central Luzon,2023-05-10
CUST-09422,Manila,Metro Manila,NCR,2023-08-28
CUST-09423,Cagayan de Oro,Misamis Oriental,Northern Mindanao,2023-08-05
CUST-09424,Manila,Metro Manila,NCR,2023-02-17
CUST-09425,Baguio,Benguet,CAR,2023-07-27
CUST-09426,Quezon City,Metro Manila,NCR,2023-09-12
CUST-09427,Manila,Metro Manila,NCR,2023-11-23
CUST-09428,Quezon City,Metro Manila,NCR,2023-08-07
CUST-09429,Antipolo,Rizal,Calabarzon,2023-03-28
CUST-09430,Legazpi,Albay,Bicol,2023-09-14
CUST-09431,Lipa,Batangas,Calabarzon,2023-07-14
CUST-09432,Cebu City,Cebu,Central Visayas,2023-05-07
CUST-09433,Cebu City,Cebu,Central Visayas,2023-01-28
CUST-09434,Manila,Metro Manila,NCR,2023-03-10
CUST-09435,Quezon City,Metro Manila,NCR,2023-09-19
CUST-09436,Baguio,Benguet,CAR,2023-11-03
CUST-09437,Legazpi,Albay,Bicol,2023-05-02
CUST-09438,Angeles,Pampanga,Central Luzon,2023-10-01
CUST-09439,Taguig,Metro Manila,NCR,2023-08-11
CUST-09440,Bacolod,Negros Occidental,Western Visayas,2023-11-25
CUST-09441,Quezon City,Metro Manila,NCR,2023-03-25
CUST-09442,Legazpi,Albay,Bicol,2023-11-04
CUST-09443,Manila,Metro Manila,NCR,2023-08-16
CUST-09444,Legazpi,Albay,Bicol,2023-08-06
CUST-09445,Bacoor,Cavite,Calabarzon,2023-12-17
CUST-09446,Cebu City,Cebu,Central Visayas,2023-03-24
CUST-09447,Quezon City,Metro Manila,NCR,2023-05-21
CUST-09448,Angeles,Pampanga,Central Luzon,2023-06-18
CUST-09449,Manila,Metro Manila,NCR,2023-10-29
CUST-09450,Cebu City,Cebu,Central Visayas,2023-12-13
CUST-09451,Manila,Metro Manila,NCR,2023-12-12
CUST-09452,Quezon City,Metro Manila,NCR,2023-05-18
CUST-09453,Cebu City,Cebu,Central Visayas,2023-04-04
CUST-09454,Quezon City,Metro Manila,NCR,2023-03-17
CUST-09455,Makati,Metro Manila,NCR,2023-03-15
CUST-09456,Tacloban,Leyte,Eastern Visayas,2023-08-11
CUST-09457,Bacolod,Negros Occidental,Western Visayas,2024-01-01
CUST-09458,Davao City,Davao del Sur,Davao Region,2023-10-04
CUST-09459,Caloocan,Metro Manila,NCR,2023-03-20
CUST-09460,Angeles,Pampanga,Central Luzon,2023-03-29
CUST-09461,Iloilo City,Iloilo,Western Visayas,2023-06-30
CUST-09462,Manila,Metro Manila,NCR,2023-12-24
CUST-09463,Cebu City,Cebu,Central Visayas,2023-03-24
CUST-09464,Quezon City,Metro Manila,NCR,2023-03-10
CUST-09465,Davao City,Davao del Sur,Davao Region,2023-10-11
CUST-09466,Legazpi,Albay,Bicol,2023-03-14
CUST-09467,Lipa,Batangas,Calabarzon,2023-05-13
CUST-09468,Santa Rosa,Laguna,Calabarzon,2023-02-11
CUST-09469,Makati,Metro Manila,NCR,2023-05-18
CUST-09470,Caloocan,Metro Manila,NCR,2023-11-30
CUST-09471,Mandaue,Cebu,Central Visayas,2023-05-10
CUST-09472,Angeles,Pampanga,Central Luzon,2023-11-23
CUST-09473,Angeles,Pampanga,Central Luzon,2023-09-29
CUST-09474,Makati,Metro Manila,NCR,2023-02-17
CUST-09475,Cebu City,Cebu,Central Visayas,2023-01-13
CUST-09476,Antipolo,Rizal,Calabarzon,2023-07-12
CUST-09477,Makati,Metro Manila,NCR,2023-09-17
CUST-09478,Cagayan de Oro,Misamis Oriental,Northern Mindanao,2023-08-11
CUST-09479,Lipa,Batangas,Calabarzon,2023-10-05
CUST-09480,Angeles,Pampanga,Central Luzon,2023-06-06
CUST-09481,General Santos,South Cotabato,SOCCSKSARGEN,2023-08-01
CUST-09482,Antipolo,Rizal,Calabarzon,2023-12-11
CUST-09483,Cagayan de Oro,Misamis Oriental,Northern Mindanao,2023-05-24
CUST-09484,Cebu City,Cebu,Central Visayas,2023-05-12
CUST-09485,Legazpi,Albay,Bicol,2023-05-03
CUST-09486,Taguig,Metro Manila,NCR,2023-01-22
CUST-09487,Quezon City,Metro Manila,NCR,2023-04-20
CUST-09488,Bacoor,Cavite,Calabarzon,2023-04-30
CUST-09489,Quezon City,Metro Manila,NCR,2023-10-16
CUST-09490,Quezon City,Metro Manila,NCR,2023-07-16
CUST-09491,Malolos,Bulacan,Central Luzon,2023-07-27
CUST-09492,Cebu City,Cebu,Central Visayas,2023-01-16
CUST-09493,Manila,Metro Manila,NCR,2023-07-12
CUST-09494,Mandaue,Cebu,Central Visayas,2023-04-25
CUST-09495,Cagayan de Oro,Misamis Oriental,Northern Mindanao,2023-06-18
CUST-09496,Mandaue,Cebu,Central Visayas,2023-12-12
CUST-09497,Iloilo City,Iloilo,Western Visayas,2023-01-25
CUST-09498,Cebu City,Cebu,Central Visayas,2023-05-02
CUST-09499,Makati,Metro Manila,NCR,2023-10-09
CUST-09500,Antipolo,Rizal,Calabarzon,2023-12-11
CUST-09501,Cagayan de Oro,Misamis Oriental,Northern Mindanao,2023-01-25
CUST-09502,Cebu City,Cebu,Central Visayas,2023-09-11
CUST-09503,Bacolod,Negros Occidental,Western Visayas,2023-12-26
CUST-09504,Zamboanga City,Zamboanga del Sur,Zamboanga Peninsula,2023-05-22
CUST-09505,Taguig,Metro Manila,NCR,2023-12-27
CUST-09506,Caloocan,Metro Manila,NCR,2023-10-15
CUST-09507,Legazpi,Albay,Bicol,2023-02-09
CUST-09508,Quezon City,Metro Manila,NCR,2023-12-19
CUST-09509,Angeles,Pampanga,Central Luzon,2023-04-02
CUST-09510,Bacolod,Negros Occidental,Western Visayas,2023-05-21
CUST-09511,Baguio,Benguet,CAR,2023-09-12
CUST-09512,Pasig,Metro Manila,NCR,2023-09-19
CUST-09513,Cebu City,Cebu,Central Visayas,2023-07-12
CUST-09514,Manila,Metro Manila,NCR,2023-06-21
CUST-09515,Davao City,Davao del Sur,Davao Region,2023-02-11
CUST-09516,Quezon City,Metro Manila,NCR,2023-09-28
CUST-09517,Davao City,Davao del Sur,Davao Region,2023-05-31
CUST-09518,Lipa,Batangas,Calabarzon,2023-04-26
CUST-09519,Bacoor,Cavite,Calabarzon,2023-12-28
CUST-09520,Lipa,Batangas,Calabarzon,2023-02-09
CUST-09521,Makati,Metro Manila,NCR,2023-01-04
CUST-09522,Santa Rosa,Laguna,Calabarzon,2023-12-01
CUST-09523,Davao City,Davao del Sur,Davao Region,2023-09-28
CUST-09524,Bacolod,Negros Occidental,Western Visayas,2023-03-20
CUST-09525,Manila,Metro Manila,NCR,2023-03-12
CUST-09526,Cebu City,Cebu,Central Visayas,2023-11-06
CUST-09527,Davao City,Davao del Sur,Davao Region,2023-02-01
CUST-09528,Bacolod,Negros Occidental,Western Visayas,2023-09-03
CUST-09529,Bacoor,Cavite,Calabarzon,2023-09-16
CUST-09530,Quezon City,Metro Manila,NCR,2023-08-24
CUST-09531,Cagayan de Oro,Misamis Oriental,Northern Mindanao,2023-05-01
CUST-09532,Antipolo,Rizal,Calabarzon,2023-10-18
CUST-09533,Antipolo,Rizal,Calabarzon,2023-06-17
CUST-09534,Iloilo City,Iloilo,Western Visayas,2023-12-05
CUST-09535,Taguig,Metro Manila,NCR,2023-11-09
CUST-09536,Tacloban,Leyte,Eastern Visayas,2023-03-27
CUST-09537,Quezon City,Metro Manila,NCR,2023-08-14
CUST-09538,Mandaue,Cebu,Central Visayas,2023-03-18
CUST-09539,Zamboanga City,Zamboanga del Sur,Zamboanga Peninsula,2023-04-07
CUST-09540,General Santos,South Cotabato,SOCCSKSARGEN,2023-01-03
CUST-09541,Cagayan de Oro,Misamis Oriental,Northern Mindanao,2023-11-12
CUST-09542,Davao City,Davao del Sur,Davao Region,2023-01-25
CUST-09543,Pasig,Metro Manila,NCR,2023-02-10
CUST-09544,Zamboanga City,Zamboanga del Sur,Zamboanga Peninsula,2023-07-27
CUST-09545,Cagayan de Oro,Misamis Oriental,Northern Mindanao,2023-11-13
CUST-09546,Angeles,Pampanga,Central Luzon,2023-11-14
CUST-09547,Antipolo,Rizal,Calabarzon,2023-06-29
CUST-09548,Manila,Metro Manila,NCR,2023-12-29
CUST-09549,Malolos,Bulacan,Central Luzon,2023-11-28
CUST-09550,Cebu City,Cebu,Central Visayas,2023-06-21
CUST-09551,Antipolo,Rizal,Calabarzon,2023-06-10
CUST-09552,Bacoor,Cavite,Calabarzon,2023-02-21
CUST-09553,Malolos,Bulacan,Central Luzon,2023-01-11
CUST-09554,Quezon City,Metro Manila,NCR,2023-09-26
CUST-09555,Zamboanga City,Zamboanga del Sur,Zamboanga Peninsula,2023-09-03
CUST-09556,Pasig,Metro Manila,NCR,2023-10-21
CUST-09557,Manila,Metro Manila,NCR,2023-10-12
CUST-09558,Quezon City,Metro Manila,NCR,2023-07-25
CUST-09559,Davao City,Davao del Sur,Davao Region,2023-01-04
CUST-09560,Davao City,Davao del Sur,Davao Region,2023-02-09
CUST-09561,Quezon City,Metro Manila,NCR,2023-02-02
CUST-09562,Manila,Metro Manila,NCR,2023-07-21
CUST-09563,Bacoor,Cavite,Calabarzon,2023-05-07
CUST-09564,Makati,Metro Manila,NCR,2023-04-13
CUST-09565,Mandaue,Cebu,Central Visayas,2023-10-05
CUST-09566,Quezon City,Metro Manila,NCR,2023-07-17
CUST-09567,Angeles,Pampanga,Central Luzon,2023-06-15
CUST-09568,Antipolo,Rizal,Calabarzon,2023-08-18
CUST-09569,Santa Rosa,Laguna,Calabarzon,2023-07-13
CUST-09570,Bacoor,Cavite,Calabarzon,2023-07-25
CUST-09571,Manila,Metro Manila,NCR,2023-12-10
CUST-09572,Makati,Metro Manila,NCR,2023-03-27
CUST-09573,Quezon City,Metro Manila,NCR,2023-02-07
CUST-09574,Manila,Metro Manila,NCR,2023-04-01
CUST-09575,General Santos,South Cotabato,SOCCSKSARGEN,2023-01-26
CUST-09576,Pasig,Metro Manila,NCR,2023-07-28
CUST-09577,Pasig,Metro Manila,NCR,2023-12-12
CUST-09578,Manila,Metro Manila,NCR,2023-09-26
CUST-09579,Iloilo City,Iloilo,Western Visayas,2023-02-24
CUST-09580,Cagayan de Oro,Misamis Oriental,Northern Mindanao,2023-11-12
CUST-09581,Bacolod,Negros Occidental,Western Visayas,2023-06-16
CUST-09582,Baguio,Benguet,CAR,2024-01-01
CUST-09583,Bacolod,Negros Occidental,Western Visayas,2023-09-05
CUST-09584,Antipolo,Rizal,Calabarzon,2023-11-21
CUST-09585,Davao City,Davao del Sur,Davao Region,2023-11-21
CUST-09586,Bacolod,Negros Occidental,Western Visayas,2023-11-02
CUST-09587,Quezon City,Metro Manila,NCR,2023-06-19
CUST-09588,Santa Rosa,Laguna,Calabarzon,2023-04-25
CUST-09589,Taguig,Metro Manila,NCR,2023-09-18
CUST-09590,Quezon City,Metro Manila,NCR,2023-03-09
CUST-09591,Davao City,Davao del Sur,Davao Region,2023-08-11
CUST-09592,Quezon City,Metro Manila,NCR,2023-04-08
CUST-09593,Mandaue,Cebu,Central Visayas,2023-06-22
CUST-09594,General Santos,South Cotabato,SOCCSKSARGEN,2023-04-13
CUST-09595,Santa Rosa,Laguna,Calabarzon,2023-01-09
CUST-09596,Antipolo,Rizal,Calabarzon,2023-01-04
CUST-09597,Malolos,Bulacan,Central Luzon,2023-06-01
CUST-09598,Bacolod,Negros Occidental,Western Visayas,2023-01-15
CUST-09599,Taguig,Metro Manila,NCR,2023-04-20
CUST-09600,Taguig,Metro Manila,NCR,2023-09-25
CUST-09601,Baguio,Benguet,CAR,2023-01-25
CUST-09602,Cagayan de Oro,Misamis Oriental,Northern Mindanao,2023-11-10
CUST-09603,Pasig,Metro Manila,NCR,2023-07-15
CUST-09604,Antipolo,Rizal,Calabarzon,2023-11-07
CUST-09605,General Santos,South Cotabato,SOCCSKSARGEN,2023-03-21
CUST-09606,Manila,Metro Manila,NCR,2023-02-09
CUST-09607,Quezon City,Metro Manila,NCR,2023-03-09
CUST-09608,Malolos,Bulacan,Central Luzon,2023-11-25
CUST-09609,Quezon City,Metro Manila,NCR,2023-09-25
CUST-09610,Makati,Metro Manila,NCR,2023-08-30
CUST-09611,Baguio,Benguet,CAR,2023-11-20
CUST-09612,Cebu City,Cebu,Central Visayas,2023-06-22
CUST-09613,Lipa,Batangas,Calabarzon,2023-12-20
CUST-09614,Antipolo,Rizal,Calabarzon,2023-05-23
CUST-09615,Malolos,Bulacan,Central Luzon,2023-06-06
CUST-09616,Legazpi,Albay,Bicol,2023-05-29
CUST-09617,Bacolod,Negros Occidental,Western Visayas,2023-02-02
CUST-09618,Bacolod,Negros Occidental,Western Visayas,2023-03-20
CUST-09619,Cebu City,Cebu,Central Visayas,2023-09-29
CUST-09620,Davao City,Davao del Sur,Davao Region,2023-06-07
CUST-09621,Tacloban,Leyte,Eastern Visayas,2023-03-15
CUST-09622,Manila,Metro Manila,NCR,2023-02-25
CUST-09623,Zamboanga City,Zamboanga del Sur,Zamboanga Peninsula,2023-05-12
CUST-09624,Davao City,Davao del Sur,Davao Region,2023-12-02
CUST-09625,Pasig,Metro Manila,NCR,2023-07-27
CUST-09626,Quezon City,Metro Manila,NCR,2023-02-22
CUST-09627,Malolos,Bulacan,Central Luzon,2023-12-06
CUST-09628,Bacoor,Cavite,Calabarzon,2023-05-31
CUST-09629,Mandaue,Cebu,Central Visayas,2023-06-18
CUST-09630,Angeles,Pampanga,Central Luzon,2023-10-12
CUST-09631,Quezon City,Metro Manila,NCR,2023-08-29
CUST-09632,Taguig,Metro Manila,NCR,2023-01-10
CUST-09633,Davao City,Davao del Sur,Davao Region,2023-05-29
CUST-09634,Quezon City,Metro Manila,NCR,2023-01-23
CUST-09635,Mandaue,Cebu,Central Visayas,2023-07-13
CUST-09636,Pasig,Metro Manila,NCR,2023-02-27
CUST-09637,Santa Rosa,Laguna,Calabarzon,2023-05-20
CUST-09638,Angeles,Pampanga,Central Luzon,2023-02-03
CUST-09639,Taguig,Metro Manila,NCR,2023-09-04
CUST-09640,Legazpi,Albay,Bicol,2023-08-15
CUST-09641,Cebu City,Cebu,Central Visayas,2023-12-18
CUST-09642,Quezon City,Metro Manila,NCR,2023-10-10
CUST-09643,Antipolo,Rizal,Calabarzon,2023-11-12
CUST-09644,Mandaue,Cebu,Central Visayas,2023-10-27
CUST-09645,Cebu City,Cebu,Central Visayas,2023-09-11
CUST-09646,Angeles,Pampanga,Central Luzon,2023-02-17
CUST-09647,Iloilo City,Iloilo,Western Visayas,2023-08-16
CUST-09648,Manila,Metro Manila,NCR,2023-03-06
CUST-09649,Manila,Metro Manila,NCR,2023-03-10
CUST-09650,Cebu City,Cebu,Central Visayas,2023-01-08
CUST-09651,Cebu City,Cebu,Central Visayas,2023-06-30
CUST-09652,Bacolod,Negros Occidental,Western Visayas,2023-02-26
CUST-09653,Makati,Metro Manila,NCR,2023-08-01
CUST-09654,Lipa,Batangas,Calabarzon,2023-05-16
CUST-09655,Cebu City,Cebu,Central Visayas,2023-03-12
CUST-09656,Makati,Metro Manila,NCR,2023-11-11
CUST-09657,Lipa,Batangas,Calabarzon,2023-12-12
CUST-09658,Legazpi,Albay,Bicol,2023-11-02
CUST-09659,Makati,Metro Manila,NCR,2023-04-13
CUST-09660,Antipolo,Rizal,Calabarzon,2023-07-13
CUST-09661,Makati,Metro Manila,NCR,2023-09-21
CUST-09662,Davao City,Davao del Sur,Davao Region,2023-03-27
CUST-09663,Taguig,Metro Manila,NCR,2023-12-27
CUST-09664,Manila,Metro Manila,NCR,2023-10-30
CUST-09665,Quezon City,Metro Manila,NCR,2023-07-14
CUST-09666,Quezon City,Metro Manila,NCR,2023-02-01
CUST-09667,Makati,Metro Manila,NCR,2023-04-03
CUST-09668,Baguio,Benguet,CAR,2023-04-27
CUST-09669,Quezon City,Metro Manila,NCR,2023-04-17
CUST-09670,Pasig,Metro Manila,NCR,2023-09-10
CUST-09671,Quezon City,Metro Manila,NCR,2023-07-22
CUST-09672,Antipolo,Rizal,Calabarzon,2023-02-12
CUST-09673,Quezon City,Metro Manila,NCR,2023-04-10
CUST-09674,Baguio,Benguet,CAR,2023-05-28
CUST-09675,Cebu City,Cebu,Central Visayas,2023-12-02
CUST-09676,Mandaue,Cebu,Central Visayas,2023-04-09
CUST-09677,Makati,Metro Manila,NCR,2023-08-21
CUST-09678,Davao City,Davao del Sur,Davao Region,2023-08-14
CUST-09679,Cebu City,Cebu,Central Visayas,2023-05-01
CUST-09680,Quezon City,Metro Manila,NCR,2023-08-11
CUST-09681,Bacoor,Cavite,Calabarzon,2023-06-06
CUST-09682,Iloilo City,Iloilo,Western Visayas,2023-12-28
CUST-09683,Pasig,Metro Manila,NCR,2023-10-26
CUST-09684,Antipolo,Rizal,Calabarzon,2023-06-19
CUST-09685,Baguio,Benguet,CAR,2023-01-17
CUST-09686,Quezon City,Metro Manila,NCR,2023-03-30
CUST-09687,Zamboanga City,Zamboanga del Sur,Zamboanga Peninsula,2023-08-02
CUST-09688,Manila,Metro Manila,NCR,2023-01-13
CUST-09689,Quezon City,Metro Manila,NCR,2023-09-23
CUST-09690,Quezon City,Metro Manila,NCR,2023-02-10
CUST-09691,Antipolo,Rizal,Calabarzon,2023-08-07
CUST-09692,Davao City,Davao del Sur,Davao Region,2023-12-01
CUST-09693,Bacolod,Negros Occidental,Western Visayas,2024-01-01
CUST-09694,Davao City,Davao del Sur,Davao Region,2023-01-09
CUST-09695,Angeles,Pampanga,Central Luzon,2023-05-12
CUST-09696,Bacoor,Cavite,Calabarzon,2023-11-08
CUST-09697,Antipolo,Rizal,Calabarzon,2023-01-04
CUST-09698,Quezon City,Metro Manila,NCR,2023-12-17
CUST-09699,Davao City,Davao del Sur,Davao Region,2023-09-01
CUST-09700,Lipa,Batangas,Calabarzon,2023-04-03
CUST-09701,Santa Rosa,Laguna,Calabarzon,2023-12-13
CUST-09702,Lipa,Batangas,Calabarzon,2023-02-05
CUST-09703,Bacolod,Negros Occidental,Western Visayas,2023-04-29
CUST-09704,Makati,Metro Manila,NCR,2023-01-20
CUST-09705,Cebu City,Cebu,Central Visayas,2023-03-02
CUST-09706,Cebu City,Cebu,Central Visayas,2023-03-06
CUST-09707,Davao City,Davao del Sur,Davao Region,2023-10-10
CUST-09708,Quezon City,Metro Manila,NCR,2023-10-19
CUST-09709,Manila,Metro Manila,NCR,2023-10-05
CUST-09710,Santa Rosa,Laguna,Calabarzon,2023-11-06
CUST-09711,Davao City,Davao del Sur,Davao Region,2023-05-04
CUST-09712,Zamboanga City,Zamboanga del Sur,Zamboanga Peninsula,2023-12-11
CUST-09713,Malolos,Bulacan,Central Luzon,2023-07-29
CUST-09714,Makati,Metro Manila,NCR,2023-06-03
CUST-09715,Makati,Metro Manila,NCR,2023-06-19
CUST-09716,Legazpi,Albay,Bicol,2023-07-08
CUST-09717,Makati,Metro Manila,NCR,2023-10-12
CUST-09718,Angeles,Pampanga,Central Luzon,2023-11-23
CUST-09719,Tacloban,Leyte,Eastern Visayas,2023-01-06
CUST-09720,Antipolo,Rizal,Calabarzon,2023-07-16
CUST-09721,Antipolo,Rizal,Calabarzon,2023-05-29
CUST-09722,Quezon City,Metro Manila,NCR,2023-06-08
CUST-09723,Taguig,Metro Manila,NCR,2023-08-20
CUST-09724,Cebu City,Cebu,Central Visayas,2023-04-13
CUST-09725,Antipolo,Rizal,Calabarzon,2023-08-17
CUST-09726,Manila,Metro Manila,NCR,2023-08-03
CUST-09727,Quezon City,Metro Manila,NCR,2023-03-14
CUST-09728,Quezon City,Metro Manila,NCR,2023-09-07
CUST-09729,Cebu City,Cebu,Central Visayas,2023-04-21
CUST-09730,Baguio,Benguet,CAR,2023-05-04
CUST-09731,Lipa,Batangas,Calabarzon,2023-12-21
CUST-09732,Lipa,Batangas,Calabarzon,2023-04-27
CUST-09733,Manila,Metro Manila,NCR,2023-03-15
CUST-09734,Lipa,Batangas,Calabarzon,2023-09-25
CUST-09735,Quezon City,Metro Manila,NCR,2023-02-02
CUST-09736,Cagayan de Oro,Misamis Oriental,Northern Mindanao,2023-12-25
CUST-09737,Quezon City,Metro Manila,NCR,2023-10-28
CUST-09738,Bacoor,Cavite,Calabarzon,2023-01-21
CUST-09739,Quezon City,Metro Manila,NCR,2023-02-23
CUST-09740,Bacolod,Negros Occidental,Western Visayas,2023-04-01
CUST-09741,Manila,Metro Manila,NCR,2023-05-26
CUST-09742,Cagayan de Oro,Misamis Oriental,Northern Mindanao,2023-10-20
CUST-09743,Quezon City,Metro Manila,NCR,2023-07-07
CUST-09744,Bacolod,Negros Occidental,Western Visayas,2023-06-09
CUST-09745,Cebu City,Cebu,Central Visayas,2023-11-30
CUST-09746,Taguig,Metro Manila,NCR,2023-05-29
CUST-09747,Makati,Metro Manila,NCR,2023-11-30
CUST-09748,Antipolo,Rizal,Calabarzon,2023-11-17
CUST-09749,Tacloban,Leyte,Eastern Visayas,2023-10-31
CUST-09750,Davao City,Davao del Sur,Davao Region,2023-10-24
CUST-09751,Manila,Metro Manila,NCR,2023-12-03
CUST-09752,Caloocan,Metro Manila,NCR,2023-01-17
CUST-09753,Taguig,Metro Manila,NCR,2023-03-15
CUST-09754,Manila,Metro Manila,NCR,2023-06-30
CUST-09755,Legazpi,Albay,Bicol,2023-08-20
CUST-09756,Caloocan,Metro Manila,NCR,2023-10-24
CUST-09757,Makati,Metro Manila,NCR,2023-01-20
CUST-09758,Davao City,Davao del Sur,Davao Region,2023-03-16
CUST-09759,Mandaue,Cebu,Central Visayas,2023-04-02
CUST-09760,Iloilo City,Iloilo,Western Visayas,2023-07-14
CUST-09761,Quezon City,Metro Manila,NCR,2023-12-22
CUST-09762,Davao City,Davao del Sur,Davao Region,2023-05-13
CUST-09763,Malolos,Bulacan,Central Luzon,2023-07-08
CUST-09764,Lipa,Batangas,Calabarzon,2023-09-15
CUST-09765,Quezon City,Metro Manila,NCR,2023-09-08
CUST-09766,Davao City,Davao del Sur,Davao Region,2023-12-11
CUST-09767,Angeles,Pampanga,Central Luzon,2023-02-17
CUST-09768,Tacloban,Leyte,Eastern Visayas,2023-11-02
CUST-09769,Cebu City,Cebu,Central Visayas,2023-03-11
CUST-09770,Bacolod,Negros Occidental,Western Visayas,2023-01-11
CUST-09771,Cebu City,Cebu,Central Visayas,2023-12-16
CUST-09772,Cagayan de Oro,Misamis Oriental,Northern Mindanao,2023-05-19
CUST-09773,Makati,Metro Manila,NCR,2023-12-08
CUST-09774,Makati,Metro Manila,NCR,2023-03-04
CUST-09775,Cebu City,Cebu,Central Visayas,2023-06-30
CUST-09776,Lipa,Batangas,Calabarzon,2023-12-25
CUST-09777,Malolos,Bulacan,Central Luzon,2023-03-26
CUST-09778,Cebu City,Cebu,Central Visayas,2023-03-28
CUST-09779,Angeles,Pampanga,Central Luzon,2023-01-29
CUST-09780,Bacolod,Negros Occidental,Western Visayas,2023-07-08
CUST-09781,Pasig,Metro Manila,NCR,2023-01-26
CUST-09782,Davao City,Davao del Sur,Davao Region,2023-05-04
CUST-09783,Manila,Metro Manila,NCR,2023-06-24
CUST-09784,Legazpi,Albay,Bicol,2023-08-24
CUST-09785,Davao City,Davao del Sur,Davao Region,2023-09-17
CUST-09786,Taguig,Metro Manila,NCR,2023-05-20
CUST-09787,Caloocan,Metro Manila,NCR,2023-04-07
CUST-09788,Pasig,Metro Manila,NCR,2023-12-19
CUST-09789,Angeles,Pampanga,Central Luzon,2023-08-04
CUST-09790,Bacoor,Cavite,Calabarzon,2023-12-16
CUST-09791,Manila,Metro Manila,NCR,2023-08-10
CUST-09792,Davao City,Davao del Sur,Davao Region,2023-03-16
CUST-09793,Makati,Metro Manila,NCR,2023-04-24
CUST-09794,Angeles,Pampanga,Central Luzon,2023-11-17
CUST-09795,Malolos,Bulacan,Central Luzon,2023-04-15
CUST-09796,Quezon City,Metro Manila,NCR,2023-12-27
CUST-09797,Quezon City,Metro Manila,NCR,2023-12-28
CUST-09798,Zamboanga City,Zamboanga del Sur,Zamboanga Peninsula,2023-02-02
CUST-09799,Cebu City,Cebu,Central Visayas,2023-12-21
CUST-09800,Quezon City,Metro Manila,NCR,2023-09-27
CUST-09801,Bacolod,Negros Occidental,Western Visayas,2023-11-14
CUST-09802,Lipa,Batangas,Calabarzon,2023-06-03
CUST-09803,Quezon City,Metro Manila,NCR,2023-06-25
CUST-09804,Cebu City,Cebu,Central Visayas,2023-03-01
CUST-09805,Lipa,Batangas,Calabarzon,2023-01-06
CUST-09806,Makati,Metro Manila,NCR,2023-04-04
CUST-09807,Davao City,Davao del Sur,Davao Region,2023-07-15
CUST-09808,Pasig,Metro Manila,NCR,2023-12-15
CUST-09809,Pasig,Metro Manila,NCR,2023-01-30
CUST-09810,Taguig,Metro Manila,NCR,2023-06-11
CUST-09811,Iloilo City,Iloilo,Western Visayas,2023-10-14
CUST-09812,Cebu City,Cebu,Central Visayas,2023-06-18
CUST-09813,Davao City,Davao del Sur,Davao Region,2023-08-11
CUST-09814,Taguig,Metro Manila,NCR,2023-08-27
CUST-09815,Bacolod,Negros Occidental,Western Visayas,2023-07-20
CUST-09816,Malolos,Bulacan,Central Luzon,2023-04-01
CUST-09817,Pasig,Metro Manila,NCR,2023-11-03
CUST-09818,Quezon City,Metro Manila,NCR,2023-01-15
CUST-09819,Bacolod,Negros Occidental,Western Visayas,2023-12-10
CUST-09820,Taguig,Metro Manila,NCR,2023-11-09
CUST-09821,Legazpi,Albay,Bicol,2023-04-30
CUST-09822,Angeles,Pampanga,Central Luzon,2023-11-09
CUST-09823,Quezon City,Metro Manila,NCR,2023-03-24
CUST-09824,General Santos,South Cotabato,SOCCSKSARGEN,2023-04-08
CUST-09825,Bacolod,Negros Occidental,Western Visayas,2023-07-29
CUST-09826,Santa Rosa,Laguna,Calabarzon,2023-07-20
CUST-09827,Cebu City,Cebu,Central Visayas,2023-01-02
CUST-09828,Santa Rosa,Laguna,Calabarzon,2023-03-17
CUST-09829,Mandaue,Cebu,Central Visayas,2023-05-16
CUST-09830,Manila,Metro Manila,NCR,2023-11-11
CUST-09831,Bacoor,Cavite,Calabarzon,2023-05-31
CUST-09832,Caloocan,Metro Manila,NCR,2023-12-18
CUST-09833,Santa Rosa,Laguna,Calabarzon,2023-10-02
CUST-09834,Bacoor,Cavite,Calabarzon,2023-04-22
CUST-09835,Manila,Metro Manila,NCR,2023-08-06
CUST-09836,General Santos,South Cotabato,SOCCSKSARGEN,2023-01-03
CUST-09837,Quezon City,Metro Manila,NCR,2023-01-24
CUST-09838,Quezon City,Metro Manila,NCR,2023-11-28
CUST-09839,Antipolo,Rizal,Calabarzon,2023-02-13
CUST-09840,Baguio,Benguet,CAR,2023-02-20
CUST-09841,Makati,Metro Manila,NCR,2023-11-24
CUST-09842,Angeles,Pampanga,Central Luzon,2023-08-14
CUST-09843,Cebu City,Cebu,Central Visayas,2023-01-20
CUST-09844,Quezon City,Metro Manila,NCR,2023-12-26
CUST-09845,General Santos,South Cotabato,SOCCSKSARGEN,2023-12-11
CUST-09846,Caloocan,Metro Manila,NCR,2023-06-29
CUST-09847,Legazpi,Albay,Bicol,2023-01-19
CUST-09848,Manila,Metro Manila,NCR,2023-09-22
CUST-09849,Cebu City,Cebu,Central Visayas,2023-03-25
CUST-09850,Tacloban,Leyte,Eastern Visayas,2023-04-23
CUST-09851,Quezon City,Metro Manila,NCR,2023-11-09
CUST-09852,Manila,Metro Manila,NCR,2023-09-18
CUST-09853,Pasig,Metro Manila,NCR,2023-05-19
CUST-09854,Quezon City,Metro Manila,NCR,2023-07-10
CUST-09855,General Santos,South Cotabato,SOCCSKSARGEN,2023-10-07
CUST-09856,Malolos,Bulacan,Central Luzon,2023-10-20
CUST-09857,Baguio,Benguet,CAR,2023-06-12
CUST-09858,Zamboanga City,Zamboanga del Sur,Zamboanga Peninsula,2023-03-05
CUST-09859,Tacloban,Leyte,Eastern Visayas,2023-08-04
CUST-09860,Bacolod,Negros Occidental,Western Visayas,2023-01-29
CUST-09861,Caloocan,Metro Manila,NCR,2023-05-03
CUST-09862,Caloocan,Metro Manila,NCR,2023-08-07
CUST-09863,Pasig,Metro Manila,NCR,2023-04-18
CUST-09864,Caloocan,Metro Manila,NCR,2023-07-22
CUST-09865,Antipolo,Rizal,Calabarzon,2023-03-31
CUST-09866,Manila,Metro Manila,NCR,2023-01-08
CUST-09867,Caloocan,Metro Manila,NCR,2023-03-20
CUST-09868,Bacoor,Cavite,Calabarzon,2023-11-11
CUST-09869,Pasig,Metro Manila,NCR,2023-12-06
CUST-09870,Manila,Metro Manila,NCR,2023-03-12
CUST-09871,Antipolo,Rizal,Calabarzon,2023-02-26
CUST-09872,Santa Rosa,Laguna,Calabarzon,2023-06-08
CUST-09873,Cebu City,Cebu,Central Visayas,2023-10-04
CUST-09874,Cebu City,Cebu,Central Visayas,2023-02-14
CUST-09875,Makati,Metro Manila,NCR,2023-07-22
CUST-09876,Quezon City,Metro Manila,NCR,2023-09-17
CUST-09877,Pasig,Metro Manila,NCR,2023-08-21
CUST-09878,Manila,Metro Manila,NCR,2023-09-15
CUST-09879,Antipolo,Rizal,Calabarzon,2023-09-20
CUST-09880,General Santos,South Cotabato,SOCCSKSARGEN,2023-09-05
CUST-09881,Makati,Metro Manila,NCR,2023-04-30
CUST-09882,Pasig,Metro Manila,NCR,2023-12-26
CUST-09883,Cebu City,Cebu,Central Visayas,2023-08-22
CUST-09884,Lipa,Batangas,Calabarzon,2023-10-31
CUST-09885,Quezon City,Metro Manila,NCR,2023-05-10
CUST-09886,Manila,Metro Manila,NCR,2023-01-03
CUST-09887,Cagayan de Oro,Misamis Oriental,Northern Mindanao,2023-03-20
CUST-09888,Quezon City,Metro Manila,NCR,2023-10-03
CUST-09889,Legazpi,Albay,Bicol,2023-06-28
CUST-09890,Bacolod,Negros Occidental,Western Visayas,2023-12-25
CUST-09891,Taguig,Metro Manila,NCR,2023-08-04
CUST-09892,Cebu City,Cebu,Central Visayas,2023-09-22
CUST-09893,Manila,Metro Manila,NCR,2023-07-02
CUST-09894,Pasig,Metro Manila,NCR,2023-08-05
CUST-09895,Pasig,Metro Manila,NCR,2023-04-27
CUST-09896,General Santos,South Cotabato,SOCCSKSARGEN,2023-06-16
CUST-09897,Makati,Metro Manila,NCR,2023-01-24
CUST-09898,Manila,Metro Manila,NCR,2023-12-07
CUST-09899,Cagayan de Oro,Misamis Oriental,Northern Mindanao,2023-01-22
CUST-09900,Manila,Metro Manila,NCR,2023-03-19
CUST-09901,Davao City,Davao del Sur,Davao Region,2023-04-16
CUST-09902,Legazpi,Albay,Bicol,2023-03-06
CUST-09903,Malolos,Bulacan,Central Luzon,2023-12-14
CUST-09904,Iloilo City,Iloilo,Western Visayas,2023-10-16
CUST-09905,Cebu City,Cebu,Central Visayas,2024-01-01
CUST-09906,Manila,Metro Manila,NCR,2023-03-16
CUST-09907,General Santos,South Cotabato,SOCCSKSARGEN,2023-08-25
CUST-09908,Cagayan de Oro,Misamis Oriental,Northern Mindanao,2023-08-23
CUST-09909,Davao City,Davao del Sur,Davao Region,2023-05-24
CUST-09910,Baguio,Benguet,CAR,2023-07-31
CUST-09911,Lipa,Batangas,Calabarzon,2023-05-14
CUST-09912,Angeles,Pampanga,Central Luzon,2023-01-25
CUST-09913,Quezon City,Metro Manila,NCR,2023-09-02
CUST-09914,Lipa,Batangas,Calabarzon,2023-02-10
CUST-09915,Baguio,Benguet,CAR,2023-06-21
CUST-09916,Cebu City,Cebu,Central Visayas,2023-08-18
CUST-09917,Caloocan,Metro Manila,NCR,2023-01-31
CUST-09918,Santa Rosa,Laguna,Calabarzon,2023-07-07
CUST-09919,Legazpi,Albay,Bicol,2023-11-16
CUST-09920,Bacoor,Cavite,Calabarzon,2023-09-19
CUST-09921,Zamboanga City,Zamboanga del Sur,Zamboanga Peninsula,2023-02-27
CUST-09922,Cebu City,Cebu,Central Visayas,2023-06-27
CUST-09923,Quezon City,Metro Manila,NCR,2023-06-11
CUST-09924,Quezon City,Metro Manila,NCR,2023-04-28
CUST-09925,Cebu City,Cebu,Central Visayas,2023-10-23
CUST-09926,Bacoor,Cavite,Calabarzon,2023-11-29
CUST-09927,Tacloban,Leyte,Eastern Visayas,2023-07-25
CUST-09928,Manila,Metro Manila,NCR,2023-01-31
CUST-09929,Quezon City,Metro Manila,NCR,2023-11-16
CUST-09930,Antipolo,Rizal,Calabarzon,2023-04-14
CUST-09931,Mandaue,Cebu,Central Visayas,2023-01-09
CUST-09932,Zamboanga City,Zamboanga del Sur,Zamboanga Peninsula,2023-11-27
CUST-09933,Davao City,Davao del Sur,Davao Region,2023-11-14
CUST-09934,Santa Rosa,Laguna,Calabarzon,2023-02-18
CUST-09935,Bacolod,Negros Occidental,Western Visayas,2023-11-23
CUST-09936,Quezon City,Metro Manila,NCR,2023-04-05
CUST-09937,Malolos,Bulacan,Central Luzon,2023-03-17
CUST-09938,Cagayan de Oro,Misamis Oriental,Northern Mindanao,2023-09-09
CUST-09939,Antipolo,Rizal,Calabarzon,2023-09-17
CUST-09940,Zamboanga City,Zamboanga del Sur,Zamboanga Peninsula,2023-06-25
CUST-09941,Makati,Metro Manila,NCR,2023-07-01
CUST-09942,Quezon City,Metro Manila,NCR,2023-02-22
CUST-09943,Angeles,Pampanga,Central Luzon,2023-05-30
CUST-09944,Davao City,Davao del Sur,Davao Region,2023-01-13
CUST-09945,Pasig,Metro Manila,NCR,2023-10-06
CUST-09946,Bacolod,Negros Occidental,Western Visayas,2023-09-21
CUST-09947,Manila,Metro Manila,NCR,2023-10-06
CUST-09948,Mandaue,Cebu,Central Visayas,2023-05-09
CUST-09949,Angeles,Pampanga,Central Luzon,2023-12-20
CUST-09950,Manila,Metro Manila,NCR,2023-02-22
CUST-09951,Cebu City,Cebu,Central Visayas,2023-03-26
CUST-09952,Cebu City,Cebu,Central Visayas,2023-01-06
CUST-09953,Lipa,Batangas,Calabarzon,2023-01-17
CUST-09954,Makati,Metro Manila,NCR,2023-12-07
CUST-09955,Manila,Metro Manila,NCR,2023-04-04
CUST-09956,Zamboanga City,Zamboanga del Sur,Zamboanga Peninsula,2023-07-02
CUST-09957,Cebu City,Cebu,Central Visayas,2023-04-08
CUST-09958,Bacolod,Negros Occidental,Western Visayas,2023-02-17
CUST-09959,Cebu City,Cebu,Central Visayas,2023-06-03
CUST-09960,Tacloban,Leyte,Eastern Visayas,2023-12-31
CUST-09961,Manila,Metro Manila,NCR,2023-02-20
CUST-09962,Lipa,Batangas,Calabarzon,2023-07-26
CUST-09963,Cebu City,Cebu,Central Visayas,2023-07-18
CUST-09964,Quezon City,Metro Manila,NCR,2023-06-02
CUST-09965,Manila,Metro Manila,NCR,2023-02-03
CUST-09966,Legazpi,Albay,Bicol,2023-06-23
CUST-09967,Davao City,Davao del Sur,Davao Region,2023-10-18
CUST-09968,Cebu City,Cebu,Central Visayas,2023-04-09
CUST-09969,Quezon City,Metro Manila,NCR,2023-05-15
CUST-09970,Zamboanga City,Zamboanga del Sur,Zamboanga Peninsula,2023-12-09
CUST-09971,Manila,Metro Manila,NCR,2023-06-21
CUST-09972,Taguig,Metro Manila,NCR,2023-03-21
CUST-09973,Zamboanga City,Zamboanga del Sur,Zamboanga Peninsula,2023-02-13
CUST-09974,Iloilo City,Iloilo,Western Visayas,2023-09-20
CUST-09975,Cagayan de Oro,Misamis Oriental,Northern Mindanao,2023-06-25
CUST-09976,Bacolod,Negros Occidental,Western Visayas,2023-03-07
CUST-09977,Legazpi,Albay,Bicol,2023-06-02
CUST-09978,Pasig,Metro Manila,NCR,2023-08-01
CUST-09979,Caloocan,Metro Manila,NCR,2023-10-26
CUST-09980,Cagayan de Oro,Misamis Oriental,Northern Mindanao,2023-12-17
CUST-09981,Davao City,Davao del Sur,Davao Region,2023-04-25
CUST-09982,Antipolo,Rizal,Calabarzon,2023-01-15
CUST-09983,Antipolo,Rizal,Calabarzon,2023-05-27
CUST-09984,Pasig,Metro Manila,NCR,2023-03-23
CUST-09985,Caloocan,Metro Manila,NCR,2023-04-29
CUST-09986,Davao City,Davao del Sur,Davao Region,2023-08-28
CUST-09987,Quezon City,Metro Manila,NCR,2023-06-25
CUST-09988,Bacoor,Cavite,Calabarzon,2023-09-25
CUST-09989,Cagayan de Oro,Misamis Oriental,Northern Mindanao,2023-10-12
CUST-09990,Angeles,Pampanga,Central Luzon,2023-06-01
CUST-09991,Bacoor,Cavite,Calabarzon,2023-05-11
CUST-09992,Pasig,Metro Manila,NCR,2023-01-06
CUST-09993,Quezon City,Metro Manila,NCR,2023-10-07
CUST-09994,Makati,Metro Manila,NCR,2023-09-18
CUST-09995,Quezon City,Metro Manila,NCR,2023-11-02
CUST-09996,Manila,Metro Manila,NCR,2023-01-20
CUST-09997,Manila,Metro Manila,NCR,2023-03-22
CUST-09998,Pasig,Metro Manila,NCR,2023-09-03
CUST-09999,Quezon City,Metro Manila,NCR,2023-01-13
CUST-10000,Cagayan de Oro,Misamis Oriental,Northern Mindanao,2023-04-20
CUST-10001,Manila,Metro Manila,NCR,2023-07-12
CUST-10002,Antipolo,Rizal,Calabarzon,2023-08-15
CUST-10003,Davao City,Davao del Sur,Davao Region,2023-06-08
CUST-10004,Quezon City,Metro Manila,NCR,2023-12-01
CUST-10005,Santa Rosa,Laguna,Calabarzon,2023-10-31
CUST-10006,Tacloban,Leyte,Eastern Visayas,2023-01-25
CUST-10007,Angeles,Pampanga,Central Luzon,2023-10-18
CUST-10008,Makati,Metro Manila,NCR,2023-11-03
CUST-10009,Mandaue,Cebu,Central Visayas,2023-02-22
CUST-10010,Cebu City,Cebu,Central Visayas,2023-01-22
CUST-10011,Antipolo,Rizal,Calabarzon,2023-03-09
CUST-10012,Quezon City,Metro Manila,NCR,2023-11-25
CUST-10013,Quezon City,Metro Manila,NCR,2023-03-01
CUST-10014,Tacloban,Leyte,Eastern Visayas,2023-09-26
CUST-10015,Caloocan,Metro Manila,NCR,2023-12-28
CUST-10016,Manila,Metro Manila,NCR,2023-01-30
CUST-10017,Lipa,Batangas,Calabarzon,2023-09-26
CUST-10018,Cagayan de Oro,Misamis Oriental,Northern Mindanao,2023-05-06
CUST-10019,Quezon City,Metro Manila,NCR,2023-12-06
CUST-10020,Quezon City,Metro Manila,NCR,2023-10-24
CUST-10021,Bacoor,Cavite,Calabarzon,2023-02-14
CUST-10022,Cebu City,Cebu,Central Visayas,2023-05-30
CUST-10023,Santa Rosa,Laguna,Calabarzon,2023-01-02
CUST-10024,Davao City,Davao del Sur,Davao Region,2023-10-28
CUST-10025,Quezon City,Metro Manila,NCR,2023-02-10
CUST-10026,Caloocan,Metro Manila,NCR,2023-02-16
CUST-10027,Caloocan,Metro Manila,NCR,2023-01-29
CUST-10028,Caloocan,Metro Manila,NCR,2023-12-14
CUST-10029,Santa Rosa,Laguna,Calabarzon,2023-11-24
CUST-10030,Bacolod,Negros Occidental,Western Visayas,2023-06-22
CUST-10031,Pasig,Metro Manila,NCR,2023-11-20
CUST-10032,Mandaue,Cebu,Central Visayas,2023-12-09
CUST-10033,Manila,Metro Manila,NCR,2023-03-11
CUST-10034,Angeles,Pampanga,Central Luzon,2023-04-23
CUST-10035,Antipolo,Rizal,Calabarzon,2023-02-27
CUST-10036,Angeles,Pampanga,Central Luzon,2023-01-25
CUST-10037,Manila,Metro Manila,NCR,2023-11-10
CUST-10038,Zamboanga City,Zamboanga del Sur,Zamboanga Peninsula,2023-03-04
CUST-10039,Davao City,Davao del Sur,Davao Region,2023-12-17
CUST-10040,Tacloban,Leyte,Eastern Visayas,2023-08-19
CUST-10041,Davao City,Davao del Sur,Davao Region,2023-09-15
CUST-10042,Manila,Metro Manila,NCR,2023-10-07
CUST-10043,Lipa,Batangas,Calabarzon,2023-04-14
CUST-10044,Pasig,Metro Manila,NCR,2023-11-18
CUST-10045,Davao City,Davao del Sur,Davao Region,2023-03-12
CUST-10046,Makati,Metro Manila,NCR,2023-02-17
CUST-10047,Makati,Metro Manila,NCR,2023-05-04
CUST-10048,Cebu City,Cebu,Central Visayas,2023-12-03
CUST-10049,Quezon City,Metro Manila,NCR,2023-05-29
CUST-10050,Mandaue,Cebu,Central Visayas,2023-05-17
CUST-10051,Taguig,Metro Manila,NCR,2023-08-18
CUST-10052,Cebu City,Cebu,Central Visayas,2023-08-20
CUST-10053,Davao City,Davao del Sur,Davao Region,2023-07-14
CUST-10054,Baguio,Benguet,CAR,2023-01-03
CUST-10055,Makati,Metro Manila,NCR,2023-12-31
CUST-10056,Quezon City,Metro Manila,NCR,2023-06-30
CUST-10057,Quezon City,Metro Manila,NCR,2023-09-08
CUST-10058,Quezon City,Metro Manila,NCR,2023-06-15
CUST-10059,Malolos,Bulacan,Central Luzon,2023-12-31
CUST-10060,Caloocan,Metro Manila,NCR,2023-01-31
CUST-10061,Taguig,Metro Manila,NCR,2023-07-19
CUST-10062,Makati,Metro Manila,NCR,2023-01-13
CUST-10063,Cagayan de Oro,Misamis Oriental,Northern Mindanao,2023-11-06
CUST-10064,Manila,Metro Manila,NCR,2023-06-02
CUST-10065,Pasig,Metro Manila,NCR,2023-04-28
CUST-10066,Santa Rosa,Laguna,Calabarzon,2023-03-17
CUST-10067,Quezon City,Metro Manila,NCR,2023-12-29
CUST-10068,Cagayan de Oro,Misamis Oriental,Northern Mindanao,2023-05-15
CUST-10069,Quezon City,Metro Manila,NCR,2023-11-09
CUST-10070,Cebu City,Cebu,Central Visayas,2023-07-29
CUST-10071,Baguio,Benguet,CAR,2023-12-13
CUST-10072,Bacolod,Negros Occidental,Western Visayas,2023-12-12
CUST-10073,Legazpi,Albay,Bicol,2023-03-28
CUST-10074,Iloilo City,Iloilo,Western Visayas,2023-04-15
CUST-10075,Bacoor,Cavite,Calabarzon,2023-02-09
CUST-10076,Lipa,Batangas,Calabarzon,2023-04-21
CUST-10077,Cebu City,Cebu,Central Visayas,2023-05-29
CUST-10078,Angeles,Pampanga,Central Luzon,2023-11-20
CUST-10079,Lipa,Batangas,Calabarzon,2023-03-28
CUST-10080,Makati,Metro Manila,NCR,2023-10-10
CUST-10081,Taguig,Metro Manila,NCR,2023-11-24
CUST-10082,Antipolo,Rizal,Calabarzon,2023-04-09
CUST-10083,Quezon City,Metro Manila,NCR,2023-06-01
CUST-10084,Bacoor,Cavite,Calabarzon,2023-11-08
CUST-10085,Quezon City,Metro Manila,NCR,2023-06-15
CUST-10086,Angeles,Pampanga,Central Luzon,2023-04-24
CUST-10087,Cebu City,Cebu,Central Visayas,2023-07-03
CUST-10088,Angeles,Pampanga,Central Luzon,2023-04-14
CUST-10089,Cebu City,Cebu,Central Visayas,2023-07-01
CUST-10090,Quezon City,Metro Manila,NCR,2023-08-26
CUST-10091,Quezon City,Metro Manila,NCR,2023-10-12
CUST-10092,Cebu City,Cebu,Central Visayas,2023-09-29
CUST-10093,Bacolod,Negros Occidental,Western Visayas,2023-03-12
CUST-10094,Cebu City,Cebu,Central Visayas,2023-08-18
CUST-10095,Cebu City,Cebu,Central Visayas,2023-04-15
CUST-10096,Cebu City,Cebu,Central Visayas,2023-08-23
CUST-10097,Mandaue,Cebu,Central Visayas,2023-06-24
CUST-10098,Cebu City,Cebu,Central Visayas,2023-05-25
CUST-10099,Mandaue,Cebu,Central Visayas,2023-07-11
CUST-10100,Quezon City,Metro Manila,NCR,2023-04-05
CUST-10101,Quezon City,Metro Manila,NCR,2023-01-29
CUST-10102,Antipolo,Rizal,Calabarzon,2023-02-21
CUST-10103,Angeles,Pampanga,Central Luzon,2023-01-30
CUST-10104,Iloilo City,Iloilo,Western Visayas,2023-12-22
CUST-10105,Caloocan,Metro Manila,NCR,2023-03-30
CUST-10106,Pasig,Metro Manila,NCR,2023-04-11
CUST-10107,Iloilo City,Iloilo,Western Visayas,2023-08-04
CUST-10108,Taguig,Metro Manila,NCR,2023-09-09
CUST-10109,Bacolod,Negros Occidental,Western Visayas,2023-12-13
CUST-10110,Manila,Metro Manila,NCR,2023-03-01
CUST-10111,Antipolo,Rizal,Calabarzon,2023-03-01
CUST-10112,Antipolo,Rizal,Calabarzon,2023-12-05
CUST-10113,Pasig,Metro Manila,NCR,2023-06-03
CUST-10114,Quezon City,Metro Manila,NCR,2023-06-14
CUST-10115,Taguig,Metro Manila,NCR,2023-10-31
CUST-10116,Caloocan,Metro Manila,NCR,2023-06-15
CUST-10117,Pasig,Metro Manila,NCR,2023-03-11
CUST-10118,Iloilo City,Iloilo,Western Visayas,2023-09-04
CUST-10119,Quezon City,Metro Manila,NCR,2023-04-12
CUST-10120,Antipolo,Rizal,Calabarzon,2023-01-12
CUST-10121,Quezon City,Metro Manila,NCR,2023-07-20
CUST-10122,Cagayan de Oro,Misamis Oriental,Northern Mindanao,2023-11-23
CUST-10123,Bacolod,Negros Occidental,Western Visayas,2023-09-15
CUST-10124,General Santos,South Cotabato,SOCCSKSARGEN,2023-11-13
CUST-10125,Davao City,Davao del Sur,Davao Region,2023-08-26
CUST-10126,Pasig,Metro Manila,NCR,2023-05-11
CUST-10127,Cebu City,Cebu,Central Visayas,2023-10-20
CUST-10128,Pasig,Metro Manila,NCR,2023-06-28
CUST-10129,Davao City,Davao del Sur,Davao Region,2023-01-02
CUST-10130,Bacoor,Cavite,Calabarzon,2023-09-27
CUST-10131,Antipolo,Rizal,Calabarzon,2023-02-14
CUST-10132,Davao City,Davao del Sur,Davao Region,2023-09-12
CUST-10133,Tacloban,Leyte,Eastern Visayas,2023-05-22
CUST-10134,Zamboanga City,Zamboanga del Sur,Zamboanga Peninsula,2023-11-05
CUST-10135,Quezon City,Metro Manila,NCR,2023-09-26
CUST-10136,Taguig,Metro Manila,NCR,2023-02-19
CUST-10137,Pasig,Metro Manila,NCR,2023-05-31
CUST-10138,Bacoor,Cavite,Calabarzon,2023-06-08
CUST-10139,Santa Rosa,Laguna,Calabarzon,2023-06-29
CUST-10140,Pasig,Metro Manila,NCR,2023-10-04
CUST-10141,Bacolod,Negros Occidental,Western Visayas,2023-01-27
CUST-10142,Makati,Metro Manila,NCR,2023-08-11
CUST-10143,Cebu City,Cebu,Central Visayas,2023-12-28
CUST-10144,Davao City,Davao del Sur,Davao Region,2023-02-05
CUST-10145,Malolos,Bulacan,Central Luzon,2023-12-16
CUST-10146,Caloocan,Metro Manila,NCR,2023-02-12
CUST-10147,Makati,Metro Manila,NCR,2023-09-26
CUST-10148,Manila,Metro Manila,NCR,2023-12-07
CUST-10149,Mandaue,Cebu,Central Visayas,2023-10-13
CUST-10150,Santa Rosa,Laguna,Calabarzon,2023-05-08
CUST-10151,Quezon City,Metro Manila,NCR,2023-06-16
CUST-10152,General Santos,South Cotabato,SOCCSKSARGEN,2023-11-07
CUST-10153,Cebu City,Cebu,Central Visayas,2023-09-14
CUST-10154,Tacloban,Leyte,Eastern Visayas,2023-10-17
CUST-10155,Bacoor,Cavite,Calabarzon,2023-05-08
CUST-10156,Zamboanga City,Zamboanga del Sur,Zamboanga Peninsula,2023-02-20
CUST-10157,Makati,Metro Manila,NCR,2023-09-30
CUST-10158,Makati,Metro Manila,NCR,2023-02-09
CUST-10159,Davao City,Davao del Sur,Davao Region,2023-08-06
CUST-10160,Davao City,Davao del Sur,Davao Region,2023-12-02
CUST-10161,Lipa,Batangas,Calabarzon,2023-09-06
CUST-10162,Manila,Metro Manila,NCR,2023-02-17
CUST-10163,Pasig,Metro Manila,NCR,2023-03-12
CUST-10164,Iloilo City,Iloilo,Western Visayas,2023-04-11
CUST-10165,Davao City,Davao del Sur,Davao Region,2023-08-09
CUST-10166,Caloocan,Metro Manila,NCR,2023-03-24
CUST-10167,Quezon City,Metro Manila,NCR,2023-04-17
CUST-10168,Cebu City,Cebu,Central Visayas,2023-03-18
CUST-10169,Mandaue,Cebu,Central Visayas,2023-06-12
CUST-10170,Bacoor,Cavite,Calabarzon,2023-06-30
CUST-10171,Malolos,Bulacan,Central Luzon,2023-01-14
CUST-10172,General Santos,South Cotabato,SOCCSKSARGEN,2023-01-21
CUST-10173,Taguig,Metro Manila,NCR,2023-06-20
CUST-10174,Malolos,Bulacan,Central Luzon,2023-10-20
CUST-10175,Baguio,Benguet,CAR,2023-08-05
CUST-10176,Angeles,Pampanga,Central Luzon,2023-07-01
CUST-10177,Davao City,Davao del Sur,Davao Region,2023-04-29
CUST-10178,Malolos,Bulacan,Central Luzon,2023-09-07
CUST-10179,Lipa,Batangas,Calabarzon,2023-12-16
CUST-10180,Manila,Metro Manila,NCR,2023-03-07
CUST-10181,Cebu City,Cebu,Central Visayas,2023-01-20
CUST-10182,Manila,Metro Manila,NCR,2023-12-02
CUST-10183,Quezon City,Metro Manila,NCR,2023-09-07
CUST-10184,Lipa,Batangas,Calabarzon,2023-07-27
CUST-10185,Malolos,Bulacan,Central Luzon,2023-03-30
CUST-10186,General Santos,South Cotabato,SOCCSKSARGEN,2023-03-25
CUST-10187,Cebu City,Cebu,Central Visayas,2023-08-29
CUST-10188,Davao City,Davao del Sur,Davao Region,2023-09-09
CUST-10189,Caloocan,Metro Manila,NCR,2023-08-07
CUST-10190,Lipa,Batangas,Calabarzon,2023-10-06
CUST-10191,Zamboanga City,Zamboanga del Sur,Zamboanga Peninsula,2023-07-26
CUST-10192,Bacoor,Cavite,Calabarzon,2023-09-28
CUST-10193,Bacolod,Negros Occidental,Western Visayas,2023-12-11
CUST-10194,Angeles,Pampanga,Central Luzon,2023-04-16
CUST-10195,Makati,Metro Manila,NCR,2023-03-20
CUST-10196,Malolos,Bulacan,Central Luzon,2023-09-19
CUST-10197,Makati,Metro Manila,NCR,2023-08-08
CUST-10198,Quezon City,Metro Manila,NCR,2023-08-08
CUST-10199,Taguig,Metro Manila,NCR,2023-12-24
CUST-10200,Makati,Metro Manila,NCR,2023-06-16
CUST-10201,Antipolo,Rizal,Calabarzon,2023-07-18
CUST-10202,Davao City,Davao del Sur,Davao Region,2023-01-23
CUST-10203,Antipolo,Rizal,Calabarzon,2023-08-19
CUST-10204,Tacloban,Leyte,Eastern Visayas,2023-03-18
CUST-10205,Angeles,Pampanga,Central Luzon,2023-08-12
CUST-10206,Quezon City,Metro Manila,NCR,2023-10-26
CUST-10207,Makati,Metro Manila,NCR,2023-08-27
CUST-10208,Cagayan de Oro,Misamis Oriental,Northern Mindanao,2023-02-13
CUST-10209,Malolos,Bulacan,Central Luzon,2023-09-30
CUST-10210,Cagayan de Oro,Misamis Oriental,Northern Mindanao,2023-02-27
CUST-10211,Pasig,Metro Manila,NCR,2023-05-04
CUST-10212,Cebu City,Cebu,Central Visayas,2023-04-04
CUST-10213,Iloilo City,Iloilo,Western Visayas,2023-04-02
CUST-10214,Zamboanga City,Zamboanga del Sur,Zamboanga Peninsula,2023-06-27
CUST-10215,Quezon City,Metro Manila,NCR,2023-05-27
CUST-10216,Cagayan de Oro,Misamis Oriental,Northern Mindanao,2023-12-07
CUST-10217,Antipolo,Rizal,Calabarzon,2023-04-21
CUST-10218,Tacloban,Leyte,Eastern Visayas,2023-04-17
CUST-10219,Angeles,Pampanga,Central Luzon,2023-11-25
CUST-10220,Angeles,Pampanga,Central Luzon,2023-06-26
CUST-10221,Antipolo,Rizal,Calabarzon,2023-06-30
CUST-10222,Tacloban,Leyte,Eastern Visayas,2023-09-10
CUST-10223,Taguig,Metro Manila,NCR,2023-12-08
CUST-10224,Lipa,Batangas,Calabarzon,2023-12-29
CUST-10225,Angeles,Pampanga,Central Luzon,2023-10-17
CUST-10226,Mandaue,Cebu,Central Visayas,2023-10-09
CUST-10227,Santa Rosa,Laguna,Calabarzon,2023-10-16
CUST-10228,Cebu City,Cebu,Central Visayas,2023-05-25
CUST-10229,Santa Rosa,Laguna,Calabarzon,2023-08-01
CUST-10230,Cebu City,Cebu,Central Visayas,2023-11-22
CUST-10231,Cebu City,Cebu,Central Visayas,2023-12-02
CUST-10232,Cebu City,Cebu,Central Visayas,2023-05-07
CUST-10233,Tacloban,Leyte,Eastern Visayas,2023-01-25
CUST-10234,Angeles,Pampanga,Central Luzon,2023-03-08
CUST-10235,Makati,Metro Manila,NCR,2023-03-31
CUST-10236,Cebu City,Cebu,Central Visayas,2023-09-07
CUST-10237,Quezon City,Metro Manila,NCR,2023-04-20
CUST-10238,Makati,Metro Manila,NCR,2023-12-03
CUST-10239,Bacolod,Negros Occidental,Western Visayas,2023-10-31
CUST-10240,Bacoor,Cavite,Calabarzon,2023-11-12
CUST-10241,Lipa,Batangas,Calabarzon,2023-10-26
CUST-10242,General Santos,South Cotabato,SOCCSKSARGEN,2023-08-24
CUST-10243,Taguig,Metro Manila,NCR,2023-12-17
CUST-10244,Quezon City,Metro Manila,NCR,2023-03-11
CUST-10245,Manila,Metro Manila,NCR,2023-04-16
CUST-10246,Taguig,Metro Manila,NCR,2023-05-15
CUST-10247,Cebu City,Cebu,Central Visayas,2023-10-29
CUST-10248,Iloilo City,Iloilo,Western Visayas,2023-02-19
CUST-10249,Angeles,Pampanga,Central Luzon,2023-12-30
CUST-10250,Taguig,Metro Manila,NCR,2023-01-04
CUST-10251,Lipa,Batangas,Calabarzon,2023-04-11
CUST-10252,Quezon City,Metro Manila,NCR,2023-10-20
CUST-10253,Cebu City,Cebu,Central Visayas,2023-10-22
CUST-10254,Baguio,Benguet,CAR,2023-04-23
CUST-10255,Quezon City,Metro Manila,NCR,2023-03-13
CUST-10256,Bacolod,Negros Occidental,Western Visayas,2023-07-15
CUST-10257,Iloilo City,Iloilo,Western Visayas,2023-12-11
CUST-10258,Pasig,Metro Manila,NCR,2023-07-05
CUST-10259,Legazpi,Albay,Bicol,2023-07-11
CUST-10260,Malolos,Bulacan,Central Luzon,2023-09-05
CUST-10261,Manila,Metro Manila,NCR,2023-02-06
CUST-10262,Makati,Metro Manila,NCR,2023-08-29
CUST-10263,Cebu City,Cebu,Central Visayas,2023-10-05
CUST-10264,Cagayan de Oro,Misamis Oriental,Northern Mindanao,2023-04-30
CUST-10265,Malolos,Bulacan,Central Luzon,2023-05-21
CUST-10266,Angeles,Pampanga,Central Luzon,2023-05-20
CUST-10267,Legazpi,Albay,Bicol,2023-07-02
CUST-10268,Bacoor,Cavite,Calabarzon,2023-09-07
CUST-10269,Quezon City,Metro Manila,NCR,2023-09-29
CUST-10270,Antipolo,Rizal,Calabarzon,2023-11-19
CUST-10271,Davao City,Davao del Sur,Davao Region,2023-10-26
CUST-10272,Bacolod,Negros Occidental,Western Visayas,2023-06-04
CUST-10273,Cagayan de Oro,Misamis Oriental,Northern Mindanao,2023-08-06
CUST-10274,Manila,Metro Manila,NCR,2023-04-07
CUST-10275,Lipa,Batangas,Calabarzon,2023-03-14
CUST-10276,Malolos,Bulacan,Central Luzon,2023-06-12
CUST-10277,Makati,Metro Manila,NCR,2023-11-24
CUST-10278,Makati,Metro Manila,NCR,2023-12-31
CUST-10279,Iloilo City,Iloilo,Western Visayas,2023-10-10
CUST-10280,Cebu City,Cebu,Central Visayas,2023-09-20
CUST-10281,Legazpi,Albay,Bicol,2023-12-06
CUST-10282,Taguig,Metro Manila,NCR,2023-03-23
CUST-10283,Lipa,Batangas,Calabarzon,2023-08-21
CUST-10284,Quezon City,Metro Manila,NCR,2023-04-05
CUST-10285,Manila,Metro Manila,NCR,2023-10-17
CUST-10286,Lipa,Batangas,Calabarzon,2023-12-29
CUST-10287,Pasig,Metro Manila,NCR,2023-11-13
CUST-10288,Zamboanga City,Zamboanga del Sur,Zamboanga Peninsula,2023-07-14
CUST-10289,Santa Rosa,Laguna,Calabarzon,2023-07-10
CUST-10290,Quezon City,Metro Manila,NCR,2023-07-26
CUST-10291,Quezon City,Metro Manila,NCR,2023-01-16
CUST-10292,Cebu City,Cebu,Central Visayas,2023-05-08
CUST-10293,Manila,Metro Manila,NCR,2023-04-09
CUST-10294,Makati,Metro Manila,NCR,2023-11-17
CUST-10295,Bacoor,Cavite,Calabarzon,2023-07-16
CUST-10296,Taguig,Metro Manila,NCR,2023-05-20
CUST-10297,Baguio,Benguet,CAR,2023-06-02
CUST-10298,Santa Rosa,Laguna,Calabarzon,2023-01-21
CUST-10299,Manila,Metro Manila,NCR,2023-07-12
CUST-10300,Iloilo City,Iloilo,Western Visayas,2023-08-19
CUST-10301,Bacoor,Cavite,Calabarzon,2023-01-22
CUST-10302,Baguio,Benguet,CAR,2023-08-31
CUST-10303,Quezon City,Metro Manila,NCR,2023-06-07
CUST-10304,Baguio,Benguet,CAR,2023-12-22
CUST-10305,Pasig,Metro Manila,NCR,2023-11-02
CUST-10306,Lipa,Batangas,Calabarzon,2023-12-12
CUST-10307,Pasig,Metro Manila,NCR,2023-08-02
CUST-10308,General Santos,South Cotabato,SOCCSKSARGEN,2023-01-26
CUST-10309,Taguig,Metro Manila,NCR,2023-12-06
CUST-10310,Davao City,Davao del Sur,Davao Region,2023-01-10
CUST-10311,Cagayan de Oro,Misamis Oriental,Northern Mindanao,2023-02-18
CUST-10312,Bacoor,Cavite,Calabarzon,2023-12-30
CUST-10313,Pasig,Metro Manila,NCR,2023-12-27
CUST-10314,Antipolo,Rizal,Calabarzon,2023-02-07
CUST-10315,General Santos,South Cotabato,SOCCSKSARGEN,2023-06-02
CUST-10316,Baguio,Benguet,CAR,2023-10-30
CUST-10317,Angeles,Pampanga,Central Luzon,2023-01-18
CUST-10318,Quezon City,Metro Manila,NCR,2023-06-11
CUST-10319,Davao City,Davao del Sur,Davao Region,2023-05-15
CUST-10320,Quezon City,Metro Manila,NCR,2023-04-29
CUST-10321,Quezon City,Metro Manila,NCR,2023-10-20
CUST-10322,Pasig,Metro Manila,NCR,2023-08-23
CUST-10323,Santa Rosa,Laguna,Calabarzon,2023-11-16
CUST-10324,Davao City,Davao del Sur,Davao Region,2023-06-22
CUST-10325,Bacolod,Negros Occidental,Western Visayas,2023-01-06
CUST-10326,Makati,Metro Manila,NCR,2023-05-17
CUST-10327,Antipolo,Rizal,Calabarzon,2023-04-24
CUST-10328,Iloilo City,Iloilo,Western Visayas,2023-10-23
CUST-10329,Angeles,Pampanga,Central Luzon,2023-06-18
CUST-10330,Manila,Metro Manila,NCR,2023-01-04
CUST-10331,Antipolo,Rizal,Calabarzon,2023-11-30
CUST-10332,Baguio,Benguet,CAR,2023-10-19
CUST-10333,Zamboanga City,Zamboanga del Sur,Zamboanga Peninsula,2023-04-14
CUST-10334,Cebu City,Cebu,Central Visayas,2023-12-29
CUST-10335,Quezon City,Metro Manila,NCR,2023-10-18
CUST-10336,Cebu City,Cebu,Central Visayas,2023-01-22
CUST-10337,Taguig,Metro Manila,NCR,2023-12-26
CUST-10338,Davao City,Davao del Sur,Davao Region,2023-07-29
CUST-10339,Antipolo,Rizal,Calabarzon,2023-09-03
CUST-10340,Makati,Metro Manila,NCR,2023-08-09
CUST-10341,Santa Rosa,Laguna,Calabarzon,2023-09-29
CUST-10342,Taguig,Metro Manila,NCR,2023-09-23
CUST-10343,Taguig,Metro Manila,NCR,2023-03-30
CUST-10344,Malolos,Bulacan,Central Luzon,2023-12-23
CUST-10345,Iloilo City,Iloilo,Western Visayas,2023-11-15
CUST-10346,Tacloban,Leyte,Eastern Visayas,2023-09-27
CUST-10347,Antipolo,Rizal,Calabarzon,2023-03-06
CUST-10348,Quezon City,Metro Manila,NCR,2023-08-11
CUST-10349,Santa Rosa,Laguna,Calabarzon,2023-12-20
CUST-10350,Bacoor,Cavite,Calabarzon,2023-06-26
CUST-10351,Makati,Metro Manila,NCR,2023-05-18
CUST-10352,Davao City,Davao del Sur,Davao Region,2023-07-18
CUST-10353,Zamboanga City,Zamboanga del Sur,Zamboanga Peninsula,2023-11-30
CUST-10354,Quezon City,Metro Manila,NCR,2023-02-15
CUST-10355,Bacolod,Negros Occidental,Western Visayas,2023-02-22
CUST-10356,Legazpi,Albay,Bicol,2023-02-03
CUST-10357,Taguig,Metro Manila,NCR,2023-01-15
CUST-10358,Legazpi,Albay,Bicol,2023-09-08
CUST-10359,Manila,Metro Manila,NCR,2023-08-01
CUST-10360,Quezon City,Metro Manila,NCR,2023-01-16
CUST-10361,General Santos,South Cotabato,SOCCSKSARGEN,2023-07-21
CUST-10362,Legazpi,Albay,Bicol,2023-02-20
CUST-10363,Taguig,Metro Manila,NCR,2023-05-10
CUST-10364,Bacoor,Cavite,Calabarzon,2023-01-28
CUST-10365,Cagayan de Oro,Misamis Oriental,Northern Mindanao,2023-12-29
CUST-10366,Bacoor,Cavite,Calabarzon,2023-04-19
CUST-10367,Davao City,Davao del Sur,Davao Region,2023-03-15
CUST-10368,Davao City,Davao del Sur,Davao Region,2023-10-21
CUST-10369,Caloocan,Metro Manila,NCR,2023-04-08
CUST-10370,Cebu City,Cebu,Central Visayas,2023-10-22
CUST-10371,Cebu City,Cebu,Central Visayas,2023-02-05
CUST-10372,Iloilo City,Iloilo,Western Visayas,2023-02-04
CUST-10373,Antipolo,Rizal,Calabarzon,2023-12-31
CUST-10374,Quezon City,Metro Manila,NCR,2023-06-30
CUST-10375,Manila,Metro Manila,NCR,2023-08-15
CUST-10376,Baguio,Benguet,CAR,2023-02-10
CUST-10377,Iloilo City,Iloilo,Western Visayas,2023-09-07
CUST-10378,Iloilo City,Iloilo,Western Visayas,2023-04-14
CUST-10379,Malolos,Bulacan,Central Luzon,2023-11-20
CUST-10380,Quezon City,Metro Manila,NCR,2023-10-16
CUST-10381,Quezon City,Metro Manila,NCR,2023-01-07
CUST-10382,Iloilo City,Iloilo,Western Visayas,2023-08-14
CUST-10383,Angeles,Pampanga,Central Luzon,2023-03-28
CUST-10384,Iloilo City,Iloilo,Western Visayas,2023-01-13
CUST-10385,Manila,Metro Manila,NCR,2023-01-14
CUST-10386,Bacoor,Cavite,Calabarzon,2023-12-25
CUST-10387,Cagayan de Oro,Misamis Oriental,Northern Mindanao,2023-10-09
CUST-10388,Manila,Metro Manila,NCR,2023-04-16
CUST-10389,Quezon City,Metro Manila,NCR,2023-01-28
CUST-10390,Legazpi,Albay,Bicol,2023-01-09
CUST-10391,Malolos,Bulacan,Central Luzon,2023-04-14
CUST-10392,Cagayan de Oro,Misamis Oriental,Northern Mindanao,2023-11-24
CUST-10393,Davao City,Davao del Sur,Davao Region,2023-04-05
CUST-10394,Mandaue,Cebu,Central Visayas,2023-09-24
CUST-10395,Quezon City,Metro Manila,NCR,2023-03-12
CUST-10396,Santa Rosa,Laguna,Calabarzon,2023-06-16
CUST-10397,Davao City,Davao del Sur,Davao Region,2023-10-26
CUST-10398,Bacoor,Cavite,Calabarzon,2023-02-28
CUST-10399,Zamboanga City,Zamboanga del Sur,Zamboanga Peninsula,2023-01-06
CUST-10400,Legazpi,Albay,Bicol,2023-07-01
CUST-10401,Manila,Metro Manila,NCR,2023-03-11
CUST-10402,Lipa,Batangas,Calabarzon,2023-12-11
CUST-10403,Cebu City,Cebu,Central Visayas,2023-09-25
CUST-10404,Quezon City,Metro Manila,NCR,2023-11-16
CUST-10405,Caloocan,Metro Manila,NCR,2023-09-20
CUST-10406,Cebu City,Cebu,Central Visayas,2023-08-17
CUST-10407,Manila,Metro Manila,NCR,2023-07-28
CUST-10408,Caloocan,Metro Manila,NCR,2023-09-06
CUST-10409,Cebu City,Cebu,Central Visayas,2023-06-17
CUST-10410,Iloilo City,Iloilo,Western Visayas,2023-10-13
CUST-10411,Lipa,Batangas,Calabarzon,2023-08-28
CUST-10412,Zamboanga City,Zamboanga del Sur,Zamboanga Peninsula,2023-03-01
CUST-10413,Cagayan de Oro,Misamis Oriental,Northern Mindanao,2023-06-10
CUST-10414,Santa Rosa,Laguna,Calabarzon,2023-12-23
CUST-10415,Manila,Metro Manila,NCR,2023-09-04
CUST-10416,Iloilo City,Iloilo,Western Visayas,2023-03-05
CUST-10417,Taguig,Metro Manila,NCR,2023-10-28
CUST-10418,Tacloban,Leyte,Eastern Visayas,2023-01-30
CUST-10419,Malolos,Bulacan,Central Luzon,2023-09-16
CUST-10420,Antipolo,Rizal,Calabarzon,2023-05-17
CUST-10421,Angeles,Pampanga,Central Luzon,2023-07-12
CUST-10422,Angeles,Pampanga,Central Luzon,2023-05-18
CUST-10423,Cagayan de Oro,Misamis Oriental,Northern Mindanao,2023-03-16
CUST-10424,Makati,Metro Manila,NCR,2023-11-08
CUST-10425,Cagayan de Oro,Misamis Oriental,Northern Mindanao,2023-08-26
CUST-10426,Quezon City,Metro Manila,NCR,2023-06-08
CUST-10427,Iloilo City,Iloilo,Western Visayas,2023-09-28
CUST-10428,Cagayan de Oro,Misamis Oriental,Northern Mindanao,2023-08-18
CUST-10429,Antipolo,Rizal,Calabarzon,2023-02-12
CUST-10430,Quezon City,Metro Manila,NCR,2023-10-10
CUST-10431,Bacolod,Negros Occidental,Western Visayas,2023-10-24
CUST-10432,Tacloban,Leyte,Eastern Visayas,2023-06-03
CUST-10433,Caloocan,Metro Manila,NCR,2023-11-26
CUST-10434,Lipa,Batangas,Calabarzon,2024-01-01
CUST-10435,Bacolod,Negros Occidental,Western Visayas,2023-02-18
CUST-10436,Makati,Metro Manila,NCR,2023-09-23
CUST-10437,Baguio,Benguet,CAR,2023-11-19
CUST-10438,Bacoor,Cavite,Calabarzon,2023-05-07
CUST-10439,Manila,Metro Manila,NCR,2023-07-10
CUST-10440,Tacloban,Leyte,Eastern Visayas,2023-07-19
CUST-10441,Caloocan,Metro Manila,NCR,2023-07-25
CUST-10442,Cagayan de Oro,Misamis Oriental,Northern Mindanao,2023-11-09
CUST-10443,Angeles,Pampanga,Central Luzon,2023-02-22
CUST-10444,Lipa,Batangas,Calabarzon,2024-01-01
CUST-10445,Bacoor,Cavite,Calabarzon,2023-07-09
CUST-10446,Antipolo,Rizal,Calabarzon,2023-09-25
CUST-10447,Bacolod,Negros Occidental,Western Visayas,2023-05-12
CUST-10448,Cebu City,Cebu,Central Visayas,2023-06-15
CUST-10449,Iloilo City,Iloilo,Western Visayas,2023-08-14
CUST-10450,Bacoor,Cavite,Calabarzon,2023-06-20
CUST-10451,Taguig,Metro Manila,NCR,2023-10-11
CUST-10452,Quezon City,Metro Manila,NCR,2023-11-15
CUST-10453,Iloilo City,Iloilo,Western Visayas,2023-02-05
CUST-10454,Bacoor,Cavite,Calabarzon,2023-05-23
CUST-10455,Lipa,Batangas,Calabarzon,2023-05-08
CUST-10456,Santa Rosa,Laguna,Calabarzon,2023-01-02
CUST-10457,Bacoor,Cavite,Calabarzon,2023-02-05
CUST-10458,Cebu City,Cebu,Central Visayas,2023-06-02
CUST-10459,Baguio,Benguet,CAR,2023-03-18
CUST-10460,Zamboanga City,Zamboanga del Sur,Zamboanga Peninsula,2023-06-23
CUST-10461,Manila,Metro Manila,NCR,2023-10-07
CUST-10462,Malolos,Bulacan,Central Luzon,2023-05-19
CUST-10463,Quezon City,Metro Manila,NCR,2023-02-02
CUST-10464,Bacolod,Negros Occidental,Western Visayas,2023-02-14
CUST-10465,Baguio,Benguet,CAR,2023-07-01
CUST-10466,Bacoor,Cavite,Calabarzon,2023-01-21
CUST-10467,Bacolod,Negros Occidental,Western Visayas,2023-10-21
CUST-10468,Santa Rosa,Laguna,Calabarzon,2023-12-18
CUST-10469,Taguig,Metro Manila,NCR,2023-08-07
CUST-10470,Santa Rosa,Laguna,Calabarzon,2023-10-19
CUST-10471,Quezon City,Metro Manila,NCR,2023-01-17
CUST-10472,Davao City,Davao del Sur,Davao Region,2023-11-20
CUST-10473,Mandaue,Cebu,Central Visayas,2023-06-20
CUST-10474,Iloilo City,Iloilo,Western Visayas,2023-03-26
CUST-10475,Davao City,Davao del Sur,Davao Region,2023-11-22
CUST-10476,Bacolod,Negros Occidental,Western Visayas,2023-12-16
CUST-10477,Bacoor,Cavite,Calabarzon,2023-06-13
CUST-10478,Manila,Metro Manila,NCR,2023-02-06
CUST-10479,Antipolo,Rizal,Calabarzon,2023-12-27
CUST-10480,Cagayan de Oro,Misamis Oriental,Northern Mindanao,2023-12-25
CUST-10481,Cagayan de Oro,Misamis Oriental,Northern Mindanao,2023-01-29
CUST-10482,Iloilo City,Iloilo,Western Visayas,2023-05-27
CUST-10483,Makati,Metro Manila,NCR,2023-04-20
CUST-10484,Makati,Metro Manila,NCR,2023-09-23
CUST-10485,Davao City,Davao del Sur,Davao Region,2023-09-09
CUST-10486,Manila,Metro Manila,NCR,2023-07-14
CUST-10487,Malolos,Bulacan,Central Luzon,2023-10-15
CUST-10488,Antipolo,Rizal,Calabarzon,2023-07-24
CUST-10489,Pasig,Metro Manila,NCR,2023-01-18
CUST-10490,Cebu City,Cebu,Central Visayas,2023-04-03
CUST-10491,Zamboanga City,Zamboanga del Sur,Zamboanga Peninsula,2023-02-18
CUST-10492,Iloilo City,Iloilo,Western Visayas,2023-07-04
CUST-10493,Santa Rosa,Laguna,Calabarzon,2023-03-20
CUST-10494,Bacoor,Cavite,Calabarzon,2023-08-01
CUST-10495,Davao City,Davao del Sur,Davao Region,2023-05-21
CUST-10496,Malolos,Bulacan,Central Luzon,2023-04-10
CUST-10497,Lipa,Batangas,Calabarzon,2023-03-06
CUST-10498,Cebu City,Cebu,Central Visayas,2023-01-29
CUST-10499,Taguig,Metro Manila,NCR,2023-11-24
CUST-10500,Quezon City,Metro Manila,NCR,2023-03-18
CUST-10501,Davao City,Davao del Sur,Davao Region,2023-04-17
CUST-10502,Baguio,Benguet,CAR,2023-04-08
CUST-10503,Manila,Metro Manila,NCR,2023-12-27
CUST-10504,Pasig,Metro Manila,NCR,2023-07-07
CUST-10505,General Santos,South Cotabato,SOCCSKSARGEN,2023-01-16
CUST-10506,Legazpi,Albay,Bicol,2023-02-07
CUST-10507,Legazpi,Albay,Bicol,2023-10-09
CUST-10508,Quezon City,Metro Manila,NCR,2023-07-08
CUST-10509,Zamboanga City,Zamboanga del Sur,Zamboanga Peninsula,2023-02-20
CUST-10510,Davao City,Davao del Sur,Davao Region,2023-01-27
CUST-10511,Angeles,Pampanga,Central Luzon,2023-09-03
CUST-10512,Pasig,Metro Manila,NCR,2023-03-14
CUST-10513,Cebu City,Cebu,Central Visayas,2023-03-03
CUST-10514,Tacloban,Leyte,Eastern Visayas,2023-11-08
CUST-10515,Bacolod,Negros Occidental,Western Visayas,2023-12-21
CUST-10516,General Santos,South Cotabato,SOCCSKSARGEN,2023-12-15
CUST-10517,Legazpi,Albay,Bicol,2023-11-09
CUST-10518,Pasig,Metro Manila,NCR,2023-04-06
CUST-10519,Lipa,Batangas,Calabarzon,2023-08-12
CUST-10520,Bacolod,Negros Occidental,Western Visayas,2023-04-26
CUST-10521,Taguig,Metro Manila,NCR,2023-11-30
CUST-10522,Taguig,Metro Manila,NCR,2023-05-27
CUST-10523,Cebu City,Cebu,Central Visayas,2023-04-05
CUST-10524,Bacoor,Cavite,Calabarzon,2023-01-10
CUST-10525,Bacolod,Negros Occidental,Western Visayas,2023-09-07
CUST-10526,Manila,Metro Manila,NCR,2023-06-16
CUST-10527,Caloocan,Metro Manila,NCR,2023-07-09
CUST-10528,Taguig,Metro Manila,NCR,2023-08-28
CUST-10529,Cebu City,Cebu,Central Visayas,2023-05-13
CUST-10530,Iloilo City,Iloilo,Western Visayas,2023-06-09
CUST-10531,Santa Rosa,Laguna,Calabarzon,2023-03-03
CUST-10532,Santa Rosa,Laguna,Calabarzon,2023-12-22
CUST-10533,Manila,Metro Manila,NCR,2023-10-13
CUST-10534,Cebu City,Cebu,Central Visayas,2023-06-04
CUST-10535,General Santos,South Cotabato,SOCCSKSARGEN,2023-06-06
CUST-10536,Iloilo City,Iloilo,Western Visayas,2023-02-06
CUST-10537,Makati,Metro Manila,NCR,2023-04-30
CUST-10538,Baguio,Benguet,CAR,2023-12-31
CUST-10539,Pasig,Metro Manila,NCR,2023-07-07
CUST-10540,Quezon City,Metro Manila,NCR,2023-02-27
CUST-10541,Makati,Metro Manila,NCR,2023-02-17
CUST-10542,Quezon City,Metro Manila,NCR,2023-03-15
CUST-10543,Makati,Metro Manila,NCR,2023-07-11
CUST-10544,Bacolod,Negros Occidental,Western Visayas,2023-11-24
CUST-10545,Pasig,Metro Manila,NCR,2023-10-16
CUST-10546,Iloilo City,Iloilo,Western Visayas,2023-02-26
CUST-10547,Cagayan de Oro,Misamis Oriental,Northern Mindanao,2023-08-30
CUST-10548,Malolos,Bulacan,Central Luzon,2023-03-29
CUST-10549,Santa Rosa,Laguna,Calabarzon,2023-12-19
CUST-10550,Iloilo City,Iloilo,Western Visayas,2023-07-06
CUST-10551,Quezon City,Metro Manila,NCR,2023-01-20
CUST-10552,Bacoor,Cavite,Calabarzon,2023-10-04
CUST-10553,Lipa,Batangas,Calabarzon,2023-12-21
CUST-10554,Tacloban,Leyte,Eastern Visayas,2023-09-18
CUST-10555,Bacolod,Negros Occidental,Western Visayas,2023-12-09
CUST-10556,Davao City,Davao del Sur,Davao Region,2023-05-23
CUST-10557,Cebu City,Cebu,Central Visayas,2023-10-24
CUST-10558,Angeles,Pampanga,Central Luzon,2023-10-04
CUST-10559,Tacloban,Leyte,Eastern Visayas,2023-06-01
CUST-10560,Davao City,Davao del Sur,Davao Region,2023-09-05
CUST-10561,Santa Rosa,Laguna,Calabarzon,2023-05-09
CUST-10562,General Santos,South Cotabato,SOCCSKSARGEN,2023-01-27
CUST-10563,Davao City,Davao del Sur,Davao Region,2023-01-27
CUST-10564,Lipa,Batangas,Calabarzon,2023-04-10
CUST-10565,Quezon City,Metro Manila,NCR,2023-01-13
CUST-10566,Makati,Metro Manila,NCR,2023-04-08
CUST-10567,Iloilo City,Iloilo,Western Visayas,2023-12-08
CUST-10568,Manila,Metro Manila,NCR,2023-01-18
CUST-10569,Santa Rosa,Laguna,Calabarzon,2023-06-09
CUST-10570,Malolos,Bulacan,Central Luzon,2023-12-30
CUST-10571,Davao City,Davao del Sur,Davao Region,2023-05-20
CUST-10572,Davao City,Davao del Sur,Davao Region,2023-10-04
CUST-10573,Iloilo City,Iloilo,Western Visayas,2023-06-20
CUST-10574,Bacoor,Cavite,Calabarzon,2023-05-06
CUST-10575,Manila,Metro Manila,NCR,2023-12-22
CUST-10576,Cebu City,Cebu,Central Visayas,2023-07-26
CUST-10577,Makati,Metro Manila,NCR,2023-12-12
CUST-10578,Angeles,Pampanga,Central Luzon,2023-11-21
CUST-10579,General Santos,South Cotabato,SOCCSKSARGEN,2023-10-16
CUST-10580,Angeles,Pampanga,Central Luzon,2023-03-22
CUST-10581,Legazpi,Albay,Bicol,2023-08-04
CUST-10582,Cebu City,Cebu,Central Visayas,2023-12-15
CUST-10583,Tacloban,Leyte,Eastern Visayas,2023-04-04
CUST-10584,Bacoor,Cavite,Calabarzon,2023-06-17
CUST-10585,Lipa,Batangas,Calabarzon,2023-11-11
CUST-10586,Manila,Metro Manila,NCR,2023-06-10
CUST-10587,Baguio,Benguet,CAR,2023-10-03
CUST-10588,Pasig,Metro Manila,NCR,2023-05-14
CUST-10589,Lipa,Batangas,Calabarzon,2023-01-21
CUST-10590,Iloilo City,Iloilo,Western Visayas,2023-09-08
CUST-10591,Quezon City,Metro Manila,NCR,2023-04-04
CUST-10592,Angeles,Pampanga,Central Luzon,2023-12-24
CUST-10593,Manila,Metro Manila,NCR,2023-08-06
CUST-10594,Pasig,Metro Manila,NCR,2023-02-11
CUST-10595,Quezon City,Metro Manila,NCR,2023-12-05
CUST-10596,Manila,Metro Manila,NCR,2023-01-27
CUST-10597,General Santos,South Cotabato,SOCCSKSARGEN,2023-11-28
CUST-10598,General Santos,South Cotabato,SOCCSKSARGEN,2023-07-10
CUST-10599,Cebu City,Cebu,Central Visayas,2023-10-27
CUST-10600,Baguio,Benguet,CAR,2023-12-25
CUST-10601,Iloilo City,Iloilo,Western Visayas,2023-08-27
CUST-10602,Davao City,Davao del Sur,Davao Region,2023-06-03
CUST-10603,Lipa,Batangas,Calabarzon,2023-04-13
CUST-10604,Quezon City,Metro Manila,NCR,2023-09-08
CUST-10605,Cebu City,Cebu,Central Visayas,2023-07-06
CUST-10606,General Santos,South Cotabato,SOCCSKSARGEN,2023-10-27
CUST-10607,Taguig,Metro Manila,NCR,2023-04-10
CUST-10608,Santa Rosa,Laguna,Calabarzon,2023-11-01
CUST-10609,Antipolo,Rizal,Calabarzon,2023-02-21
CUST-10610,Antipolo,Rizal,Calabarzon,2023-10-28
CUST-10611,Cebu City,Cebu,Central Visayas,2023-05-04
CUST-10612,Antipolo,Rizal,Calabarzon,2023-09-03
CUST-10613,Cagayan de Oro,Misamis Oriental,Northern Mindanao,2023-01-03
CUST-10614,Bacolod,Negros Occidental,Western Visayas,2023-09-21
CUST-10615,Quezon City,Metro Manila,NCR,2023-01-20
CUST-10616,Bacolod,Negros Occidental,Western Visayas,2023-03-02
CUST-10617,Iloilo City,Iloilo,Western Visayas,2023-07-15
CUST-10618,Lipa,Batangas,Calabarzon,2023-07-05
CUST-10619,Lipa,Batangas,Calabarzon,2023-08-25
CUST-10620,Tacloban,Leyte,Eastern Visayas,2023-07-29
CUST-10621,Bacoor,Cavite,Calabarzon,2023-07-15
CUST-10622,Manila,Metro Manila,NCR,2023-11-09
CUST-10623,Pasig,Metro Manila,NCR,2023-09-06
CUST-10624,Taguig,Metro Manila,NCR,2023-02-16
CUST-10625,Cebu City,Cebu,Central Visayas,2023-01-09
CUST-10626,Makati,Metro Manila,NCR,2023-12-12
CUST-10627,Legazpi,Albay,Bicol,2023-04-09
CUST-10628,Santa Rosa,Laguna,Calabarzon,2023-10-06
CUST-10629,Tacloban,Leyte,Eastern Visayas,2023-05-08
CUST-10630,Santa Rosa,Laguna,Calabarzon,2023-05-20
CUST-10631,Cagayan de Oro,Misamis Oriental,Northern Mindanao,2023-02-15
CUST-10632,Davao City,Davao del Sur,Davao Region,2023-04-20
CUST-10633,Makati,Metro Manila,NCR,2023-03-07
CUST-10634,Cebu City,Cebu,Central Visayas,2023-03-15
CUST-10635,Makati,Metro Manila,NCR,2023-05-10
CUST-10636,Tacloban,Leyte,Eastern Visayas,2023-08-05
CUST-10637,Legazpi,Albay,Bicol,2023-08-31
CUST-10638,Pasig,Metro Manila,NCR,2023-08-28
CUST-10639,Taguig,Metro Manila,NCR,2023-08-24
CUST-10640,Bacoor,Cavite,Calabarzon,2023-09-18
CUST-10641,Bacolod,Negros Occidental,Western Visayas,2023-09-10
CUST-10642,Bacolod,Negros Occidental,Western Visayas,2023-06-08
CUST-10643,Quezon City,Metro Manila,NCR,2023-09-25
CUST-10644,Pasig,Metro Manila,NCR,2023-08-27
CUST-10645,Bacoor,Cavite,Calabarzon,2023-04-18
CUST-10646,Malolos,Bulacan,Central Luzon,2023-09-04
CUST-10647,Manila,Metro Manila,NCR,2023-11-24
CUST-10648,Caloocan,Metro Manila,NCR,2023-12-26
CUST-10649,Davao City,Davao del Sur,Davao Region,2023-03-28
CUST-10650,Santa Rosa,Laguna,Calabarzon,2023-01-20
CUST-10651,Mandaue,Cebu,Central Visayas,2023-04-27
CUST-10652,Santa Rosa,Laguna,Calabarzon,2023-12-10
CUST-10653,Santa Rosa,Laguna,Calabarzon,2023-06-10
CUST-10654,Baguio,Benguet,CAR,2023-09-25
CUST-10655,Taguig,Metro Manila,NCR,2023-09-06
CUST-10656,Taguig,Metro Manila,NCR,2023-01-30
CUST-10657,General Santos,South Cotabato,SOCCSKSARGEN,2023-03-07
CUST-10658,Davao City,Davao del Sur,Davao Region,2023-04-08
CUST-10659,Mandaue,Cebu,Central Visayas,2023-07-03
CUST-10660,Manila,Metro Manila,NCR,2023-06-04
CUST-10661,Quezon City,Metro Manila,NCR,2023-02-01
CUST-10662,Manila,Metro Manila,NCR,2023-05-05
CUST-10663,Cagayan de Oro,Misamis Oriental,Northern Mindanao,2023-06-04
CUST-10664,Bacolod,Negros Occidental,Western Visayas,2023-11-27
CUST-10665,Lipa,Batangas,Calabarzon,2023-01-03
CUST-10666,Zamboanga City,Zamboanga del Sur,Zamboanga Peninsula,2023-03-12
CUST-10667,Manila,Metro Manila,NCR,2023-08-21
CUST-10668,Angeles,Pampanga,Central Luzon,2023-10-02
CUST-10669,Makati,Metro Manila,NCR,2023-01-13
CUST-10670,Pasig,Metro Manila,NCR,2023-01-17
CUST-10671,Cagayan de Oro,Misamis Oriental,Northern Mindanao,2023-08-01
CUST-10672,Davao City,Davao del Sur,Davao Region,2023-10-09
CUST-10673,Quezon City,Metro Manila,NCR,2023-03-16
CUST-10674,Taguig,Metro Manila,NCR,2023-05-18
CUST-10675,Malolos,Bulacan,Central Luzon,2023-02-07
CUST-10676,Quezon City,Metro Manila,NCR,2023-06-16
CUST-10677,Angeles,Pampanga,Central Luzon,2023-06-14
CUST-10678,Malolos,Bulacan,Central Luzon,2023-11-10
CUST-10679,Pasig,Metro Manila,NCR,2023-05-26
CUST-10680,Pasig,Metro Manila,NCR,2023-08-22
CUST-10681,Taguig,Metro Manila,NCR,2023-10-19
CUST-10682,Cagayan de Oro,Misamis Oriental,Northern Mindanao,2023-03-22
CUST-10683,Antipolo,Rizal,Calabarzon,2023-08-28
CUST-10684,Malolos,Bulacan,Central Luzon,2023-10-16
CUST-10685,Pasig,Metro Manila,NCR,2023-01-16
CUST-10686,Cebu City,Cebu,Central Visayas,2023-01-15
CUST-10687,Quezon City,Metro Manila,NCR,2023-07-05
CUST-10688,Quezon City,Metro Manila,NCR,2023-09-16
CUST-10689,Mandaue,Cebu,Central Visayas,2023-11-03
CUST-10690,Mandaue,Cebu,Central Visayas,2023-05-18
CUST-10691,Taguig,Metro Manila,NCR,2023-05-24
CUST-10692,Caloocan,Metro Manila,NCR,2023-05-21
CUST-10693,Zamboanga City,Zamboanga del Sur,Zamboanga Peninsula,2023-03-27
CUST-10694,Quezon City,Metro Manila,NCR,2023-07-14
CUST-10695,Makati,Metro Manila,NCR,2023-04-27
CUST-10696,Bacoor,Cavite,Calabarzon,2023-05-07
CUST-10697,Pasig,Metro Manila,NCR,2023-03-17
CUST-10698,Legazpi,Albay,Bicol,2023-04-05
CUST-10699,Cebu City,Cebu,Central Visayas,2023-12-19
CUST-10700,Angeles,Pampanga,Central Luzon,2023-05-21
CUST-10701,Baguio,Benguet,CAR,2023-01-10
CUST-10702,Bacoor,Cavite,Calabarzon,2023-06-11
CUST-10703,Iloilo City,Iloilo,Western Visayas,2023-06-22
CUST-10704,Quezon City,Metro Manila,NCR,2023-05-25
CUST-10705,Pasig,Metro Manila,NCR,2023-06-11
CUST-10706,Cebu City,Cebu,Central Visayas,2023-08-08
CUST-10707,Caloocan,Metro Manila,NCR,2023-01-04
CUST-10708,Quezon City,Metro Manila,NCR,2023-12-07
CUST-10709,Caloocan,Metro Manila,NCR,2023-03-10
CUST-10710,Cebu City,Cebu,Central Visayas,2023-11-04
CUST-10711,Manila,Metro Manila,NCR,2023-10-18
CUST-10712,Cebu City,Cebu,Central Visayas,2023-05-25
CUST-10713,Iloilo City,Iloilo,Western Visayas,2023-05-14
CUST-10714,Legazpi,Albay,Bicol,2023-01-28
CUST-10715,Taguig,Metro Manila,NCR,2023-09-16
CUST-10716,Bacolod,Negros Occidental,Western Visayas,2023-12-23
CUST-10717,Makati,Metro Manila,NCR,2023-09-30
CUST-10718,Davao City,Davao del Sur,Davao Region,2023-06-17
CUST-10719,Cebu City,Cebu,Central Visayas,2023-08-24
CUST-10720,Quezon City,Metro Manila,NCR,2023-10-01
CUST-10721,Bacolod,Negros Occidental,Western Visayas,2023-02-02
CUST-10722,Lipa,Batangas,Calabarzon,2023-06-10
CUST-10723,Santa Rosa,Laguna,Calabarzon,2023-05-01
CUST-10724,Bacoor,Cavite,Calabarzon,2023-04-03
CUST-10725,Malolos,Bulacan,Central Luzon,2023-08-05
CUST-10726,Cebu City,Cebu,Central Visayas,2023-04-08
CUST-10727,Davao City,Davao del Sur,Davao Region,2023-01-15
CUST-10728,Taguig,Metro Manila,NCR,2023-04-12
CUST-10729,Baguio,Benguet,CAR,2023-09-15
CUST-10730,Cebu City,Cebu,Central Visayas,2023-03-23
CUST-10731,Cebu City,Cebu,Central Visayas,2023-10-07
CUST-10732,Lipa,Batangas,Calabarzon,2023-12-06
CUST-10733,Antipolo,Rizal,Calabarzon,2023-07-23
CUST-10734,Iloilo City,Iloilo,Western Visayas,2023-06-30
CUST-10735,Pasig,Metro Manila,NCR,2023-07-14
CUST-10736,Makati,Metro Manila,NCR,2023-09-28
CUST-10737,Angeles,Pampanga,Central Luzon,2023-09-24
CUST-10738,Taguig,Metro Manila,NCR,2023-01-30
CUST-10739,Quezon City,Metro Manila,NCR,2023-09-17
CUST-10740,Quezon City,Metro Manila,NCR,2023-03-22
CUST-10741,Cebu City,Cebu,Central Visayas,2023-09-29
CUST-10742,Zamboanga City,Zamboanga del Sur,Zamboanga Peninsula,2023-11-23
CUST-10743,Santa Rosa,Laguna,Calabarzon,2023-12-09
CUST-10744,Manila,Metro Manila,NCR,2023-10-05
CUST-10745,Bacolod,Negros Occidental,Western Visayas,2023-02-28
CUST-10746,Taguig,Metro Manila,NCR,2023-07-19
CUST-10747,General Santos,South Cotabato,SOCCSKSARGEN,2023-04-23
CUST-10748,Angeles,Pampanga,Central Luzon,2023-01-15
CUST-10749,Taguig,Metro Manila,NCR,2023-12-15
CUST-10750,Lipa,Batangas,Calabarzon,2023-11-22
CUST-10751,Caloocan,Metro Manila,NCR,2023-01-31
CUST-10752,Iloilo City,Iloilo,Western Visayas,2023-06-08
CUST-10753,Quezon City,Metro Manila,NCR,2023-05-21
CUST-10754,Davao City,Davao del Sur,Davao Region,2023-08-30
CUST-10755,Iloilo City,Iloilo,Western Visayas,2023-03-06
CUST-10756,Davao City,Davao del Sur,Davao Region,2023-05-11
CUST-10757,Davao City,Davao del Sur,Davao Region,2023-09-29
CUST-10758,Taguig,Metro Manila,NCR,2023-05-10
CUST-10759,Lipa,Batangas,Calabarzon,2023-12-31
CUST-10760,Davao City,Davao del Sur,Davao Region,2023-10-06
CUST-10761,Antipolo,Rizal,Calabarzon,2023-10-19
CUST-10762,Quezon City,Metro Manila,NCR,2023-03-21
CUST-10763,Pasig,Metro Manila,NCR,2023-04-08
CUST-10764,Taguig,Metro Manila,NCR,2023-11-29
CUST-10765,Davao City,Davao del Sur,Davao Region,2023-02-05
CUST-10766,Santa Rosa,Laguna,Calabarzon,2023-03-09
CUST-10767,Cebu City,Cebu,Central Visayas,2023-07-27
CUST-10768,Zamboanga City,Zamboanga del Sur,Zamboanga Peninsula,2023-10-16
CUST-10769,Pasig,Metro Manila,NCR,2023-08-01
CUST-10770,Iloilo City,Iloilo,Western Visayas,2023-05-31
CUST-10771,Quezon City,Metro Manila,NCR,2023-05-17
CUST-10772,Quezon City,Metro Manila,NCR,2023-08-28
CUST-10773,Manila,Metro Manila,NCR,2023-11-25
CUST-10774,Pasig,Metro Manila,NCR,2023-05-24
CUST-10775,Antipolo,Rizal,Calabarzon,2023-04-19
CUST-10776,Santa Rosa,Laguna,Calabarzon,2023-09-26
CUST-10777,Taguig,Metro Manila,NCR,2023-05-13
CUST-10778,Quezon City,Metro Manila,NCR,2023-06-08
CUST-10779,Cebu City,Cebu,Central Visayas,2023-07-03
CUST-10780,Quezon City,Metro Manila,NCR,2023-12-30
CUST-10781,Bacolod,Negros Occidental,Western Visayas,2023-09-11
CUST-10782,Cagayan de Oro,Misamis Oriental,Northern Mindanao,2023-08-18
CUST-10783,Cebu City,Cebu,Central Visayas,2023-03-03
CUST-10784,Malolos,Bulacan,Central Luzon,2023-03-06
CUST-10785,Cebu City,Cebu,Central Visayas,2023-02-17
CUST-10786,Legazpi,Albay,Bicol,2023-07-17
CUST-10787,Cagayan de Oro,Misamis Oriental,Northern Mindanao,2023-09-04
CUST-10788,Zamboanga City,Zamboanga del Sur,Zamboanga Peninsula,2023-07-03
CUST-10789,Bacoor,Cavite,Calabarzon,2023-03-19
CUST-10790,Baguio,Benguet,CAR,2023-05-20
CUST-10791,Bacolod,Negros Occidental,Western Visayas,2023-05-27
CUST-10792,Quezon City,Metro Manila,NCR,2023-07-27
CUST-10793,Angeles,Pampanga,Central Luzon,2023-04-22
CUST-10794,Legazpi,Albay,Bicol,2023-02-19
CUST-10795,Cebu City,Cebu,Central Visayas,2023-05-03
CUST-10796,Antipolo,Rizal,Calabarzon,2023-08-07
CUST-10797,Pasig,Metro Manila,NCR,2023-03-01
CUST-10798,Makati,Metro Manila,NCR,2023-01-22
CUST-10799,Angeles,Pampanga,Central Luzon,2023-03-17
CUST-10800,Cagayan de Oro,Misamis Oriental,Northern Mindanao,2023-02-15
CUST-10801,Davao City,Davao del Sur,Davao Region,2023-09-27
CUST-10802,Antipolo,Rizal,Calabarzon,2023-08-01
CUST-10803,Taguig,Metro Manila,NCR,2023-10-02
CUST-10804,Bacolod,Negros Occidental,Western Visayas,2023-08-21
CUST-10805,Cebu City,Cebu,Central Visayas,2023-04-09
CUST-10806,Lipa,Batangas,Calabarzon,2023-04-30
CUST-10807,Antipolo,Rizal,Calabarzon,2023-12-31
CUST-10808,Manila,Metro Manila,NCR,2023-04-01
CUST-10809,Iloilo City,Iloilo,Western Visayas,2023-10-23
CUST-10810,Baguio,Benguet,CAR,2023-10-26
CUST-10811,Antipolo,Rizal,Calabarzon,2023-06-17
CUST-10812,Cagayan de Oro,Misamis Oriental,Northern Mindanao,2023-10-06
CUST-10813,Cebu City,Cebu,Central Visayas,2023-01-15
CUST-10814,Cagayan de Oro,Misamis Oriental,Northern Mindanao,2023-11-09
CUST-10815,Santa Rosa,Laguna,Calabarzon,2023-11-07
CUST-10816,Santa Rosa,Laguna,Calabarzon,2023-03-30
CUST-10817,Cagayan de Oro,Misamis Oriental,Northern Mindanao,2023-09-19
CUST-10818,Zamboanga City,Zamboanga del Sur,Zamboanga Peninsula,2023-04-16
CUST-10819,Zamboanga City,Zamboanga del Sur,Zamboanga Peninsula,2023-04-28
CUST-10820,Bacolod,Negros Occidental,Western Visayas,2023-10-24
CUST-10821,Santa Rosa,Laguna,Calabarzon,2023-06-04
CUST-10822,Makati,Metro Manila,NCR,2023-06-20
CUST-10823,Antipolo,Rizal,Calabarzon,2023-11-28
CUST-10824,Cagayan de Oro,Misamis Oriental,Northern Mindanao,2023-03-29
CUST-10825,Antipolo,Rizal,Calabarzon,2023-02-23
CUST-10826,Iloilo City,Iloilo,Western Visayas,2023-01-21
CUST-10827,Cagayan de Oro,Misamis Oriental,Northern Mindanao,2023-11-30
CUST-10828,Zamboanga City,Zamboanga del Sur,Zamboanga Peninsula,2023-10-28
CUST-10829,Cagayan de Oro,Misamis Oriental,Northern Mindanao,2023-03-06
CUST-10830,Angeles,Pampanga,Central Luzon,2023-09-12
CUST-10831,Lipa,Batangas,Calabarzon,2023-05-18
CUST-10832,General Santos,South Cotabato,SOCCSKSARGEN,2023-08-27
CUST-10833,Makati,Metro Manila,NCR,2023-10-14
CUST-10834,Makati,Metro Manila,NCR,2023-05-18
CUST-10835,Zamboanga City,Zamboanga del Sur,Zamboanga Peninsula,2023-10-18
CUST-10836,Cebu City,Cebu,Central Visayas,2023-11-13
CUST-10837,Angeles,Pampanga,Central Luzon,2023-06-22
CUST-10838,Manila,Metro Manila,NCR,2023-10-23
CUST-10839,Lipa,Batangas,Calabarzon,2023-10-23
CUST-10840,Cagayan de Oro,Misamis Oriental,Northern Mindanao,2023-03-23
CUST-10841,Malolos,Bulacan,Central Luzon,2023-06-23
CUST-10842,Antipolo,Rizal,Calabarzon,2023-06-18
CUST-10843,Angeles,Pampanga,Central Luzon,2023-11-10
CUST-10844,Davao City,Davao del Sur,Davao Region,2023-11-04
CUST-10845,Davao City,Davao del Sur,Davao Region,2023-08-12
CUST-10846,Antipolo,Rizal,Calabarzon,2023-08-13
CUST-10847,Baguio,Benguet,CAR,2023-07-21
CUST-10848,Pasig,Metro Manila,NCR,2023-11-13
CUST-10849,Bacoor,Cavite,Calabarzon,2023-02-08
CUST-10850,Makati,Metro Manila,NCR,2023-08-22
CUST-10851,Angeles,Pampanga,Central Luzon,2023-03-10
CUST-10852,Malolos,Bulacan,Central Luzon,2023-08-08
CUST-10853,Caloocan,Metro Manila,NCR,2023-07-13
CUST-10854,Taguig,Metro Manila,NCR,2023-11-22
CUST-10855,Manila,Metro Manila,NCR,2023-04-30
CUST-10856,Manila,Metro Manila,NCR,2023-12-11
CUST-10857,Cebu City,Cebu,Central Visayas,2023-04-04
CUST-10858,Makati,Metro Manila,NCR,2023-02-14
CUST-10859,Manila,Metro Manila,NCR,2023-08-23
CUST-10860,General Santos,South Cotabato,SOCCSKSARGEN,2023-02-12
CUST-10861,Taguig,Metro Manila,NCR,2023-04-21
CUST-10862,Davao City,Davao del Sur,Davao Region,2024-01-01
CUST-10863,Baguio,Benguet,CAR,2023-10-19
CUST-10864,Cebu City,Cebu,Central Visayas,2023-05-12
CUST-10865,Angeles,Pampanga,Central Luzon,2023-04-20
CUST-10866,Makati,Metro Manila,NCR,2023-11-28
CUST-10867,Davao City,Davao del Sur,Davao Region,2023-04-27
CUST-10868,Tacloban,Leyte,Eastern Visayas,2023-03-12
CUST-10869,Caloocan,Metro Manila,NCR,2023-11-29
CUST-10870,Iloilo City,Iloilo,Western Visayas,2023-02-14
CUST-10871,Angeles,Pampanga,Central Luzon,2023-06-21
CUST-10872,Davao City,Davao del Sur,Davao Region,2023-05-21
CUST-10873,Bacolod,Negros Occidental,Western Visayas,2023-12-14
CUST-10874,Quezon City,Metro Manila,NCR,2023-05-23
CUST-10875,Davao City,Davao del Sur,Davao Region,2023-07-20
CUST-10876,Zamboanga City,Zamboanga del Sur,Zamboanga Peninsula,2023-08-19
CUST-10877,Mandaue,Cebu,Central Visayas,2023-03-23
CUST-10878,Manila,Metro Manila,NCR,2023-10-02
CUST-10879,Bacolod,Negros Occidental,Western Visayas,2023-12-11
CUST-10880,Legazpi,Albay,Bicol,2023-07-03
CUST-10881,Caloocan,Metro Manila,NCR,2023-04-05
CUST-10882,Davao City,Davao del Sur,Davao Region,2023-11-14
CUST-10883,Angeles,Pampanga,Central Luzon,2023-01-07
CUST-10884,Davao City,Davao del Sur,Davao Region,2023-05-01
CUST-10885,Cebu City,Cebu,Central Visayas,2023-01-26
CUST-10886,Pasig,Metro Manila,NCR,2023-07-14
CUST-10887,Zamboanga City,Zamboanga del Sur,Zamboanga Peninsula,2023-11-18
CUST-10888,Angeles,Pampanga,Central Luzon,2023-10-29
CUST-10889,Lipa,Batangas,Calabarzon,2023-07-03
CUST-10890,Antipolo,Rizal,Calabarzon,2023-06-01
CUST-10891,Manila,Metro Manila,NCR,2023-04-09
CUST-10892,Cebu City,Cebu,Central Visayas,2023-03-17
CUST-10893,Bacoor,Cavite,Calabarzon,2023-03-29
CUST-10894,Cagayan de Oro,Misamis Oriental,Northern Mindanao,2023-06-01
CUST-10895,Zamboanga City,Zamboanga del Sur,Zamboanga Peninsula,2023-12-26
CUST-10896,Iloilo City,Iloilo,Western Visayas,2023-06-22
CUST-10897,Taguig,Metro Manila,NCR,2023-03-08
CUST-10898,Cebu City,Cebu,Central Visayas,2023-02-26
CUST-10899,Quezon City,Metro Manila,NCR,2023-03-03
CUST-10900,Tacloban,Leyte,Eastern Visayas,2023-12-29
CUST-10901,Lipa,Batangas,Calabarzon,2023-07-27
CUST-10902,Cagayan de Oro,Misamis Oriental,Northern Mindanao,2023-05-21
CUST-10903,Antipolo,Rizal,Calabarzon,2023-10-03
CUST-10904,Taguig,Metro Manila,NCR,2023-08-05
CUST-10905,General Santos,South Cotabato,SOCCSKSARGEN,2023-11-27
CUST-10906,Angeles,Pampanga,Central Luzon,2023-10-23
CUST-10907,Davao City,Davao del Sur,Davao Region,2023-12-30
CUST-10908,Davao City,Davao del Sur,Davao Region,2023-01-09
CUST-10909,Lipa,Batangas,Calabarzon,2023-02-22
CUST-10910,Santa Rosa,Laguna,Calabarzon,2023-08-07
CUST-10911,Angeles,Pampanga,Central Luzon,2023-12-31
CUST-10912,Davao City,Davao del Sur,Davao Region,2023-09-01
CUST-10913,Zamboanga City,Zamboanga del Sur,Zamboanga Peninsula,2023-07-27
CUST-10914,Caloocan,Metro Manila,NCR,2023-11-01
CUST-10915,Mandaue,Cebu,Central Visayas,2023-05-05
CUST-10916,Pasig,Metro Manila,NCR,2023-01-02
CUST-10917,Baguio,Benguet,CAR,2023-02-27
CUST-10918,Bacolod,Negros Occidental,Western Visayas,2023-02-23
CUST-10919,Davao City,Davao del Sur,Davao Region,2023-03-04
CUST-10920,Bacoor,Cavite,Calabarzon,2023-12-07
CUST-10921,Antipolo,Rizal,Calabarzon,2023-06-14
CUST-10922,Taguig,Metro Manila,NCR,2023-06-09
CUST-10923,Manila,Metro Manila,NCR,2023-11-26
CUST-10924,Antipolo,Rizal,Calabarzon,2023-11-09
CUST-10925,Davao City,Davao del Sur,Davao Region,2023-06-09
CUST-10926,Bacoor,Cavite,Calabarzon,2023-04-15
CUST-10927,Pasig,Metro Manila,NCR,2023-10-17
CUST-10928,Mandaue,Cebu,Central Visayas,2023-07-09
CUST-10929,Makati,Metro Manila,NCR,2023-12-05
CUST-10930,Taguig,Metro Manila,NCR,2023-11-22
CUST-10931,Cagayan de Oro,Misamis Oriental,Northern Mindanao,2023-06-04
CUST-10932,Quezon City,Metro Manila,NCR,2023-06-12
CUST-10933,Bacoor,Cavite,Calabarzon,2023-04-03
CUST-10934,Malolos,Bulacan,Central Luzon,2023-02-03
CUST-10935,Taguig,Metro Manila,NCR,2023-10-24
CUST-10936,Pasig,Metro Manila,NCR,2023-08-30
CUST-10937,Makati,Metro Manila,NCR,2023-02-23
CUST-10938,Caloocan,Metro Manila,NCR,2023-12-14
CUST-10939,Davao City,Davao del Sur,Davao Region,2023-03-05
CUST-10940,Bacoor,Cavite,Calabarzon,2023-01-21
CUST-10941,Bacoor,Cavite,Calabarzon,2023-11-26
CUST-10942,Antipolo,Rizal,Calabarzon,2023-11-11
CUST-10943,Zamboanga City,Zamboanga del Sur,Zamboanga Peninsula,2023-04-27
CUST-10944,Manila,Metro Manila,NCR,2023-07-12
CUST-10945,Davao City,Davao del Sur,Davao Region,2023-01-06
CUST-10946,Caloocan,Metro Manila,NCR,2023-06-17
CUST-10947,Zamboanga City,Zamboanga del Sur,Zamboanga Peninsula,2023-05-07
CUST-10948,Pasig,Metro Manila,NCR,2023-10-07
CUST-10949,Quezon City,Metro Manila,NCR,2023-09-05
CUST-10950,Lipa,Batangas,Calabarzon,2023-10-29
CUST-10951,Taguig,Metro Manila,NCR,2023-11-09
CUST-10952,Iloilo City,Iloilo,Western Visayas,2023-11-21
CUST-10953,Cebu City,Cebu,Central Visayas,2023-02-10
CUST-10954,Cebu City,Cebu,Central Visayas,2023-12-07
CUST-10955,Makati,Metro Manila,NCR,2023-06-27
CUST-10956,Cebu City,Cebu,Central Visayas,2023-06-30
CUST-10957,Pasig,Metro Manila,NCR,2023-12-12
CUST-10958,General Santos,South Cotabato,SOCCSKSARGEN,2023-02-28
CUST-10959,Mandaue,Cebu,Central Visayas,2023-07-03
CUST-10960,Malolos,Bulacan,Central Luzon,2023-11-16
CUST-10961,Davao City,Davao del Sur,Davao Region,2023-11-16
CUST-10962,Malolos,Bulacan,Central Luzon,2023-04-21
CUST-10963,Angeles,Pampanga,Central Luzon,2023-05-20
CUST-10964,Taguig,Metro Manila,NCR,2023-08-04
CUST-10965,Cebu City,Cebu,Central Visayas,2023-08-07
CUST-10966,Antipolo,Rizal,Calabarzon,2023-12-20
CUST-10967,Quezon City,Metro Manila,NCR,2023-12-21
CUST-10968,Bacolod,Negros Occidental,Western Visayas,2023-06-20
CUST-10969,Quezon City,Metro Manila,NCR,2023-08-22
CUST-10970,Cebu City,Cebu,Central Visayas,2023-10-02
CUST-10971,Manila,Metro Manila,NCR,2023-08-16
CUST-10972,Bacoor,Cavite,Calabarzon,2023-05-26
CUST-10973,Davao City,Davao del Sur,Davao Region,2023-09-16
CUST-10974,Quezon City,Metro Manila,NCR,2023-08-27
CUST-10975,Cebu City,Cebu,Central Visayas,2023-09-20
CUST-10976,Baguio,Benguet,CAR,2023-05-03
CUST-10977,Davao City,Davao del Sur,Davao Region,2023-12-13
CUST-10978,Manila,Metro Manila,NCR,2023-01-31
CUST-10979,Bacolod,Negros Occidental,Western Visayas,2023-06-13
CUST-10980,Bacoor,Cavite,Calabarzon,2023-10-04
CUST-10981,Bacoor,Cavite,Calabarzon,2023-03-30
CUST-10982,Antipolo,Rizal,Calabarzon,2023-01-23
CUST-10983,Antipolo,Rizal,Calabarzon,2023-12-11
CUST-10984,Lipa,Batangas,Calabarzon,2023-10-19
CUST-10985,Quezon City,Metro Manila,NCR,2023-11-10
CUST-10986,Bacoor,Cavite,Calabarzon,2023-12-07
CUST-10987,Legazpi,Albay,Bicol,2023-04-07
CUST-10988,Lipa,Batangas,Calabarzon,2023-10-23
CUST-10989,Manila,Metro Manila,NCR,2023-08-15
CUST-10990,Antipolo,Rizal,Calabarzon,2023-03-10
CUST-10991,Bacoor,Cavite,Calabarzon,2023-05-23
CUST-10992,Cebu City,Cebu,Central Visayas,2023-04-29
CUST-10993,Davao City,Davao del Sur,Davao Region,2023-11-27
CUST-10994,Angeles,Pampanga,Central Luzon,2023-01-12
CUST-10995,Cebu City,Cebu,Central Visayas,2023-12-02
CUST-10996,Quezon City,Metro Manila,NCR,2023-04-17
CUST-10997,Zamboanga City,Zamboanga del Sur,Zamboanga Peninsula,2023-05-13
CUST-10998,Pasig,Metro Manila,NCR,2023-08-04
CUST-10999,Caloocan,Metro Manila,NCR,2023-03-02
CUST-11000,Makati,Metro Manila,NCR,2023-02-10
CUST-11001,Quezon City,Metro Manila,NCR,2023-12-07
CUST-11002,Bacolod,Negros Occidental,Western Visayas,2023-01-17
CUST-11003,Taguig,Metro Manila,NCR,2023-10-05
CUST-11004,Pasig,Metro Manila,NCR,2023-03-19
CUST-11005,Makati,Metro Manila,NCR,2023-03-08
CUST-11006,Zamboanga City,Zamboanga del Sur,Zamboanga Peninsula,2023-06-12
CUST-11007,Iloilo City,Iloilo,Western Visayas,2023-02-20
CUST-11008,Cagayan de Oro,Misamis Oriental,Northern Mindanao,2023-03-06
CUST-11009,Davao City,Davao del Sur,Davao Region,2023-06-25
CUST-11010,Davao City,Davao del Sur,Davao Region,2023-10-28
CUST-11011,Santa Rosa,Laguna,Calabarzon,2023-07-27
CUST-11012,Manila,Metro Manila,NCR,2023-02-07
CUST-11013,Caloocan,Metro Manila,NCR,2023-10-20
CUST-11014,Pasig,Metro Manila,NCR,2023-01-02
CUST-11015,Cebu City,Cebu,Central Visayas,2023-10-27
CUST-11016,Quezon City,Metro Manila,NCR,2023-05-04
CUST-11017,Manila,Metro Manila,NCR,2023-05-13
CUST-11018,Cebu City,Cebu,Central Visayas,2023-10-22
CUST-11019,Manila,Metro Manila,NCR,2023-07-13
CUST-11020,Quezon City,Metro Manila,NCR,2023-11-10
CUST-11021,Manila,Metro Manila,NCR,2023-08-21
CUST-11022,Cebu City,Cebu,Central Visayas,2023-01-16
CUST-11023,Manila,Metro Manila,NCR,2023-12-13
CUST-11024,Manila,Metro Manila,NCR,2023-02-17
CUST-11025,Taguig,Metro Manila,NCR,2023-04-29
CUST-11026,Iloilo City,Iloilo,Western Visayas,2023-04-03
CUST-11027,Makati,Metro Manila,NCR,2023-09-21
CUST-11028,Quezon City,Metro Manila,NCR,2023-01-20
CUST-11029,Davao City,Davao del Sur,Davao Region,2023-10-01
CUST-11030,Davao City,Davao del Sur,Davao Region,2023-07-02
CUST-11031,Makati,Metro Manila,NCR,2023-12-19
CUST-11032,Taguig,Metro Manila,NCR,2023-02-11
CUST-11033,Makati,Metro Manila,NCR,2023-04-19
CUST-11034,Cebu City,Cebu,Central Visayas,2023-11-03
CUST-11035,Taguig,Metro Manila,NCR,2023-05-05
CUST-11036,Cagayan de Oro,Misamis Oriental,Northern Mindanao,2023-10-27
CUST-11037,Tacloban,Leyte,Eastern Visayas,2023-07-23
CUST-11038,Malolos,Bulacan,Central Luzon,2023-06-28
CUST-11039,Quezon City,Metro Manila,NCR,2023-01-27
CUST-11040,Davao City,Davao del Sur,Davao Region,2023-09-02
CUST-11041,Mandaue,Cebu,Central Visayas,2023-12-28
CUST-11042,Bacolod,Negros Occidental,Western Visayas,2023-07-28
CUST-11043,Quezon City,Metro Manila,NCR,2023-01-28
CUST-11044,Cebu City,Cebu,Central Visayas,2023-03-16
CUST-11045,Bacolod,Negros Occidental,Western Visayas,2023-12-11
CUST-11046,Zamboanga City,Zamboanga del Sur,Zamboanga Peninsula,2023-12-13
CUST-11047,Malolos,Bulacan,Central Luzon,2023-03-31
CUST-11048,Lipa,Batangas,Calabarzon,2023-04-13
CUST-11049,Bacoor,Cavite,Calabarzon,2023-06-12
CUST-11050,Cebu City,Cebu,Central Visayas,2023-11-30
CUST-11051,Cagayan de Oro,Misamis Oriental,Northern Mindanao,2023-09-21
CUST-11052,Malolos,Bulacan,Central Luzon,2023-02-26
CUST-11053,Taguig,Metro Manila,NCR,2023-11-12
CUST-11054,Quezon City,Metro Manila,NCR,2023-10-20
CUST-11055,Baguio,Benguet,CAR,2023-07-20
CUST-11056,Davao City,Davao del Sur,Davao Region,2023-04-08
CUST-11057,Quezon City,Metro Manila,NCR,2023-03-05
CUST-11058,Antipolo,Rizal,Calabarzon,2023-05-30
CUST-11059,Cagayan de Oro,Misamis Oriental,Northern Mindanao,2023-07-06
CUST-11060,Lipa,Batangas,Calabarzon,2023-08-14
CUST-11061,Makati,Metro Manila,NCR,2023-12-17
CUST-11062,Caloocan,Metro Manila,NCR,2023-09-26
CUST-11063,Bacoor,Cavite,Calabarzon,2023-10-15
CUST-11064,Manila,Metro Manila,NCR,2023-12-12
CUST-11065,Cebu City,Cebu,Central Visayas,2023-04-05
CUST-11066,Malolos,Bulacan,Central Luzon,2023-08-26
CUST-11067,Legazpi,Albay,Bicol,2023-06-29
CUST-11068,Baguio,Benguet,CAR,2023-10-20
CUST-11069,Quezon City,Metro Manila,NCR,2023-05-31
CUST-11070,Manila,Metro Manila,NCR,2023-11-13
CUST-11071,Manila,Metro Manila,NCR,2023-04-29
CUST-11072,Quezon City,Metro Manila,NCR,2023-04-07
CUST-11073,Mandaue,Cebu,Central Visayas,2023-09-10
CUST-11074,Manila,Metro Manila,NCR,2023-10-16
CUST-11075,Cebu City,Cebu,Central Visayas,2023-03-23
CUST-11076,Manila,Metro Manila,NCR,2023-10-12
CUST-11077,Manila,Metro Manila,NCR,2023-10-28
CUST-11078,Manila,Metro Manila,NCR,2023-08-30
CUST-11079,Lipa,Batangas,Calabarzon,2023-01-14
CUST-11080,Legazpi,Albay,Bicol,2023-07-17
CUST-11081,Bacolod,Negros Occidental,Western Visayas,2023-09-28
CUST-11082,Manila,Metro Manila,NCR,2023-06-28
CUST-11083,Baguio,Benguet,CAR,2023-08-27
CUST-11084,Iloilo City,Iloilo,Western Visayas,2023-05-04
CUST-11085,Pasig,Metro Manila,NCR,2023-07-25
CUST-11086,Quezon City,Metro Manila,NCR,2023-06-01
CUST-11087,Manila,Metro Manila,NCR,2023-07-26
CUST-11088,Quezon City,Metro Manila,NCR,2023-07-10
CUST-11089,Davao City,Davao del Sur,Davao Region,2023-07-22
CUST-11090,Antipolo,Rizal,Calabarzon,2023-08-11
CUST-11091,Lipa,Batangas,Calabarzon,2023-01-15
CUST-11092,Iloilo City,Iloilo,Western Visayas,2023-09-26
CUST-11093,Antipolo,Rizal,Calabarzon,2023-03-14
CUST-11094,Legazpi,Albay,Bicol,2023-04-17
CUST-11095,Quezon City,Metro Manila,NCR,2023-06-23
CUST-11096,Santa Rosa,Laguna,Calabarzon,2023-09-08
CUST-11097,Quezon City,Metro Manila,NCR,2023-07-09
CUST-11098,Taguig,Metro Manila,NCR,2023-02-25
CUST-11099,Pasig,Metro Manila,NCR,2023-10-27
CUST-11100,Cebu City,Cebu,Central Visayas,2023-06-02
CUST-11101,Cebu City,Cebu,Central Visayas,2023-03-28
CUST-11102,Mandaue,Cebu,Central Visayas,2023-05-15
CUST-11103,Quezon City,Metro Manila,NCR,2023-11-10
CUST-11104,General Santos,South Cotabato,SOCCSKSARGEN,2023-06-30
CUST-11105,Quezon City,Metro Manila,NCR,2023-10-27
CUST-11106,Tacloban,Leyte,Eastern Visayas,2023-01-28
CUST-11107,Mandaue,Cebu,Central Visayas,2023-08-26
CUST-11108,Malolos,Bulacan,Central Luzon,2023-08-01
CUST-11109,Bacoor,Cavite,Calabarzon,2023-02-23
CUST-11110,Iloilo City,Iloilo,Western Visayas,2023-07-30
CUST-11111,Mandaue,Cebu,Central Visayas,2023-10-23
CUST-11112,Manila,Metro Manila,NCR,2023-02-10
CUST-11113,Bacolod,Negros Occidental,Western Visayas,2023-05-10
CUST-11114,Quezon City,Metro Manila,NCR,2023-05-26
CUST-11115,Lipa,Batangas,Calabarzon,2023-12-05
CUST-11116,Legazpi,Albay,Bicol,2023-07-22
CUST-11117,Tacloban,Leyte,Eastern Visayas,2023-07-18
CUST-11118,Santa Rosa,Laguna,Calabarzon,2023-09-28
CUST-11119,Taguig,Metro Manila,NCR,2023-06-09
CUST-11120,Lipa,Batangas,Calabarzon,2023-10-04
CUST-11121,Taguig,Metro Manila,NCR,2023-07-14
CUST-11122,Angeles,Pampanga,Central Luzon,2023-03-15
CUST-11123,Santa Rosa,Laguna,Calabarzon,2023-04-08
CUST-11124,Iloilo City,Iloilo,Western Visayas,2023-09-21
CUST-11125,Taguig,Metro Manila,NCR,2023-10-18
CUST-11126,Makati,Metro Manila,NCR,2023-12-30
CUST-11127,Santa Rosa,Laguna,Calabarzon,2023-08-28
CUST-11128,Quezon City,Metro Manila,NCR,2023-12-25
CUST-11129,Taguig,Metro Manila,NCR,2023-11-16
CUST-11130,Caloocan,Metro Manila,NCR,2023-01-09
CUST-11131,Santa Rosa,Laguna,Calabarzon,2023-02-23
CUST-11132,Taguig,Metro Manila,NCR,2023-06-11
CUST-11133,Angeles,Pampanga,Central Luzon,2023-03-25
CUST-11134,Davao City,Davao del Sur,Davao Region,2023-07-07
CUST-11135,Angeles,Pampanga,Central Luzon,2023-05-27
CUST-11136,Pasig,Metro Manila,NCR,2023-01-31
CUST-11137,Quezon City,Metro Manila,NCR,2023-12-04
CUST-11138,Manila,Metro Manila,NCR,2023-08-26
CUST-11139,Angeles,Pampanga,Central Luzon,2023-11-19
CUST-11140,Cebu City,Cebu,Central Visayas,2023-03-17
CUST-11141,Quezon City,Metro Manila,NCR,2023-03-07
CUST-11142,Makati,Metro Manila,NCR,2023-04-13
CUST-11143,Pasig,Metro Manila,NCR,2023-05-24
CUST-11144,Pasig,Metro Manila,NCR,2023-07-11
CUST-11145,Zamboanga City,Zamboanga del Sur,Zamboanga Peninsula,2023-12-24
CUST-11146,Makati,Metro Manila,NCR,2023-03-25
CUST-11147,Quezon City,Metro Manila,NCR,2023-02-09
CUST-11148,Caloocan,Metro Manila,NCR,2023-01-14
CUST-11149,Manila,Metro Manila,NCR,2023-08-30
CUST-11150,Manila,Metro Manila,NCR,2023-10-20
CUST-11151,Bacoor,Cavite,Calabarzon,2023-05-08
CUST-11152,Pasig,Metro Manila,NCR,2023-12-26
CUST-11153,Quezon City,Metro Manila,NCR,2023-12-11
CUST-11154,Malolos,Bulacan,Central Luzon,2023-03-08
CUST-11155,Lipa,Batangas,Calabarzon,2023-01-17
CUST-11156,Quezon City,Metro Manila,NCR,2023-08-07
CUST-11157,Davao City,Davao del Sur,Davao Region,2023-06-30
CUST-11158,Pasig,Metro Manila,NCR,2023-06-17
CUST-11159,Zamboanga City,Zamboanga del Sur,Zamboanga Peninsula,2023-11-12
CUST-11160,Cagayan de Oro,Misamis Oriental,Northern Mindanao,2023-10-12
CUST-11161,Bacoor,Cavite,Calabarzon,2023-09-15
CUST-11162,Taguig,Metro Manila,NCR,2023-02-28
CUST-11163,Tacloban,Leyte,Eastern Visayas,2023-07-26
CUST-11164,Antipolo,Rizal,Calabarzon,2023-04-13
CUST-11165,Manila,Metro Manila,NCR,2023-10-23
CUST-11166,Angeles,Pampanga,Central Luzon,2023-01-19
CUST-11167,Lipa,Batangas,Calabarzon,2023-02-13
CUST-11168,Davao City,Davao del Sur,Davao Region,2023-07-12
CUST-11169,Mandaue,Cebu,Central Visayas,2023-10-11
CUST-11170,Davao City,Davao del Sur,Davao Region,2023-01-10
CUST-11171,Mandaue,Cebu,Central Visayas,2023-03-13
CUST-11172,Legazpi,Albay,Bicol,2023-06-29
CUST-11173,Lipa,Batangas,Calabarzon,2023-09-26
CUST-11174,General Santos,South Cotabato,SOCCSKSARGEN,2023-05-20
CUST-11175,Zamboanga City,Zamboanga del Sur,Zamboanga Peninsula,2023-08-19
CUST-11176,Davao City,Davao del Sur,Davao Region,2023-04-30
CUST-11177,Iloilo City,Iloilo,Western Visayas,2023-03-04
CUST-11178,Malolos,Bulacan,Central Luzon,2023-07-07
CUST-11179,Taguig,Metro Manila,NCR,2023-12-15
CUST-11180,Davao City,Davao del Sur,Davao Region,2023-06-10
CUST-11181,Quezon City,Metro Manila,NCR,2023-02-22
CUST-11182,Taguig,Metro Manila,NCR,2023-10-12
CUST-11183,Antipolo,Rizal,Calabarzon,2023-01-16
CUST-11184,Malolos,Bulacan,Central Luzon,2023-08-22
CUST-11185,Angeles,Pampanga,Central Luzon,2023-04-27
CUST-11186,Manila,Metro Manila,NCR,2023-04-20
CUST-11187,Quezon City,Metro Manila,NCR,2023-10-27
CUST-11188,Makati,Metro Manila,NCR,2023-12-18
CUST-11189,Caloocan,Metro Manila,NCR,2023-01-20
CUST-11190,Quezon City,Metro Manila,NCR,2023-04-21
CUST-11191,Cebu City,Cebu,Central Visayas,2023-05-16
CUST-11192,Taguig,Metro Manila,NCR,2023-09-13
CUST-11193,Caloocan,Metro Manila,NCR,2023-11-23
CUST-11194,Caloocan,Metro Manila,NCR,2023-09-24
CUST-11195,Lipa,Batangas,Calabarzon,2023-06-16
CUST-11196,Davao City,Davao del Sur,Davao Region,2023-04-23
CUST-11197,Manila,Metro Manila,NCR,2023-09-07
CUST-11198,Caloocan,Metro Manila,NCR,2023-10-15
CUST-11199,Cebu City,Cebu,Central Visayas,2023-10-02
CUST-11200,Quezon City,Metro Manila,NCR,2023-01-15
CUST-11201,Tacloban,Leyte,Eastern Visayas,2023-05-16
CUST-11202,Zamboanga City,Zamboanga del Sur,Zamboanga Peninsula,2023-01-05
CUST-11203,Baguio,Benguet,CAR,2023-12-30
CUST-11204,Zamboanga City,Zamboanga del Sur,Zamboanga Peninsula,2023-07-18
CUST-11205,Bacoor,Cavite,Calabarzon,2023-07-19
CUST-11206,Bacoor,Cavite,Calabarzon,2023-08-08
CUST-11207,Quezon City,Metro Manila,NCR,2023-08-12
CUST-11208,Quezon City,Metro Manila,NCR,2023-12-04
CUST-11209,Taguig,Metro Manila,NCR,2023-12-21
CUST-11210,Santa Rosa,Laguna,Calabarzon,2023-03-23
CUST-11211,Lipa,Batangas,Calabarzon,2023-07-25
CUST-11212,Makati,Metro Manila,NCR,2023-11-03
CUST-11213,Baguio,Benguet,CAR,2023-08-28
CUST-11214,Makati,Metro Manila,NCR,2023-01-26
CUST-11215,Caloocan,Metro Manila,NCR,2023-07-15
CUST-11216,Makati,Metro Manila,NCR,2023-01-05
CUST-11217,Cebu City,Cebu,Central Visayas,2023-11-04
CUST-11218,Lipa,Batangas,Calabarzon,2023-11-18
CUST-11219,Mandaue,Cebu,Central Visayas,2023-06-10
CUST-11220,Quezon City,Metro Manila,NCR,2023-04-27
CUST-11221,Bacoor,Cavite,Calabarzon,2023-01-08
CUST-11222,Zamboanga City,Zamboanga del Sur,Zamboanga Peninsula,2023-07-15
CUST-11223,Quezon City,Metro Manila,NCR,2023-10-20
CUST-11224,Bacoor,Cavite,Calabarzon,2023-06-18
CUST-11225,Quezon City,Metro Manila,NCR,2023-09-11
CUST-11226,Manila,Metro Manila,NCR,2023-10-28
CUST-11227,Santa Rosa,Laguna,Calabarzon,2023-11-30
CUST-11228,Manila,Metro Manila,NCR,2023-04-12
CUST-11229,Lipa,Batangas,Calabarzon,2023-05-12
CUST-11230,Cagayan de Oro,Misamis Oriental,Northern Mindanao,2023-11-02
CUST-11231,Makati,Metro Manila,NCR,2023-06-12
CUST-11232,Manila,Metro Manila,NCR,2023-02-12
CUST-11233,Tacloban,Leyte,Eastern Visayas,2023-03-09
CUST-11234,Santa Rosa,Laguna,Calabarzon,2023-07-20
CUST-11235,Davao City,Davao del Sur,Davao Region,2023-12-12
CUST-11236,Pasig,Metro Manila,NCR,2023-05-15
CUST-11237,Baguio,Benguet,CAR,2023-06-27
CUST-11238,Cagayan de Oro,Misamis Oriental,Northern Mindanao,2023-01-30
CUST-11239,Manila,Metro Manila,NCR,2023-06-14
CUST-11240,Bacolod,Negros Occidental,Western Visayas,2023-04-07
CUST-11241,Legazpi,Albay,Bicol,2023-06-23
CUST-11242,Bacolod,Negros Occidental,Western Visayas,2023-06-18
CUST-11243,Manila,Metro Manila,NCR,2023-09-08
CUST-11244,Bacoor,Cavite,Calabarzon,2023-08-08
CUST-11245,Manila,Metro Manila,NCR,2023-09-15
CUST-11246,Zamboanga City,Zamboanga del Sur,Zamboanga Peninsula,2023-07-17
CUST-11247,Quezon City,Metro Manila,NCR,2023-01-19
CUST-11248,Quezon City,Metro Manila,NCR,2023-08-30
CUST-11249,Davao City,Davao del Sur,Davao Region,2023-07-16
CUST-11250,Pasig,Metro Manila,NCR,2023-01-21
CUST-11251,Malolos,Bulacan,Central Luzon,2023-11-07
CUST-11252,Pasig,Metro Manila,NCR,2023-10-01
CUST-11253,Legazpi,Albay,Bicol,2023-07-05
CUST-11254,Makati,Metro Manila,NCR,2023-08-05
CUST-11255,Santa Rosa,Laguna,Calabarzon,2023-08-30
CUST-11256,Angeles,Pampanga,Central Luzon,2023-03-23
CUST-11257,Caloocan,Metro Manila,NCR,2023-07-03
CUST-11258,Taguig,Metro Manila,NCR,2023-08-22
CUST-11259,Manila,Metro Manila,NCR,2023-07-11
CUST-11260,Cebu City,Cebu,Central Visayas,2023-02-12
CUST-11261,Manila,Metro Manila,NCR,2023-01-07
CUST-11262,Pasig,Metro Manila,NCR,2023-10-05
CUST-11263,Caloocan,Metro Manila,NCR,2023-12-18
CUST-11264,Santa Rosa,Laguna,Calabarzon,2023-12-21
CUST-11265,Cebu City,Cebu,Central Visayas,2023-07-23
CUST-11266,Bacoor,Cavite,Calabarzon,2023-05-17
CUST-11267,Davao City,Davao del Sur,Davao Region,2023-12-14
CUST-11268,Cebu City,Cebu,Central Visayas,2023-06-30
CUST-11269,Tacloban,Leyte,Eastern Visayas,2023-08-09
CUST-11270,Cebu City,Cebu,Central Visayas,2023-01-26
CUST-11271,Manila,Metro Manila,NCR,2023-05-26
CUST-11272,General Santos,South Cotabato,SOCCSKSARGEN,2023-07-31
CUST-11273,Bacolod,Negros Occidental,Western Visayas,2023-06-01
CUST-11274,Malolos,Bulacan,Central Luzon,2023-11-13
CUST-11275,Manila,Metro Manila,NCR,2023-07-12
CUST-11276,Manila,Metro Manila,NCR,2023-09-03
CUST-11277,Baguio,Benguet,CAR,2023-10-27
CUST-11278,Bacoor,Cavite,Calabarzon,2023-08-11
CUST-11279,Cebu City,Cebu,Central Visayas,2023-05-13
CUST-11280,Antipolo,Rizal,Calabarzon,2023-06-03
CUST-11281,Lipa,Batangas,Calabarzon,2023-01-15
CUST-11282,Makati,Metro Manila,NCR,2023-09-23
CUST-11283,Manila,Metro Manila,NCR,2023-04-21
CUST-11284,Quezon City,Metro Manila,NCR,2023-06-15
CUST-11285,Bacolod,Negros Occidental,Western Visayas,2023-02-17
CUST-11286,Angeles,Pampanga,Central Luzon,2023-02-04
CUST-11287,Cagayan de Oro,Misamis Oriental,Northern Mindanao,2023-04-18
CUST-11288,Mandaue,Cebu,Central Visayas,2023-07-31
CUST-11289,Iloilo City,Iloilo,Western Visayas,2023-06-21
CUST-11290,Lipa,Batangas,Calabarzon,2023-05-09
CUST-11291,Bacolod,Negros Occidental,Western Visayas,2023-03-13
CUST-11292,Cagayan de Oro,Misamis Oriental,Northern Mindanao,2023-10-10
CUST-11293,Cebu City,Cebu,Central Visayas,2023-02-17
CUST-11294,Quezon City,Metro Manila,NCR,2023-03-15
CUST-11295,Legazpi,Albay,Bicol,2023-11-30
CUST-11296,Manila,Metro Manila,NCR,2023-09-25
CUST-11297,Quezon City,Metro Manila,NCR,2023-10-07
CUST-11298,Cebu City,Cebu,Central Visayas,2023-06-04
CUST-11299,Tacloban,Leyte,Eastern Visayas,2023-10-17
CUST-11300,Manila,Metro Manila,NCR,2023-09-14
CUST-11301,Quezon City,Metro Manila,NCR,2023-10-24
CUST-11302,Davao City,Davao del Sur,Davao Region,2023-12-08
CUST-11303,Manila,Metro Manila,NCR,2023-07-18
CUST-11304,Quezon City,Metro Manila,NCR,2023-09-07
CUST-11305,Cebu City,Cebu,Central Visayas,2023-07-01
CUST-11306,Davao City,Davao del Sur,Davao Region,2023-10-16
CUST-11307,Lipa,Batangas,Calabarzon,2023-09-19
CUST-11308,Angeles,Pampanga,Central Luzon,2023-02-10
CUST-11309,Caloocan,Metro Manila,NCR,2023-03-14
CUST-11310,Taguig,Metro Manila,NCR,2023-09-26
CUST-11311,Iloilo City,Iloilo,Western Visayas,2023-11-03
CUST-11312,Davao City,Davao del Sur,Davao Region,2023-01-11
CUST-11313,Pasig,Metro Manila,NCR,2023-04-28
CUST-11314,Pasig,Metro Manila,NCR,2023-07-06
CUST-11315,Taguig,Metro Manila,NCR,2023-04-21
CUST-11316,Quezon City,Metro Manila,NCR,2023-10-13
CUST-11317,Pasig,Metro Manila,NCR,2023-07-29
CUST-11318,Quezon City,Metro Manila,NCR,2023-08-12
CUST-11319,Bacolod,Negros Occidental,Western Visayas,2023-04-13
CUST-11320,Taguig,Metro Manila,NCR,2023-10-27
CUST-11321,Cebu City,Cebu,Central Visayas,2023-07-07
CUST-11322,Angeles,Pampanga,Central Luzon,2023-03-03
CUST-11323,Tacloban,Leyte,Eastern Visayas,2023-10-22
CUST-11324,Zamboanga City,Zamboanga del Sur,Zamboanga Peninsula,2023-11-19
CUST-11325,Antipolo,Rizal,Calabarzon,2023-03-08
CUST-11326,Quezon City,Metro Manila,NCR,2023-02-17
CUST-11327,Mandaue,Cebu,Central Visayas,2023-07-28
CUST-11328,Quezon City,Metro Manila,NCR,2023-12-16
CUST-11329,Makati,Metro Manila,NCR,2023-06-18
CUST-11330,Quezon City,Metro Manila,NCR,2023-09-14
CUST-11331,Davao City,Davao del Sur,Davao Region,2023-06-01
CUST-11332,Quezon City,Metro Manila,NCR,2023-11-11
CUST-11333,Lipa,Batangas,Calabarzon,2023-03-14
CUST-11334,Bacoor,Cavite,Calabarzon,2023-04-26
CUST-11335,Legazpi,Albay,Bicol,2023-05-11
CUST-11336,Pasig,Metro Manila,NCR,2023-06-29
CUST-11337,Davao City,Davao del Sur,Davao Region,2023-10-13
CUST-11338,Mandaue,Cebu,Central Visayas,2023-01-24
CUST-11339,Bacoor,Cavite,Calabarzon,2023-09-26
CUST-11340,Antipolo,Rizal,Calabarzon,2023-08-21
CUST-11341,Bacolod,Negros Occidental,Western Visayas,2023-01-28
CUST-11342,Iloilo City,Iloilo,Western Visayas,2023-12-18
CUST-11343,Antipolo,Rizal,Calabarzon,2023-11-17
CUST-11344,Caloocan,Metro Manila,NCR,2023-03-29
CUST-11345,Quezon City,Metro Manila,NCR,2023-08-20
CUST-11346,Quezon City,Metro Manila,NCR,2023-06-04
CUST-11347,Quezon City,Metro Manila,NCR,2023-06-04
CUST-11348,Quezon City,Metro Manila,NCR,2023-03-05
CUST-11349,Manila,Metro Manila,NCR,2023-05-20
CUST-11350,Davao City,Davao del Sur,Davao Region,2023-07-30
CUST-11351,Bacolod,Negros Occidental,Western Visayas,2023-06-15
CUST-11352,Davao City,Davao del Sur,Davao Region,2023-04-07
CUST-11353,Baguio,Benguet,CAR,2023-08-16
CUST-11354,Baguio,Benguet,CAR,2023-10-31
CUST-11355,Manila,Metro Manila,NCR,2023-07-08
CUST-11356,Cebu City,Cebu,Central Visayas,2023-01-02
CUST-11357,Pasig,Metro Manila,NCR,2023-11-22
CUST-11358,Lipa,Batangas,Calabarzon,2023-10-30
CUST-11359,Zamboanga City,Zamboanga del Sur,Zamboanga Peninsula,2023-01-03
CUST-11360,Davao City,Davao del Sur,Davao Region,2023-03-05
CUST-11361,Taguig,Metro Manila,NCR,2023-11-20
CUST-11362,Mandaue,Cebu,Central Visayas,2023-10-16
CUST-11363,Quezon City,Metro Manila,NCR,2023-04-24
CUST-11364,Quezon City,Metro Manila,NCR,2023-03-22
CUST-11365,Quezon City,Metro Manila,NCR,2023-04-09
CUST-11366,Manila,Metro Manila,NCR,2023-02-21
CUST-11367,Cebu City,Cebu,Central Visayas,2023-07-01
CUST-11368,Antipolo,Rizal,Calabarzon,2023-02-16
CUST-11369,Quezon City,Metro Manila,NCR,2023-05-29
CUST-11370,General Santos,South Cotabato,SOCCSKSARGEN,2023-07-12
CUST-11371,Angeles,Pampanga,Central Luzon,2023-05-14
CUST-11372,Antipolo,Rizal,Calabarzon,2023-07-29
CUST-11373,Lipa,Batangas,Calabarzon,2023-05-25
CUST-11374,Lipa,Batangas,Calabarzon,2023-03-03
CUST-11375,Santa Rosa,Laguna,Calabarzon,2023-01-17
CUST-11376,Baguio,Benguet,CAR,2023-06-04
CUST-11377,Davao City,Davao del Sur,Davao Region,2023-12-30
CUST-11378,Pasig,Metro Manila,NCR,2023-05-20
CUST-11379,Santa Rosa,Laguna,Calabarzon,2023-10-02
CUST-11380,Quezon City,Metro Manila,NCR,2023-10-07
CUST-11381,Davao City,Davao del Sur,Davao Region,2023-02-14
CUST-11382,Pasig,Metro Manila,NCR,2023-07-23
CUST-11383,Taguig,Metro Manila,NCR,2023-03-19
CUST-11384,General Santos,South Cotabato,SOCCSKSARGEN,2023-08-20
CUST-11385,Malolos,Bulacan,Central Luzon,2023-05-25
CUST-11386,Manila,Metro Manila,NCR,2023-05-04
CUST-11387,Taguig,Metro Manila,NCR,2023-02-09
CUST-11388,Caloocan,Metro Manila,NCR,2023-10-22
CUST-11389,General Santos,South Cotabato,SOCCSKSARGEN,2023-06-11
CUST-11390,Bacoor,Cavite,Calabarzon,2023-08-06
CUST-11391,Taguig,Metro Manila,NCR,2023-07-16
CUST-11392,Angeles,Pampanga,Central Luzon,2023-02-26
CUST-11393,Antipolo,Rizal,Calabarzon,2023-11-13
CUST-11394,Quezon City,Metro Manila,NCR,2023-06-16
CUST-11395,Davao City,Davao del Sur,Davao Region,2023-08-13
CUST-11396,Quezon City,Metro Manila,NCR,2023-02-08
CUST-11397,Davao City,Davao del Sur,Davao Region,2023-10-15
CUST-11398,Bacolod,Negros Occidental,Western Visayas,2023-10-09
CUST-11399,Quezon City,Metro Manila,NCR,2023-11-29
CUST-11400,Cebu City,Cebu,Central Visayas,2023-07-25
CUST-11401,Iloilo City,Iloilo,Western Visayas,2023-12-29
CUST-11402,Malolos,Bulacan,Central Luzon,2023-07-03
CUST-11403,Malolos,Bulacan,Central Luzon,2023-10-12
CUST-11404,Quezon City,Metro Manila,NCR,2023-08-08
CUST-11405,Quezon City,Metro Manila,NCR,2023-05-26
CUST-11406,Mandaue,Cebu,Central Visayas,2023-04-27
CUST-11407,Quezon City,Metro Manila,NCR,2023-12-10
CUST-11408,Taguig,Metro Manila,NCR,2023-11-08
CUST-11409,Lipa,Batangas,Calabarzon,2023-09-08
CUST-11410,Manila,Metro Manila,NCR,2023-06-26
CUST-11411,Bacolod,Negros Occidental,Western Visayas,2023-02-13
CUST-11412,Bacolod,Negros Occidental,Western Visayas,2023-11-12
CUST-11413,Tacloban,Leyte,Eastern Visayas,2023-12-08
CUST-11414,Quezon City,Metro Manila,NCR,2023-05-17
CUST-11415,Bacoor,Cavite,Calabarzon,2023-01-09
CUST-11416,Davao City,Davao del Sur,Davao Region,2023-03-04
CUST-11417,Antipolo,Rizal,Calabarzon,2023-06-09
CUST-11418,Cebu City,Cebu,Central Visayas,2023-12-25
CUST-11419,Malolos,Bulacan,Central Luzon,2023-06-05
CUST-11420,Caloocan,Metro Manila,NCR,2023-07-19
CUST-11421,Pasig,Metro Manila,NCR,2023-07-22
CUST-11422,Legazpi,Albay,Bicol,2023-07-06
CUST-11423,Manila,Metro Manila,NCR,2023-06-11
CUST-11424,Davao City,Davao del Sur,Davao Region,2023-04-14
CUST-11425,Malolos,Bulacan,Central Luzon,2023-10-23
CUST-11426,Manila,Metro Manila,NCR,2023-12-05
CUST-11427,Cebu City,Cebu,Central Visayas,2023-12-14
CUST-11428,Bacoor,Cavite,Calabarzon,2023-08-06
CUST-11429,Makati,Metro Manila,NCR,2023-06-30
CUST-11430,Zamboanga City,Zamboanga del Sur,Zamboanga Peninsula,2023-03-21
CUST-11431,Cebu City,Cebu,Central Visayas,2023-07-27
CUST-11432,Malolos,Bulacan,Central Luzon,2023-06-21
CUST-11433,Davao City,Davao del Sur,Davao Region,2023-01-10
CUST-11434,Angeles,Pampanga,Central Luzon,2023-04-03
CUST-11435,Bacoor,Cavite,Calabarzon,2023-04-24
CUST-11436,Makati,Metro Manila,NCR,2023-08-22
CUST-11437,Manila,Metro Manila,NCR,2023-11-07
CUST-11438,Bacoor,Cavite,Calabarzon,2023-01-31
CUST-11439,Santa Rosa,Laguna,Calabarzon,2023-06-13
CUST-11440,Mandaue,Cebu,Central Visayas,2023-12-04
CUST-11441,Bacoor,Cavite,Calabarzon,2023-07-09
CUST-11442,Malolos,Bulacan,Central Luzon,2023-11-29
CUST-11443,Tacloban,Leyte,Eastern Visayas,2023-01-08
CUST-11444,General Santos,South Cotabato,SOCCSKSARGEN,2023-06-23
CUST-11445,Caloocan,Metro Manila,NCR,2023-03-21
CUST-11446,Davao City,Davao del Sur,Davao Region,2023-07-14
CUST-11447,Bacolod,Negros Occidental,Western Visayas,2023-12-25
CUST-11448,Quezon City,Metro Manila,NCR,2023-05-13
CUST-11449,Caloocan,Metro Manila,NCR,2023-05-08
CUST-11450,Makati,Metro Manila,NCR,2023-10-10
CUST-11451,Cebu City,Cebu,Central Visayas,2023-04-15
CUST-11452,Angeles,Pampanga,Central Luzon,2023-10-11
CUST-11453,Lipa,Batangas,Calabarzon,2023-04-24
CUST-11454,Iloilo City,Iloilo,Western Visayas,2023-04-03
CUST-11455,Caloocan,Metro Manila,NCR,2023-11-12
CUST-11456,Antipolo,Rizal,Calabarzon,2023-09-17
CUST-11457,Davao City,Davao del Sur,Davao Region,2023-11-03
CUST-11458,Zamboanga City,Zamboanga del Sur,Zamboanga Peninsula,2023-04-11
CUST-11459,Iloilo City,Iloilo,Western Visayas,2023-10-08
CUST-11460,Makati,Metro Manila,NCR,2023-05-13
CUST-11461,Manila,Metro Manila,NCR,2023-08-02
CUST-11462,Makati,Metro Manila,NCR,2023-12-02
CUST-11463,Bacoor,Cavite,Calabarzon,2023-02-13
CUST-11464,Taguig,Metro Manila,NCR,2023-04-17
CUST-11465,Davao City,Davao del Sur,Davao Region,2023-09-28
CUST-11466,Cebu City,Cebu,Central Visayas,2023-02-14
CUST-11467,Bacoor,Cavite,Calabarzon,2023-04-18
CUST-11468,Pasig,Metro Manila,NCR,2023-03-09
CUST-11469,Antipolo,Rizal,Calabarzon,2023-10-28
CUST-11470,Santa Rosa,Laguna,Calabarzon,2023-12-29
CUST-11471,Cebu City,Cebu,Central Visayas,2023-12-10
CUST-11472,Quezon City,Metro Manila,NCR,2023-06-19
CUST-11473,Davao City,Davao del Sur,Davao Region,2023-03-20
CUST-11474,Manila,Metro Manila,NCR,2023-02-02
CUST-11475,Taguig,Metro Manila,NCR,2023-01-16
CUST-11476,General Santos,South Cotabato,SOCCSKSARGEN,2023-05-28
CUST-11477,Makati,Metro Manila,NCR,2023-05-16
CUST-11478,Quezon City,Metro Manila,NCR,2023-09-18
CUST-11479,Legazpi,Albay,Bicol,2024-01-01
CUST-11480,Antipolo,Rizal,Calabarzon,2023-10-22
CUST-11481,Quezon City,Metro Manila,NCR,2023-12-12
CUST-11482,Quezon City,Metro Manila,NCR,2023-04-26
CUST-11483,Quezon City,Metro Manila,NCR,2023-07-02
CUST-11484,Lipa,Batangas,Calabarzon,2023-03-26
CUST-11485,Taguig,Metro Manila,NCR,2023-11-08
CUST-11486,Iloilo City,Iloilo,Western Visayas,2023-02-02
CUST-11487,Davao City,Davao del Sur,Davao Region,2023-04-14
CUST-11488,Manila,Metro Manila,NCR,2023-02-05
CUST-11489,Caloocan,Metro Manila,NCR,2023-05-10
CUST-11490,Manila,Metro Manila,NCR,2023-08-31
CUST-11491,Pasig,Metro Manila,NCR,2023-05-18
CUST-11492,Taguig,Metro Manila,NCR,2023-05-26
CUST-11493,Bacolod,Negros Occidental,Western Visayas,2023-10-27
CUST-11494,Caloocan,Metro Manila,NCR,2023-11-25
CUST-11495,Lipa,Batangas,Calabarzon,2023-05-09
CUST-11496,Cebu City,Cebu,Central Visayas,2023-11-28
CUST-11497,Tacloban,Leyte,Eastern Visayas,2023-11-26
CUST-11498,Pasig,Metro Manila,NCR,2023-12-06
CUST-11499,Makati,Metro Manila,NCR,2023-05-19
CUST-11500,General Santos,South Cotabato,SOCCSKSARGEN,2023-01-28
CUST-11501,Pasig,Metro Manila,NCR,2023-07-04
CUST-11502,Cebu City,Cebu,Central Visayas,2023-11-07
CUST-11503,Cebu City,Cebu,Central Visayas,2023-06-28
CUST-11504,Lipa,Batangas,Calabarzon,2023-07-09
CUST-11505,Taguig,Metro Manila,NCR,2023-05-30
CUST-11506,Manila,Metro Manila,NCR,2023-07-27
CUST-11507,Santa Rosa,Laguna,Calabarzon,2023-06-21
CUST-11508,Lipa,Batangas,Calabarzon,2023-09-05
CUST-11509,Iloilo City,Iloilo,Western Visayas,2023-02-05
CUST-11510,Cebu City,Cebu,Central Visayas,2023-06-19
CUST-11511,Davao City,Davao del Sur,Davao Region,2023-09-10
CUST-11512,Zamboanga City,Zamboanga del Sur,Zamboanga Peninsula,2023-12-31
CUST-11513,Mandaue,Cebu,Central Visayas,2023-04-29
CUST-11514,Quezon City,Metro Manila,NCR,2023-08-16
CUST-11515,Bacoor,Cavite,Calabarzon,2023-10-03
CUST-11516,Baguio,Benguet,CAR,2023-07-11
CUST-11517,Malolos,Bulacan,Central Luzon,2023-07-08
CUST-11518,Makati,Metro Manila,NCR,2023-03-14
CUST-11519,Malolos,Bulacan,Central Luzon,2023-06-17
CUST-11520,Caloocan,Metro Manila,NCR,2023-04-21
CUST-11521,Caloocan,Metro Manila,NCR,2023-05-10
CUST-11522,Tacloban,Leyte,Eastern Visayas,2023-02-25
CUST-11523,Bacoor,Cavite,Calabarzon,2023-12-30
CUST-11524,Angeles,Pampanga,Central Luzon,2023-08-17
CUST-11525,Angeles,Pampanga,Central Luzon,2023-04-15
CUST-11526,Angeles,Pampanga,Central Luzon,2023-11-11
CUST-11527,Makati,Metro Manila,NCR,2023-07-24
CUST-11528,Malolos,Bulacan,Central Luzon,2023-08-08
CUST-11529,Caloocan,Metro Manila,NCR,2023-03-13
CUST-11530,Cebu City,Cebu,Central Visayas,2023-01-15
CUST-11531,Manila,Metro Manila,NCR,2023-11-24
CUST-11532,General Santos,South Cotabato,SOCCSKSARGEN,2023-10-15
CUST-11533,Iloilo City,Iloilo,Western Visayas,2023-03-25
CUST-11534,Bacoor,Cavite,Calabarzon,2023-10-30
CUST-11535,Pasig,Metro Manila,NCR,2023-07-04
CUST-11536,Antipolo,Rizal,Calabarzon,2023-01-22
CUST-11537,Cebu City,Cebu,Central Visayas,2023-01-11
CUST-11538,Cebu City,Cebu,Central Visayas,2023-01-20
CUST-11539,Cebu City,Cebu,Central Visayas,2023-11-13
CUST-11540,Davao City,Davao del Sur,Davao Region,2023-11-08
CUST-11541,Santa Rosa,Laguna,Calabarzon,2023-10-29
CUST-11542,Cebu City,Cebu,Central Visayas,2023-03-27
CUST-11543,Bacoor,Cavite,Calabarzon,2023-10-28
CUST-11544,Legazpi,Albay,Bicol,2023-07-29
CUST-11545,Santa Rosa,Laguna,Calabarzon,2023-03-09
CUST-11546,Iloilo City,Iloilo,Western Visayas,2023-07-06
CUST-11547,Quezon City,Metro Manila,NCR,2023-01-23
CUST-11548,Makati,Metro Manila,NCR,2023-07-03
CUST-11549,Pasig,Metro Manila,NCR,2023-08-16
CUST-11550,Cagayan de Oro,Misamis Oriental,Northern Mindanao,2023-01-13
CUST-11551,Lipa,Batangas,Calabarzon,2023-06-16
CUST-11552,Antipolo,Rizal,Calabarzon,2023-10-26
CUST-11553,Antipolo,Rizal,Calabarzon,2023-05-15
CUST-11554,Bacoor,Cavite,Calabarzon,2023-03-25
CUST-11555,Davao City,Davao del Sur,Davao Region,2023-03-01
CUST-11556,Zamboanga City,Zamboanga del Sur,Zamboanga Peninsula,2023-12-30
CUST-11557,Tacloban,Leyte,Eastern Visayas,2023-11-23
CUST-11558,Tacloban,Leyte,Eastern Visayas,2023-05-17
CUST-11559,Makati,Metro Manila,NCR,2023-04-06
CUST-11560,Taguig,Metro Manila,NCR,2023-05-08
CUST-11561,Malolos,Bulacan,Central Luzon,2023-08-15
CUST-11562,Cebu City,Cebu,Central Visayas,2023-04-01
CUST-11563,Makati,Metro Manila,NCR,2023-06-04
CUST-11564,Mandaue,Cebu,Central Visayas,2023-01-29
CUST-11565,Makati,Metro Manila,NCR,2023-08-20
CUST-11566,Taguig,Metro Manila,NCR,2023-04-01
CUST-11567,Pasig,Metro Manila,NCR,2023-11-10
CUST-11568,Davao City,Davao del Sur,Davao Region,2023-04-09
CUST-11569,Mandaue,Cebu,Central Visayas,2023-04-09
CUST-11570,Angeles,Pampanga,Central Luzon,2023-10-01
CUST-11571,Bacolod,Negros Occidental,Western Visayas,2023-12-10
CUST-11572,Bacolod,Negros Occidental,Western Visayas,2023-01-04
CUST-11573,Antipolo,Rizal,Calabarzon,2023-12-05
CUST-11574,Iloilo City,Iloilo,Western Visayas,2023-07-15
CUST-11575,Makati,Metro Manila,NCR,2024-01-01
CUST-11576,Lipa,Batangas,Calabarzon,2023-08-02
CUST-11577,Manila,Metro Manila,NCR,2023-03-08
CUST-11578,Bacoor,Cavite,Calabarzon,2023-07-02
CUST-11579,Lipa,Batangas,Calabarzon,2023-10-06
CUST-11580,Quezon City,Metro Manila,NCR,2023-08-11
CUST-11581,Santa Rosa,Laguna,Calabarzon,2023-11-29
CUST-11582,Legazpi,Albay,Bicol,2023-05-30
CUST-11583,Baguio,Benguet,CAR,2023-12-31
CUST-11584,Quezon City,Metro Manila,NCR,2023-08-27
CUST-11585,Quezon City,Metro Manila,NCR,2023-12-10
CUST-11586,Caloocan,Metro Manila,NCR,2023-10-06
CUST-11587,Tacloban,Leyte,Eastern Visayas,2023-12-08
CUST-11588,Davao City,Davao del Sur,Davao Region,2023-01-28
CUST-11589,Pasig,Metro Manila,NCR,2023-03-26
CUST-11590,Cebu City,Cebu,Central Visayas,2023-01-28
CUST-11591,Malolos,Bulacan,Central Luzon,2023-04-27
CUST-11592,General Santos,South Cotabato,SOCCSKSARGEN,2023-07-04
CUST-11593,Quezon City,Metro Manila,NCR,2023-10-30
CUST-11594,Angeles,Pampanga,Central Luzon,2023-01-15
CUST-11595,Malolos,Bulacan,Central Luzon,2023-02-01
CUST-11596,Pasig,Metro Manila,NCR,2023-08-03
CUST-11597,Quezon City,Metro Manila,NCR,2023-10-11
CUST-11598,Quezon City,Metro Manila,NCR,2023-08-13
CUST-11599,Santa Rosa,Laguna,Calabarzon,2023-08-11
CUST-11600,Cebu City,Cebu,Central Visayas,2023-02-01
CUST-11601,Cebu City,Cebu,Central Visayas,2023-12-08
CUST-11602,Makati,Metro Manila,NCR,2023-05-15
CUST-11603,Davao City,Davao del Sur,Davao Region,2023-03-27
CUST-11604,Antipolo,Rizal,Calabarzon,2023-03-29
CUST-11605,Zamboanga City,Zamboanga del Sur,Zamboanga Peninsula,2023-10-23
CUST-11606,Manila,Metro Manila,NCR,2023-08-04
CUST-11607,Tacloban,Leyte,Eastern Visayas,2023-08-30
CUST-11608,Davao City,Davao del Sur,Davao Region,2023-08-06
CUST-11609,Tacloban,Leyte,Eastern Visayas,2023-12-01
CUST-11610,Bacolod,Negros Occidental,Western Visayas,2023-12-02
CUST-11611,Antipolo,Rizal,Calabarzon,2023-12-24
CUST-11612,Cebu City,Cebu,Central Visayas,2023-01-14
CUST-11613,Malolos,Bulacan,Central Luzon,2023-08-02
CUST-11614,Bacoor,Cavite,Calabarzon,2023-10-10
CUST-11615,General Santos,South Cotabato,SOCCSKSARGEN,2023-03-16
CUST-11616,Pasig,Metro Manila,NCR,2023-07-05
CUST-11617,Bacoor,Cavite,Calabarzon,2023-08-21
CUST-11618,Davao City,Davao del Sur,Davao Region,2023-11-21
CUST-11619,Pasig,Metro Manila,NCR,2023-08-14
CUST-11620,Manila,Metro Manila,NCR,2023-05-10
CUST-11621,Pasig,Metro Manila,NCR,2023-05-19
CUST-11622,Iloilo City,Iloilo,Western Visayas,2023-08-12
CUST-11623,Davao City,Davao del Sur,Davao Region,2023-05-23
CUST-11624,Manila,Metro Manila,NCR,2023-03-27
CUST-11625,Baguio,Benguet,CAR,2023-01-27
CUST-11626,Angeles,Pampanga,Central Luzon,2023-06-23
CUST-11627,Cebu City,Cebu,Central Visayas,2023-10-10
CUST-11628,Cebu City,Cebu,Central Visayas,2023-11-15
CUST-11629,Zamboanga City,Zamboanga del Sur,Zamboanga Peninsula,2023-11-05
CUST-11630,Caloocan,Metro Manila,NCR,2023-12-29
CUST-11631,Pasig,Metro Manila,NCR,2023-06-12
CUST-11632,Malolos,Bulacan,Central Luzon,2023-10-16
CUST-11633,Bacoor,Cavite,Calabarzon,2023-10-11
CUST-11634,Santa Rosa,Laguna,Calabarzon,2023-04-12
CUST-11635,Quezon City,Metro Manila,NCR,2023-09-07
CUST-11636,Manila,Metro Manila,NCR,2023-03-05
CUST-11637,Cagayan de Oro,Misamis Oriental,Northern Mindanao,2023-11-12
CUST-11638,Quezon City,Metro Manila,NCR,2023-08-30
CUST-11639,Malolos,Bulacan,Central Luzon,2023-12-14
CUST-11640,Iloilo City,Iloilo,Western Visayas,2023-06-20
CUST-11641,Quezon City,Metro Manila,NCR,2023-11-17
CUST-11642,Makati,Metro Manila,NCR,2023-10-06
CUST-11643,Antipolo,Rizal,Calabarzon,2023-04-08
CUST-11644,Lipa,Batangas,Calabarzon,2023-02-14
CUST-11645,Caloocan,Metro Manila,NCR,2023-06-16
CUST-11646,Legazpi,Albay,Bicol,2023-01-14
CUST-11647,Taguig,Metro Manila,NCR,2023-03-31
CUST-11648,Quezon City,Metro Manila,NCR,2023-04-02
CUST-11649,Quezon City,Metro Manila,NCR,2023-01-05
CUST-11650,Caloocan,Metro Manila,NCR,2023-11-30
CUST-11651,Antipolo,Rizal,Calabarzon,2023-10-09
CUST-11652,Cagayan de Oro,Misamis Oriental,Northern Mindanao,2023-07-26
CUST-11653,Quezon City,Metro Manila,NCR,2023-05-21
CUST-11654,Angeles,Pampanga,Central Luzon,2023-01-05
CUST-11655,Malolos,Bulacan,Central Luzon,2023-11-26
CUST-11656,Cebu City,Cebu,Central Visayas,2023-10-10
CUST-11657,Legazpi,Albay,Bicol,2023-09-15
CUST-11658,Quezon City,Metro Manila,NCR,2023-05-02
CUST-11659,Legazpi,Albay,Bicol,2023-01-19
CUST-11660,Caloocan,Metro Manila,NCR,2023-01-24
CUST-11661,Iloilo City,Iloilo,Western Visayas,2023-04-04
CUST-11662,Makati,Metro Manila,NCR,2023-03-25
CUST-11663,Cebu City,Cebu,Central Visayas,2023-08-03
CUST-11664,Baguio,Benguet,CAR,2023-05-24
CUST-11665,Legazpi,Albay,Bicol,2023-10-31
CUST-11666,Manila,Metro Manila,NCR,2023-07-01
CUST-11667,Cebu City,Cebu,Central Visayas,2023-09-17
CUST-11668,Mandaue,Cebu,Central Visayas,2023-01-27
CUST-11669,Lipa,Batangas,Calabarzon,2023-08-20
CUST-11670,Caloocan,Metro Manila,NCR,2023-08-10
CUST-11671,Manila,Metro Manila,NCR,2023-08-07
CUST-11672,Pasig,Metro Manila,NCR,2023-02-07
CUST-11673,Iloilo City,Iloilo,Western Visayas,2023-01-26
CUST-11674,Bacoor,Cavite,Calabarzon,2023-07-28
CUST-11675,Cebu City,Cebu,Central Visayas,2023-01-03
CUST-11676,Mandaue,Cebu,Central Visayas,2023-03-31
CUST-11677,Cebu City,Cebu,Central Visayas,2023-02-27
CUST-11678,Cebu City,Cebu,Central Visayas,2023-02-01
CUST-11679,Baguio,Benguet,CAR,2023-09-02
CUST-11680,Lipa,Batangas,Calabarzon,2023-06-15
CUST-11681,Makati,Metro Manila,NCR,2023-09-19
CUST-11682,Tacloban,Leyte,Eastern Visayas,2023-09-10
CUST-11683,Zamboanga City,Zamboanga del Sur,Zamboanga Peninsula,2023-07-16
CUST-11684,Santa Rosa,Laguna,Calabarzon,2023-12-14
CUST-11685,Cagayan de Oro,Misamis Oriental,Northern Mindanao,2023-10-15
CUST-11686,General Santos,South Cotabato,SOCCSKSARGEN,2023-03-12
CUST-11687,Santa Rosa,Laguna,Calabarzon,2023-11-02
CUST-11688,Cebu City,Cebu,Central Visayas,2023-05-19
CUST-11689,Legazpi,Albay,Bicol,2023-03-28
CUST-11690,Taguig,Metro Manila,NCR,2023-09-27
CUST-11691,Quezon City,Metro Manila,NCR,2023-07-18
CUST-11692,Santa Rosa,Laguna,Calabarzon,2023-02-15
CUST-11693,Bacolod,Negros Occidental,Western Visayas,2023-03-03
CUST-11694,Caloocan,Metro Manila,NCR,2023-01-31
CUST-11695,Iloilo City,Iloilo,Western Visayas,2023-05-17
CUST-11696,Cebu City,Cebu,Central Visayas,2023-02-12
CUST-11697,Cebu City,Cebu,Central Visayas,2023-08-09
CUST-11698,Pasig,Metro Manila,NCR,2023-05-27
CUST-11699,Santa Rosa,Laguna,Calabarzon,2023-05-03
CUST-11700,Makati,Metro Manila,NCR,2023-01-10
CUST-11701,Taguig,Metro Manila,NCR,2023-08-20
CUST-11702,Quezon City,Metro Manila,NCR,2023-02-16
CUST-11703,Manila,Metro Manila,NCR,2023-06-30
CUST-11704,Makati,Metro Manila,NCR,2023-11-24
CUST-11705,Malolos,Bulacan,Central Luzon,2023-05-07
CUST-11706,Bacoor,Cavite,Calabarzon,2023-01-08
CUST-11707,Taguig,Metro Manila,NCR,2023-07-20
CUST-11708,Davao City,Davao del Sur,Davao Region,2023-06-15
CUST-11709,Angeles,Pampanga,Central Luzon,2023-01-28
CUST-11710,Cagayan de Oro,Misamis Oriental,Northern Mindanao,2023-01-31
CUST-11711,Legazpi,Albay,Bicol,2023-08-08
CUST-11712,Quezon City,Metro Manila,NCR,2023-03-30
CUST-11713,Davao City,Davao del Sur,Davao Region,2023-05-16
CUST-11714,Davao City,Davao del Sur,Davao Region,2023-05-10
CUST-11715,Legazpi,Albay,Bicol,2023-04-14
CUST-11716,Angeles,Pampanga,Central Luzon,2023-09-04
CUST-11717,Santa Rosa,Laguna,Calabarzon,2023-09-12
CUST-11718,Santa Rosa,Laguna,Calabarzon,2023-12-23
CUST-11719,Iloilo City,Iloilo,Western Visayas,2023-02-23
CUST-11720,Lipa,Batangas,Calabarzon,2023-09-22
CUST-11721,Manila,Metro Manila,NCR,2023-04-30
CUST-11722,Quezon City,Metro Manila,NCR,2023-04-26
CUST-11723,Manila,Metro Manila,NCR,2023-04-20
CUST-11724,Taguig,Metro Manila,NCR,2023-02-20
CUST-11725,Antipolo,Rizal,Calabarzon,2023-02-19
CUST-11726,Davao City,Davao del Sur,Davao Region,2024-01-01
CUST-11727,Taguig,Metro Manila,NCR,2023-03-01
CUST-11728,Pasig,Metro Manila,NCR,2023-10-18
CUST-11729,Makati,Metro Manila,NCR,2023-05-11
CUST-11730,Angeles,Pampanga,Central Luzon,2023-05-01
CUST-11731,Baguio,Benguet,CAR,2023-12-13
CUST-11732,Angeles,Pampanga,Central Luzon,2023-09-20
CUST-11733,Cagayan de Oro,Misamis Oriental,Northern Mindanao,2023-02-03
CUST-11734,General Santos,South Cotabato,SOCCSKSARGEN,2023-11-11
CUST-11735,Tacloban,Leyte,Eastern Visayas,2023-10-09
CUST-11736,Bacolod,Negros Occidental,Western Visayas,2023-12-03
CUST-11737,Antipolo,Rizal,Calabarzon,2023-11-02
CUST-11738,Malolos,Bulacan,Central Luzon,2023-05-14
CUST-11739,Caloocan,Metro Manila,NCR,2023-02-28
CUST-11740,Iloilo City,Iloilo,Western Visayas,2023-05-29
CUST-11741,Manila,Metro Manila,NCR,2023-09-20
CUST-11742,Makati,Metro Manila,NCR,2023-02-22
CUST-11743,Quezon City,Metro Manila,NCR,2023-08-20
CUST-11744,Baguio,Benguet,CAR,2023-09-09
CUST-11745,Cebu City,Cebu,Central Visayas,2023-07-01
CUST-11746,Quezon City,Metro Manila,NCR,2023-11-13
CUST-11747,Lipa,Batangas,Calabarzon,2023-08-24
CUST-11748,Antipolo,Rizal,Calabarzon,2023-03-16
CUST-11749,Bacolod,Negros Occidental,Western Visayas,2023-05-24
CUST-11750,Quezon City,Metro Manila,NCR,2023-01-06
CUST-11751,Quezon City,Metro Manila,NCR,2023-03-24
CUST-11752,Baguio,Benguet,CAR,2023-08-23
CUST-11753,Malolos,Bulacan,Central Luzon,2023-03-28
CUST-11754,Tacloban,Leyte,Eastern Visayas,2023-02-20
CUST-11755,Malolos,Bulacan,Central Luzon,2023-05-16
CUST-11756,Cagayan de Oro,Misamis Oriental,Northern Mindanao,2023-03-29
CUST-11757,Pasig,Metro Manila,NCR,2023-07-02
CUST-11758,Antipolo,Rizal,Calabarzon,2023-02-03
CUST-11759,General Santos,South Cotabato,SOCCSKSARGEN,2023-10-07
CUST-11760,Manila,Metro Manila,NCR,2023-07-31
CUST-11761,Bacolod,Negros Occidental,Western Visayas,2023-10-01
CUST-11762,Quezon City,Metro Manila,NCR,2023-11-26
CUST-11763,Santa Rosa,Laguna,Calabarzon,2023-05-22
CUST-11764,Manila,Metro Manila,NCR,2023-11-19
CUST-11765,Malolos,Bulacan,Central Luzon,2023-10-11
CUST-11766,Bacolod,Negros Occidental,Western Visayas,2023-03-29
CUST-11767,Quezon City,Metro Manila,NCR,2023-10-06
CUST-11768,Manila,Metro Manila,NCR,2023-02-20
CUST-11769,Caloocan,Metro Manila,NCR,2023-12-15
CUST-11770,Taguig,Metro Manila,NCR,2023-07-19
CUST-11771,Antipolo,Rizal,Calabarzon,2023-12-08
CUST-11772,Cagayan de Oro,Misamis Oriental,Northern Mindanao,2023-12-11
CUST-11773,Quezon City,Metro Manila,NCR,2023-03-19
CUST-11774,Bacoor,Cavite,Calabarzon,2023-12-08
CUST-11775,Santa Rosa,Laguna,Calabarzon,2023-02-10
CUST-11776,Pasig,Metro Manila,NCR,2023-05-28
CUST-11777,Pasig,Metro Manila,NCR,2023-07-09
CUST-11778,Cebu City,Cebu,Central Visayas,2023-01-31
CUST-11779,Baguio,Benguet,CAR,2023-08-13
CUST-11780,Bacolod,Negros Occidental,Western Visayas,2023-08-09
CUST-11781,Bacoor,Cavite,Calabarzon,2023-08-05
CUST-11782,Malolos,Bulacan,Central Luzon,2023-05-09
CUST-11783,Davao City,Davao del Sur,Davao Region,2023-02-26
CUST-11784,Davao City,Davao del Sur,Davao Region,2023-06-18
CUST-11785,Cagayan de Oro,Misamis Oriental,Northern Mindanao,2023-09-21
CUST-11786,Taguig,Metro Manila,NCR,2023-02-11
CUST-11787,General Santos,South Cotabato,SOCCSKSARGEN,2023-05-28
CUST-11788,Bacolod,Negros Occidental,Western Visayas,2023-03-04
CUST-11789,Bacolod,Negros Occidental,Western Visayas,2023-07-28
CUST-11790,Cebu City,Cebu,Central Visayas,2023-10-21
CUST-11791,General Santos,South Cotabato,SOCCSKSARGEN,2023-01-22
CUST-11792,Bacoor,Cavite,Calabarzon,2023-04-29
CUST-11793,Mandaue,Cebu,Central Visayas,2023-09-11
CUST-11794,Cebu City,Cebu,Central Visayas,2023-02-26
CUST-11795,Mandaue,Cebu,Central Visayas,2023-12-29
CUST-11796,Iloilo City,Iloilo,Western Visayas,2023-01-27
CUST-11797,Makati,Metro Manila,NCR,2023-06-04
CUST-11798,Caloocan,Metro Manila,NCR,2023-05-31
CUST-11799,Antipolo,Rizal,Calabarzon,2023-12-28
CUST-11800,Mandaue,Cebu,Central Visayas,2023-10-29
CUST-11801,Cebu City,Cebu,Central Visayas,2023-04-13
CUST-11802,Tacloban,Leyte,Eastern Visayas,2023-06-12
CUST-11803,Bacolod,Negros Occidental,Western Visayas,2023-11-16
CUST-11804,Malolos,Bulacan,Central Luzon,2023-05-03
CUST-11805,Manila,Metro Manila,NCR,2023-04-04
CUST-11806,Legazpi,Albay,Bicol,2023-09-24
CUST-11807,Davao City,Davao del Sur,Davao Region,2023-04-25
CUST-11808,Legazpi,Albay,Bicol,2023-01-11
CUST-11809,Davao City,Davao del Sur,Davao Region,2023-07-09
CUST-11810,General Santos,South Cotabato,SOCCSKSARGEN,2023-10-10
CUST-11811,Antipolo,Rizal,Calabarzon,2023-01-15
CUST-11812,Cebu City,Cebu,Central Visayas,2023-02-03
CUST-11813,Angeles,Pampanga,Central Luzon,2023-07-19
CUST-11814,Santa Rosa,Laguna,Calabarzon,2023-07-30
CUST-11815,Taguig,Metro Manila,NCR,2023-03-03
CUST-11816,Taguig,Metro Manila,NCR,2024-01-01
CUST-11817,Makati,Metro Manila,NCR,2023-09-10
CUST-11818,Legazpi,Albay,Bicol,2023-06-17
CUST-11819,Manila,Metro Manila,NCR,2023-05-08
CUST-11820,Bacoor,Cavite,Calabarzon,2023-05-17
CUST-11821,Lipa,Batangas,Calabarzon,2023-08-19
CUST-11822,Bacoor,Cavite,Calabarzon,2023-02-18
CUST-11823,Davao City,Davao del Sur,Davao Region,2023-05-09
CUST-11824,Bacoor,Cavite,Calabarzon,2023-06-18
CUST-11825,Quezon City,Metro Manila,NCR,2023-01-24
CUST-11826,General Santos,South Cotabato,SOCCSKSARGEN,2023-11-28
CUST-11827,Tacloban,Leyte,Eastern Visayas,2023-04-17
CUST-11828,Cebu City,Cebu,Central Visayas,2023-01-28
CUST-11829,Iloilo City,Iloilo,Western Visayas,2023-05-05
CUST-11830,Manila,Metro Manila,NCR,2023-06-09
CUST-11831,Iloilo City,Iloilo,Western Visayas,2023-08-21
CUST-11832,Makati,Metro Manila,NCR,2023-09-24
CUST-11833,Lipa,Batangas,Calabarzon,2023-06-16
CUST-11834,Manila,Metro Manila,NCR,2023-02-07
CUST-11835,Iloilo City,Iloilo,Western Visayas,2023-07-17
CUST-11836,Taguig,Metro Manila,NCR,2023-11-18
CUST-11837,Taguig,Metro Manila,NCR,2023-07-09
CUST-11838,Manila,Metro Manila,NCR,2023-11-27
CUST-11839,Cebu City,Cebu,Central Visayas,2023-01-25
CUST-11840,Pasig,Metro Manila,NCR,2023-06-20
CUST-11841,Lipa,Batangas,Calabarzon,2023-10-15
CUST-11842,Caloocan,Metro Manila,NCR,2023-05-18
CUST-11843,Iloilo City,Iloilo,Western Visayas,2023-06-19
CUST-11844,Taguig,Metro Manila,NCR,2023-06-29
CUST-11845,Cagayan de Oro,Misamis Oriental,Northern Mindanao,2023-05-30
CUST-11846,Pasig,Metro Manila,NCR,2023-01-27
CUST-11847,Quezon City,Metro Manila,NCR,2023-02-23
CUST-11848,Taguig,Metro Manila,NCR,2023-09-28
CUST-11849,Quezon City,Metro Manila,NCR,2023-10-06
CUST-11850,Santa Rosa,Laguna,Calabarzon,2023-01-05
CUST-11851,Taguig,Metro Manila,NCR,2023-05-11
CUST-11852,Davao City,Davao del Sur,Davao Region,2023-12-25
CUST-11853,Lipa,Batangas,Calabarzon,2023-06-22
CUST-11854,Taguig,Metro Manila,NCR,2023-11-19
CUST-11855,Bacoor,Cavite,Calabarzon,2023-12-22
CUST-11856,Makati,Metro Manila,NCR,2023-10-26
CUST-11857,Makati,Metro Manila,NCR,2023-10-01
CUST-11858,Pasig,Metro Manila,NCR,2023-12-03
CUST-11859,Manila,Metro Manila,NCR,2023-03-03
CUST-11860,Makati,Metro Manila,NCR,2023-07-26
CUST-11861,Cagayan de Oro,Misamis Oriental,Northern Mindanao,2023-06-14
CUST-11862,Cebu City,Cebu,Central Visayas,2023-02-20
CUST-11863,Cagayan de Oro,Misamis Oriental,Northern Mindanao,2023-03-02
CUST-11864,Taguig,Metro Manila,NCR,2023-03-08
CUST-11865,Davao City,Davao del Sur,Davao Region,2023-10-22
CUST-11866,Antipolo,Rizal,Calabarzon,2023-04-05
CUST-11867,Manila,Metro Manila,NCR,2023-01-03
CUST-11868,Bacolod,Negros Occidental,Western Visayas,2023-12-30
CUST-11869,Quezon City,Metro Manila,NCR,2023-02-19
CUST-11870,Bacoor,Cavite,Calabarzon,2023-02-20
CUST-11871,Bacolod,Negros Occidental,Western Visayas,2023-02-28
CUST-11872,Baguio,Benguet,CAR,2023-08-10
CUST-11873,Lipa,Batangas,Calabarzon,2023-10-21
CUST-11874,Caloocan,Metro Manila,NCR,2023-04-09
CUST-11875,Quezon City,Metro Manila,NCR,2023-05-19
CUST-11876,General Santos,South Cotabato,SOCCSKSARGEN,2023-04-11
CUST-11877,Manila,Metro Manila,NCR,2023-09-30
CUST-11878,Taguig,Metro Manila,NCR,2023-10-29
CUST-11879,Taguig,Metro Manila,NCR,2023-02-06
CUST-11880,Davao City,Davao del Sur,Davao Region,2023-06-27
CUST-11881,Iloilo City,Iloilo,Western Visayas,2023-02-25
CUST-11882,Santa Rosa,Laguna,Calabarzon,2023-01-28
CUST-11883,Zamboanga City,Zamboanga del Sur,Zamboanga Peninsula,2023-07-18
CUST-11884,Quezon City,Metro Manila,NCR,2023-09-27
CUST-11885,Davao City,Davao del Sur,Davao Region,2023-02-09
CUST-11886,Quezon City,Metro Manila,NCR,2023-04-16
CUST-11887,Antipolo,Rizal,Calabarzon,2023-05-03
CUST-11888,Quezon City,Metro Manila,NCR,2023-01-17
CUST-11889,General Santos,South Cotabato,SOCCSKSARGEN,2023-10-04
CUST-11890,Davao City,Davao del Sur,Davao Region,2023-08-23
CUST-11891,Malolos,Bulacan,Central Luzon,2023-12-18
CUST-11892,Makati,Metro Manila,NCR,2023-08-13
CUST-11893,Pasig,Metro Manila,NCR,2023-07-23
CUST-11894,Bacoor,Cavite,Calabarzon,2023-07-20
CUST-11895,Caloocan,Metro Manila,NCR,2023-11-07
CUST-11896,Quezon City,Metro Manila,NCR,2023-03-12
CUST-11897,Cebu City,Cebu,Central Visayas,2023-07-07
CUST-11898,Baguio,Benguet,CAR,2023-07-25
CUST-11899,Davao City,Davao del Sur,Davao Region,2023-02-20
CUST-11900,Santa Rosa,Laguna,Calabarzon,2023-07-08
CUST-11901,Caloocan,Metro Manila,NCR,2023-02-10
CUST-11902,Lipa,Batangas,Calabarzon,2023-10-12
CUST-11903,Makati,Metro Manila,NCR,2023-02-25
CUST-11904,Baguio,Benguet,CAR,2023-01-06
CUST-11905,Iloilo City,Iloilo,Western Visayas,2023-04-03
CUST-11906,Manila,Metro Manila,NCR,2023-02-10
CUST-11907,Pasig,Metro Manila,NCR,2023-04-06
CUST-11908,Davao City,Davao del Sur,Davao Region,2023-05-27
CUST-11909,Lipa,Batangas,Calabarzon,2023-03-29
CUST-11910,Angeles,Pampanga,Central Luzon,2023-01-16
CUST-11911,Cebu City,Cebu,Central Visayas,2023-05-26
CUST-11912,Malolos,Bulacan,Central Luzon,2023-04-26
CUST-11913,Quezon City,Metro Manila,NCR,2023-12-04
CUST-11914,Bacolod,Negros Occidental,Western Visayas,2023-01-16
CUST-11915,Cagayan de Oro,Misamis Oriental,Northern Mindanao,2023-03-24
CUST-11916,Quezon City,Metro Manila,NCR,2023-11-04
CUST-11917,Manila,Metro Manila,NCR,2023-09-18
CUST-11918,Cebu City,Cebu,Central Visayas,2023-10-11
CUST-11919,Malolos,Bulacan,Central Luzon,2023-09-07
CUST-11920,Antipolo,Rizal,Calabarzon,2023-02-12
CUST-11921,Angeles,Pampanga,Central Luzon,2023-07-16
CUST-11922,Cebu City,Cebu,Central Visayas,2023-08-01
CUST-11923,Lipa,Batangas,Calabarzon,2023-03-23
CUST-11924,Manila,Metro Manila,NCR,2023-08-19
CUST-11925,Quezon City,Metro Manila,NCR,2023-02-12
CUST-11926,Bacoor,Cavite,Calabarzon,2023-04-01
CUST-11927,Cagayan de Oro,Misamis Oriental,Northern Mindanao,2023-09-30
CUST-11928,Angeles,Pampanga,Central Luzon,2023-05-16
CUST-11929,Antipolo,Rizal,Calabarzon,2023-07-09
CUST-11930,Davao City,Davao del Sur,Davao Region,2023-08-29
CUST-11931,Antipolo,Rizal,Calabarzon,2023-02-05
CUST-11932,Lipa,Batangas,Calabarzon,2023-08-09
CUST-11933,Manila,Metro Manila,NCR,2023-11-20
CUST-11934,Mandaue,Cebu,Central Visayas,2023-08-05
CUST-11935,Cebu City,Cebu,Central Visayas,2023-06-27
CUST-11936,Bacolod,Negros Occidental,Western Visayas,2023-11-16
CUST-11937,Caloocan,Metro Manila,NCR,2023-04-05
CUST-11938,Bacoor,Cavite,Calabarzon,2023-10-10
CUST-11939,Manila,Metro Manila,NCR,2023-11-29
CUST-11940,Zamboanga City,Zamboanga del Sur,Zamboanga Peninsula,2023-06-19
CUST-11941,Quezon City,Metro Manila,NCR,2023-11-04
CUST-11942,Legazpi,Albay,Bicol,2023-03-22
CUST-11943,Cebu City,Cebu,Central Visayas,2023-12-08
CUST-11944,Manila,Metro Manila,NCR,2023-08-02
CUST-11945,Antipolo,Rizal,Calabarzon,2023-12-14
CUST-11946,Quezon City,Metro Manila,NCR,2023-08-15
CUST-11947,Angeles,Pampanga,Central Luzon,2023-01-26
CUST-11948,General Santos,South Cotabato,SOCCSKSARGEN,2023-05-09
CUST-11949,Bacoor,Cavite,Calabarzon,2023-06-20
CUST-11950,General Santos,South Cotabato,SOCCSKSARGEN,2023-11-05
CUST-11951,Manila,Metro Manila,NCR,2023-09-09
CUST-11952,Antipolo,Rizal,Calabarzon,2023-08-16
CUST-11953,Davao City,Davao del Sur,Davao Region,2023-06-04
CUST-11954,Davao City,Davao del Sur,Davao Region,2023-10-18
CUST-11955,Caloocan,Metro Manila,NCR,2023-01-02
CUST-11956,Cebu City,Cebu,Central Visayas,2023-05-09
CUST-11957,Davao City,Davao del Sur,Davao Region,2023-09-10
CUST-11958,Iloilo City,Iloilo,Western Visayas,2023-11-21
CUST-11959,Baguio,Benguet,CAR,2023-05-29
CUST-11960,Manila,Metro Manila,NCR,2023-07-22
CUST-11961,Quezon City,Metro Manila,NCR,2023-05-01
CUST-11962,Baguio,Benguet,CAR,2023-05-29
CUST-11963,Lipa,Batangas,Calabarzon,2023-05-13
CUST-11964,Taguig,Metro Manila,NCR,2023-03-03
CUST-11965,Pasig,Metro Manila,NCR,2023-06-24
CUST-11966,Antipolo,Rizal,Calabarzon,2023-04-12
CUST-11967,Lipa,Batangas,Calabarzon,2023-08-23
CUST-11968,Antipolo,Rizal,Calabarzon,2023-01-22
CUST-11969,Antipolo,Rizal,Calabarzon,2023-08-06
CUST-11970,Manila,Metro Manila,NCR,2023-04-28
CUST-11971,Davao City,Davao del Sur,Davao Region,2023-01-02
CUST-11972,Baguio,Benguet,CAR,2023-08-27
CUST-11973,Manila,Metro Manila,NCR,2023-11-25
CUST-11974,Bacoor,Cavite,Calabarzon,2023-10-09
CUST-11975,Bacoor,Cavite,Calabarzon,2023-10-05
CUST-11976,Malolos,Bulacan,Central Luzon,2023-12-12
CUST-11977,Baguio,Benguet,CAR,2023-06-17
CUST-11978,Legazpi,Albay,Bicol,2023-09-22
CUST-11979,Cebu City,Cebu,Central Visayas,2023-11-27
CUST-11980,Quezon City,Metro Manila,NCR,2023-11-13
CUST-11981,Pasig,Metro Manila,NCR,2023-09-24
CUST-11982,Quezon City,Metro Manila,NCR,2023-08-20
CUST-11983,Santa Rosa,Laguna,Calabarzon,2023-01-11
CUST-11984,Bacoor,Cavite,Calabarzon,2023-04-20
CUST-11985,Mandaue,Cebu,Central Visayas,2023-04-16
CUST-11986,Manila,Metro Manila,NCR,2023-04-24
CUST-11987,Legazpi,Albay,Bicol,2023-03-14
CUST-11988,Pasig,Metro Manila,NCR,2023-09-07
CUST-11989,Antipolo,Rizal,Calabarzon,2023-11-26
CUST-11990,Cebu City,Cebu,Central Visayas,2023-06-30
CUST-11991,Quezon City,Metro Manila,NCR,2024-01-01
CUST-11992,Caloocan,Metro Manila,NCR,2023-10-14
CUST-11993,Antipolo,Rizal,Calabarzon,2023-04-02
CUST-11994,Cebu City,Cebu,Central Visayas,2023-07-02
CUST-11995,Makati,Metro Manila,NCR,2023-04-24
CUST-11996,Cagayan de Oro,Misamis Oriental,Northern Mindanao,2023-06-29
CUST-11997,General Santos,South Cotabato,SOCCSKSARGEN,2023-06-17
CUST-11998,Bacolod,Negros Occidental,Western Visayas,2023-09-14
CUST-11999,Pasig,Metro Manila,NCR,2023-10-14
CUST-12000,Cebu City,Cebu,Central Visayas,2023-09-29
